"26846721","如何在爱中修行","","[美] 芭芭拉•安吉丽思","任永欣","北京日报出版社","2016-10-1","49.80元","8.8"
"1223845","男人来自火星 女人来自金星","","[美] 约翰·格雷","于海生","吉林文史出版社","2005-3","28.00元","7.6"
"25833051","幸福的婚姻","男人与女人的长期相处之道","[美] 约翰·戈特曼、[美] 娜恩·西尔弗","刘小敏","浙江人民出版社","2014-2","49.90元","8.6"
"4846032","性别战争","万物爱经","[美] 奥利维雅·贾德森","杜然","山西人民出版社","2010-9","26.80元","8.0"
"26146992","我们为什么会分手？","","毛路、赵珈禾","","北京联合出版公司","2014-11-1","32.00","7.4"
"6507262","如何让你爱的人爱上你","","[美] 莉尔·朗兹","毛燕鸿","新世界出版社","2011-6","38.50元","7.5"
"26183848","完美关系的秘密","如何得到你想要的爱人与爱情","杨冰阳","","中信出版社","2014-11-1","42.00元","7.3"
"1310112","诫律","全球最经典恋爱圣经","艾伦・费恩、雪莉・施赖伯、陈茗芬","陈茗芬","辽宁教育出版社","2005-5-1","18.00元","8.3"
"4114636","性学观止（上下册）","","(美)贺兰特•A•凯查杜里安","胡颖翀","世界图书出版公司","2009-12","88.00元","8.3"
"5976521","女醫師教你真正愉悅的性愛","","宋美玄","蘇昭儀","究竟","2011-2-24","NT$250","8.1"
"3133917","男人不屌女人不High","男人滿足女人的方法","增田豐","陳志光","新雨","2008-04-10","NT$240","8.8"
"26806864","明明白白我的性","","明白学堂","","北京科学技术出版社","2016-9-15","68.00","8.4"
"1069138","中国古代房内考","中国古代的性与社会","[荷] 高罗佩","李零、郭晓惠 等","上海人民出版社","1990-11","18.00元（平） 28.00元（精）","8.4"
"6795816","極致挑逗：雙人共撫全圖解120招","","亞當·德永 著、岡村透子 繪","葉韋利","究竟出版社股份有限公司","2011-8-31","NTD250元","8.3"
"1344535","搞定男人","男同志給女人的性愛指導","丹·安德森、瑪姬·柏曼","但唐謨","大辣出版股份有限公司","2017-7","NT$280","8.4"
"26852140","冷眼观爱2：一切情感问题的答案","一切情感问题的答案","冷爱","","人民邮电出版社","2016-9-1","39.80","7.7"
"3078944","“坏”女人有人爱","","谢里·阿尔戈 (Sherry Argov)","","中信出版社","2008-4","24.00元","8.1"
"25809012","爱的博弈","建立信任、避免背叛与不忠","约翰·戈特曼 (John Gottman)、娜恩·西尔弗 (Nan Silver)","穆君、伏维","浙江人民出版社","2014-1-1","49.90","8.1"
"5300082","亲爱的，我们别吵了","","[美] 苏珊•约翰逊","江舒","万卷出版公司","2010-9","39.80元","7.7"
"25839107","魔鬼约会学","","魔鬼咨询师","","同心出版社","2014-4-1","CNY 32.00","7.4"
"3276681","他其实没那么喜欢你","","（美）格莱哥·贝伦特、（美）丽兹·塔西露","杨玉功","高等教育出版社","2008-11","15.00元","7.7"
"20472534","迎男而上","泡男人才是正经事","燕公子、薛好大","","中国民族摄影艺术出版社","2013-1-15","32.00元","6.7"
"3875750","完美伴侣","缓慢性爱","德永 (Adam)","宋好","重庆出版集团，重庆出版社","2009-7-1","26.00元","7.8"
"5939058","别拿男人不当动物","","杨冰阳","","时代文艺出版社","2011-2","33.00元","7.5"
"26735206","亲密伴侣","爱和婚姻的模式","[美] 麦琪•斯卡夫","谢春波","北京联合出版公司","2016-3-1","45.00","9.3"
"2082044","金赛性学报告","男人篇&女人篇","(美)阿尔弗雷德·C.金赛","潘绥铭","海南出版社 三环出版社","2007-5","49.80元","8.1"
"5361568","获得幸福婚姻的7法则","","[美] 约翰·戈特曼、纳恩·西尔弗","刘小敏","万卷出版公司","2010-11","36.00元","8.4"
"21764541","爱的五种能力","爱情与婚姻中的情商课","赵永久","","中国华侨出版社","2013-4","29.80元","8.7"
"5356341","男人来自火星，女人来自金星2","恋爱篇","[美] 约翰·格雷","白莲","吉林文史出版社","2010-11","29.80元","8.0"
"3348764","新性愛聖經","The New Joy of Sex","'[美] 约翰·格雷'","'白莲'","'吉林文史出版社'","'2010-11'","'29.80元'","8.9"
"22233895","用男人的思维跟男人谈恋爱","百战百胜","乖爷到","","中国华侨出版社","2013-4","32.80元","7.2"
"1064298","海蒂性学报告：男人篇","","[美] 雪儿·海蒂","林瑞庭、谭智华","海南出版社","2002-9","56.00元","7.6"
"26614208","恋爱口语","我们到底要跟男人聊什么？","燕公子","","北京联合出版公司","2015-10","39.80","6.6"
"11442509","读懂恋人心","如何在未知中相爱，在懂得后相守","〔美〕阿米尔•莱文　雷切尔•S.F.海勒","刘　静","广东人民出版社","2012-8","32.00元","8.4"
"5028585","关系之镜：两性的真爱","","[印度] 克里希那穆提","常霜林","九州出版社","2010-7","20.00元","8.5"
"1463494","Why Men Love Bitches","From Doormat to Dreamgirl - A Woman's Guide to Holding Her Own in a Relationship","Sherry Argov","","Adams Media","2002-10","120.00元","7.8"
"3742938","銀座紅牌馭男術","男人都愛小魔女","蝴蝶","蕭雲菁","三采文化出版事業有限公司","2009-5-20","NT$280","7.8"
"1046665","海蒂性学报告：情爱篇","","[美] 雪儿·海蒂","李金梅","海南出版社","2002-9","38.00元","7.5"
"6869079","但愿婚前我知道","12件预备婚姻的大事","[美] 盖瑞·查普曼","孙为鲲","江西人民出版社","2011-9","22.00元","8.1"
"26713431","你不必讨全世界的欢心","且做一个久处不厌的女人","菠菜","","中国友谊出版公司","2016-1","¥ 35.00","8.1"
"26628226","达尔文告诉你，为什么男人不坏女人不爱","","(比) 马克·内利森","孙远","江苏文艺出版社","2015-11-1","29.9","7.4"
"4882155","关于爱与性的一切，你全错了","","[美] 佩珀·舒瓦茨","唐小达","上海人民出版社","2010年10月","28.00元","7.0"
"1343063","搞定女人","女同志給男人的性愛指導","潔美·高達(Jamie Goddard)、寇特·布倫加(Kurt Brungardt)","李建興","大辣","2003-11-01","280.00","7.9"
"25764531","性别是条毛毛虫","","（美）凯特·伯恩斯坦","廖爱晚","新星出版社","2013-11","28.00元","7.4"
"4188027","活在爱中的秘诀","亲密关系三堂课","黄维仁","","中国轻工业出版社","2010-1","29.00元","8.5"
"26760391","冷眼观爱","七天找到女朋友","冷爱","","人民邮电出版社","2016-3-31","39.80","7.6"
"3796490","男性多重高潮","","'冷爱'","''","'人民邮电出版社'","'2016-3-31'","'39.80'","7.8"
"4767452","爱自己，和谁结婚都一样","让自己治愈自己的温暖系情爱婚恋手册","德〕爱娃－玛丽亚·楚尔霍斯特","许洁","重庆出版社","2010年6月","28.00元","7.5"
"5401757","恋爱戒律","","郑洁心","","朝华出版社","2011-1-1","26.80元","7.6"
"3771081","为什么男人爱说谎 女人爱哭","","[澳] 亚伦·皮斯、芭芭拉•皮斯","罗玲妃、陈丽娟","中国城市出版社","2009-6","28.80","7.6"
"11534096","極致愛撫 2","取悅女性器的250種方法","'[澳] 亚伦·皮斯、芭芭拉•皮斯'","'罗玲妃、陈丽娟'","'中国城市出版社'","'2009-6'","'28.80'","7.7"
"2339932","男人需要尊重 女人需要爱","","爱默生.艾格里奇","朱伶俐","吉林文史出版社","2008-1","27.00元","8.3"
"6041690","婚姻是女人一辈子的事","","陆琪","","北方妇女儿童出版社","2011-4","26.80元","7.6"
"6999545","男人的伎俩 女人的道行","","赵永久","","时代文艺出版社","2011-11-29","29.80元","8.1"
"4262114","女人这东西","","渡边淳一","陆求实","作家出版社","2010-1","25.00元","6.8"
"3724987","如何謀殺妳的丈夫","","Kathy Lette","楊孟華、林姿欣","核心文化事業有限公司","2009-4-28","NT$280","8.0"
"4710736","如何讓她欲仙欲死","","露·佩姬特、Lou Paget","許逸維","晨星出版有限公司","2010-3-8","NT$290","7.9"
"25917736","情种起源","","海伦·费舍尔","小庄","湖南科学技术出版社","2014-8-10","36.00","7.4"
"4047782","同志性愛聖經","","'海伦·费舍尔'","'小庄'","'湖南科学技术出版社'","'2014-8-10'","'36.00'","7.5"
"21249031","灵性亲密关系","","李安妮","","华夏出版社","2013-1-1","39.00元","8.7"
"3022364","印度愛經","性愛經典中的經典","筏蹉衍那","江俊亮","大辣出版股份有限公司","2007年11月01日","799元","7.9"
"1006920","性爱与婚姻","","（英）罗素","文良文化","中央编译出版社","2005-02","25.60","8.3"
"6745580","女醫檢師現身說法教妳高潮一直來一直來！","","李雨薇","","文经社","2011-7-26","NT$250","5.8"
"5313541","渡边淳一两性关系读本系列（4册）","","(日)渡边淳一","","作家出版社","2010-1","98.00元","7.9"
"4931702","女人不狠,地位不稳","一个男人写给女人的心里话","曾子航","","中信出版社","2010-8","25.00元","6.7"
"4221596","素女經秘戲圖本","","臥龍村人 編著","","新潮社","2007-8","NT$450","7.6"
"25729298","你是在恋爱，还是在发神经","","丛扬洋","","武汉大学出版社","2013-9-29","36.00元","7.2"
"26324128","爱的十万个为什么：爱情的测试题，女人的必修课","","杨冰阳（Ayawawa）","","中国友谊出版公司","2015-2","39.8","7.4"
"3829573","像女人一样行动 像男人一样思考","","史蒂夫·哈维","严冬冬","吉林文史","2009-7","25.00元","7.3"
"21722944","为什么有些人永不受伤","","夏东豪","","江苏文艺出版社","2013-3","32.00元","7.3"
"2226350","甩啦，甩啦，甩了他","男人说给女人听","[美] 葛瑞哥·贝伦特、阿蜜拉·茹欧托拉·贝伦特","葛江","吉林文史出版社","2007-9","20.00元","7.0"
"1444770","男人约会往北，女人约会往南","男人来自火星 女人来自金星 系列","约翰·格雷","白莲","吉林文史出版社","2005-9","28.00元","7.7"
"26285423","亲密关系的秘密","","'约翰·格雷'","'白莲'","'吉林文史出版社'","'2005-9'","'28.00元'","8.1"
"1837520","婚姻的烦恼","","李子勋","","中国广播电视出版社","2006-6","28.00元","8.2"
"25805027","性学三论与爱情心理学","","[奥]西格蒙德·弗洛伊德","李伟霞","武汉出版社","2013-12-1","29.80元","7.8"
"25762319","强迫的爱","","[美]苏珊·福沃德 克雷格•巴克","海绵","中国华侨出版社","2013-11-30","36.8元","9.0"
"11511943","銀座媽媽桑教的，男人就是吃這套!","","田辺まりこ","高詹燦、黃正由","三悅文化圖書事業有限公司","2012-1-10","NT$250","7.5"
"25962893","婚外","另类女人的历史","伊丽莎白·阿伯特 (Elizabeth Abbott)","胡晓阳、吴瑞红","中央编译出版社","2014-6","68.00","7.7"
"1999516","如何訓練你的男朋友","男人有「五衰」
我們把「衰」系統化,讓「衰」能夠清楚歸類,
也就容易","鈡伟民","","皇冠叢書","2002年","港幣$48","9.0"
"25997311","女人的心理,男人的思维","只赢不输的社交心理学","绛妖精","","中国友谊出版公司","2014-10-1","CNY 39.80","7.4"
"10607680","亲密关系的重建","","大卫·里秋","廖婉如","上海文化出版社","2012-6","32.80元","8.3"
"20412043","格雷的五十道陰影II：束縛","","E L詹姆絲","朱立雅","春光","2012-11-15","NTD380","5.6"
"5994618","女人的危险书","","[美] 安妮·米尔福德、詹妮弗·高文","珂昕","南方出版社","2011-5","28.00元","6.6"
"7152900","男性统治","","[法]皮埃尔•布尔迪厄（Pierre Bourdieu）","刘晖","中国人民大学出版社","2011-12","25.00元","7.5"
"4032621","恋爱厚黑学","","杨冰阳（Ayawawa）","","新世界出版社","2009-9","29.80元","6.7"
"3074772","坏女人有人娶","","（美）阿尔戈","吴敏","中信出版社","2008-4-1","22.00元","7.9"
"25876499","女人的性爱动机","","【美】辛迪•梅斯顿、【美】戴维•巴斯","海兰","中信出版社","2014-5","32.00元","7.2"
"10794605","超级恋爱催眠术","男心を意のままに操る瞬殺心理","林贞年","张文青","世界图书出版公司","2012-6-1","29.00元","7.8"
"10530039","爱情就是一物降一物","金庸教你谈恋爱","李一帆","","江苏文艺","2012-3","32.00元","7.8"
"1004538","调情的艺术","人类交际的终生艺术","[德] 布里吉特·布森克普夫","毛小红","海南出版社","2002-11","25.00元","6.9"
"26757320","恋爱心法","","杨冰阳Ayawawa","","湖南文艺出版社","2016-4","39.80","7.0"
"24699051","快食慢爱","《男女内参》姊妹篇","酱子","","团结出版社","2013-5-21","32.00元","6.8"
"4079599","为什么男人不听 女人不看地图","","[澳]亚伦·皮斯、[澳]芭芭拉·皮斯","罗玲妃、陈丽娟","中国城市出版社","2009-10","28.80元","7.6"
"3604670","欲情课","","渡边淳一","陆求实","作家出版社","2009-3","20.00元","6.7"
"25693207","婚姻心理学:婚姻是最好的修行","","卡伦•霍妮","徐淑贞","中国华侨出版社","2013-8-1","32","8.1"
"25816218","加藤鷹「絕對讓她高潮」的18性愛體位","","加藤鷹","宇都宮兄","野人文化股份有限公司","2014-3-26","NT$280","7.3"
"26351080","识男手册","","芒来小姐","","九州出版社","2015-4","35.00元","7.5"
"10741920","再见苏丝黄","妖精们的进化论","苏丝黄","","浙江大学出版社","2012-6-10","32.00元","7.0"
"4256998","爱情心理学","","莎伦·布雷姆(Sharon S.Brehm)","郭辉","人民邮电出版社","2010-1-1","38.00元","7.5"
"26948681","我还没有男朋友","社交时代恋爱秘籍","猎手","","人民邮电出版社","2017-1","42","6.1"
"25812830","性","你知道的你不知道的那些你应该知道的事","[美]凯莉·威尔奇","富晓星、史晴、左欣","中国人民大学出版社","2014-1-1","78.00","7.6"
"5916004","欲望的演化","","David M.Buss","谭黎、王叶","中国人民大学出版社","2011-1-1","59.00元","8.5"
"26847169","我为什么不结婚","","方洛洛","","中国华侨出版社","2016-7-1","36.80","7.6"
"11511934","逆轉愛！日本首席復合諮詢師教你嬴回前男友！","","淺海","楊詠婷、蔡姿淳、許金玉","英屬維京群島商高寶國際","2011-9-16","NT$260","7.5"
"6019675","娱悦女性的舌技入门","男性的第二武器","增田丰","石利夫","大展出版社有限公司","1991-12-4","130台币","7.7"
"1223823","一生的性计划","","斯迪芬・C・乔治、温斯顿・K・肯尼、张明玲","张明玲","三环出版社,海南出版社","2005-1-1","39.00元","7.3"
"5341466","你该知道的真爱秘密","","芭芭拉•安吉丽思(Barbara De Angelis)","钱基莲","华文出版社","2010-11","28.00元","7.6"
"1683963","为婚姻立界线","","(美)亨利·克劳德","董文芳","四川大学出版社","2006-1","29.00元","8.6"
"20496324","滚床单心理学","揭开隐藏在床单下的性福秘密","肖雪萍","","青岛出版社","2013-1","32.00元","5.9"
"1444900","爱的五种语言","创造完美的两性沟通","盖瑞·查普曼","王云良","中国轻工业出版社","2006-1","20.00元","8.7"
"5290332","换个姿势爱","","艾温妮·托马斯","杨俊峰","南方出版社","2010年10月1日","25.00元","7.1"
"2275167","他需她要","","威廉·哈里","刘莉","江西人民出版社","2007-10","29.00元","8.3"
"2173410","两性生活史","","[英]史蒂芬·贝利","余世燕","中国友谊出版公司","2007-5","68.00","7.4"
"25821459","重建信任:爱情与背叛的心理学","","阿莫迪欧","夏天、冯迦宁","中国轻工业出版社","2014-1","28.00","8.4"
"3198885","Lesbian Sex","101 Lovemaking Positions","Jude Schell","","Celestial Arts","2008-8-1","GBP 16.50","7.4"
"1500327","男人其实很忧郁","","泰瑞斯·瑞尔","黄汉耀","四川大学出版社","2005-10","29.00元","8.6"
"6521415","性生活常识必读全书","","'泰瑞斯·瑞尔'","'黄汉耀'","'四川大学出版社'","'2005-10'","'29.00元'","7.2"
"4846015","性福圣经","THE BIG BOOK OF RELATIONSHIPS所有男人都想要的成年礼物","《男士健康》编辑部","","中信出版社","2010.7","39.00元","7.0"
"3005081","男女亲密对话","两性互动必修课","德博拉·坦嫩","吴幸宜","南方出版社","2008-3","26.00元","7.8"
"6009051","爱上双人舞","如何拥有和谐的恋爱、婚姻生活","李中莹","","世界图书出版公司","2011-1","29.00元","8.2"
"10532574","爱自己和谁结婚都幸福","让自己温暖自己的情爱婚恋手册","[德] 爱娃-玛丽亚·楚尔霍斯特、[德] 沃尔夫拉姆·楚尔霍斯特","许洁","广东人民出版社","2012-3","29.80元","7.9"
"26661766","李中莹亲密关系全面技巧（升级版）","","李中莹","","北京联合出版公司","2015-10","36","8.2"
"25960972","部落动物","关于男人、女人和两性文化的心理学","罗伊·F.鲍迈斯特 (Roy F.Baumeister)","","机械工业出版社","2014-7-1","CNY 39.80","7.7"
"5248385","男人是狗","聪明女人都懂的事儿","老狗大钧","","云南人民出版社","2010-9","25.00元","6.8"
"6809106","女人想结婚 男人想私奔","一切不以结婚为目的的恋爱都是耍流氓","杨冰阳 Ayawawa","","新星出版社","2011-8-31","26.00元","7.2"
"5366043","写给没有男朋友的你","幸福也可以学习","【日】岩月谦司","汪培伦","中国长安出版社","2010-11","28.00元","7.4"
"10593882","其实他没那么喜欢你","","格雷格•贝伦特、莉兹•塔西璐","","广西科学技术出版社","2012-5-1","28.00元","6.9"
"3734619","你不可不做的爱爱101式","","王聪霖","","八方出版股份有限公司","2008","新台币280元","6.3"
"26307531","男人真相","","薛好大","","湖南文艺出版社","2015-2-1","32.80元","5.9"
"1892409","口愛","Joy of Oral Sex","許佑生 著、蔡虫 繪圖","","大辣出版","2006-09-07","TWD 450","8.2"
"5352814","男人来自火星，女人来自金星3","性爱篇","[美] 约翰·格雷","刘增莉","吉林文史出版社","2010-11","25.00元","7.0"
"3299179","手愛: 獻給親密愛人的性愛按摩圖解指南","","'[美] 约翰·格雷'","'刘增莉'","'吉林文史出版社'","'2010-11'","'25.00元'","7.7"
"4174054","当男人说想你的时候","","陈彤","","文化艺术出版社","2009-12","28.00元","7.1"
"6533152","男人那点心思，女人那点心计","","苏芩","","湖南文艺出版社","2011-7","28.00元","6.7"
"6114192","人类性反应","","[美] W.马斯特斯、[美] V.约翰逊","马晓年、贾孟春、王介东、于和鸣","知识出版社","1989-5","3.90","8.3"
"2156316","花營錦陣","","大辣編輯部","","大辣出版股份有限公司","2007-7","300元新台币","7.7"
"10443197","女醫師教你高潮迭起的性愛","","宋美玄","陳系美","究竟","2011-12","$250","7.2"
"4191841","Slow sex for girl","每個女人都應該教會男人緩慢性愛","アダム徳永、亞當‧德永","康絲坦貓","晨星出版有限公司","2009-12-7","NT$280","7.8"
"20435744","发现爱.找回爱-亲密关系的重建","亲密关系的重建","【美】雪莉•葛莱丝博士  【美】珍•科波克•丝黛海利","","王丽、涂娟","2013-1","28.00元","8.6"
"26430576","为什么我们爱得这么累","","[日]加藤谛三","吴倩","新星出版社","2015-8","38.00元","7.9"
"26385621","恋爱课","","陈雪","","广西师范大学出版社","2015-6","35.00元","7.3"
"3133930","女同志性愛聖經","","JUDE SCHELL","","尖端","2006-07-28","1200元","7.2"
"25799422","抑郁的爱","","[美]苏珊·福沃德 琼·托雷斯","海绵","中国华侨出版社","2013-11-1","36.8","9.0"
"22166520","格雷的五十道陰影 III: 自由","","E．L．詹姆絲、E．L．James","","朱立雅","春光出版","NT$380","5.5"
"1074478","二人行","","[法] 吕西·依利加雷","朱晓洁","生活·读书·新知三联书店","2003-12","14.60元","7.7"
"20501314","爱情很残酷，你要学点擒拿术","","柏燕谊","","海峡出版发行集团","2013-1","32.00元","7.7"
"2122953","我是女王","那些好女孩不懂的事","女王","","圓神出版社有限公司","2007-4-25","NT$240","7.2"
"1450872","性别化的人生","传播、性别与文化","朱丽亚·T.伍德","","暨南大学出版社","2005-10","34.00元","8.2"
"3684965","那些好命女不告诉你的事","女人要好命必懂的29个简单秘方","罗夫曼","","南方日报出版社","2009-4-1","22.00元","7.3"
"10555484","婚前算清楚，婚后过明白","","海伦","","湖南文艺出版社","2012-3","26.00元","8.0"
"10466454","爱要深，心要狠，幸福不能等","","陆琪","","北方妇儿","2012-2","28.00元","7.5"
"6110122","小心!男人就这样骗你","男人中的叛徒教女人认清男人本色","罗刚 兰心","","万榕书业","2011-4","25.00元","7.7"
"25775846","枪与玫瑰的使用方法","","果壳guokr.com","","科学技术文献出版社","2014-1-7","32.8","6.9"
"3112747","好女孩不要看","Satisfaction Guaranteed","麗莎蘇絲曼","","晨星出版社","2008.03.28","290元","7.3"
"6014494","爱，不是你以为的那样","","'麗莎蘇絲曼'","''","'晨星出版社'","'2008.03.28'","'290元'","8.5"
"1033273","海蒂性学报告","","[美] 雪儿·海蒂","林淑贞","海南出版社","2002-9","58.00元","7.8"
"1035517","男人这东西","渡边淳一作品","渡边淳一","炳坤 郑成","文化艺术出版社","2004-02","24.00","7.6"
"1369512","性病態：238 個真實檔案Psychopathia Sexualis","","克拉夫特．艾賓，譯／陳蒼多","","左岸","20050304","NT$ 390","7.6"
"3545531","Act Like a Lady, Think Like a Man","What Men Really Think About Love, Relationships, Intimacy, and Commitment","Steve Harvey","","Amistad","2009-1-27","USD 23.99","7.2"
"10486873","夫妻性生活1000问","夫妻性生活1000问","陈亦洋","","吉林科技","2012-2","35.00元","6.9"
"25914825","生活是最好的修行：世间爱情的修行课","最难治的病是心病，最伟大的医生是佛陀。","喻凡","","中国轻工业出版社","2014-6","32.80元","8.3"
"1233609","我们的性","","[美] 罗伯特·克鲁克斯(Robert Crooks)、[美] 卡拉·鲍尔(Karla Baur)","张拓红","华夏出版社","2003-2","195.00元","8.9"
"26828520","那些让你痛苦的，终有一天你会笑着说出来","","'[美] 罗伯特·克鲁克斯(Robert Crooks)、[美] 卡拉·鲍尔(Karla Baur)'","'张拓红'","'华夏出版社'","'2003-2'","'195.00元'","7.6"
"6313438","把妹達人之誘惑藝術","","謎男","李建興","大辣出版股份有限公司","2011-5","258.00元","7.8"
"4358392","我和幸福有个误会","","杨冰阳(Ayawawa)","","文化艺术出版社","2010-2","26.80元","7.0"
"1427465","两性关系","","李银河","","华东师范大学出版社","2005-8","38.00元","7.1"
"3656946","男人是野生动物，女人是筑巢动物","","曾子航","于彤彤","新星出版社","2009年4月","25.00","6.6"
"10538053","为什么嫁人这么难","终于结婚了，告诉你一些男欢女爱的真实经验","X主管","","武汉出版社","2012-4","29.80元","6.5"
"1265832","两性之间","世界连环画漫画经典大系","洪佩奇","陆永昶","译林出版社","2005-4","6.00元","9.1"
"5243431","愛情的吸引力法則","","Ford, Arielle","祁怡玮","貓頭鷹","2010-8","112.00元","8.0"
"1492114","男人","","迪特里希·施万尼茨","刘海宁、郜世红","重庆出版集团图书发行有限公司（重庆出版社）","2006-1","22.00元","7.4"
"10779411","男女内参","","不加V、木子美","","文汇出版社","2012-6","30.00元","6.7"
"3810835","男人来自火星女人来自金星2","","约翰•格雷 博士","刘增莉","吉林文史出版社","2008年","20.0","7.6"
"4243143","坏女人会约会","","[美] 迈瑞·穆尔","","中信出版社","2010-3","26.00元","7.3"
"26770707","爱人们都消失在餐桌上","","俟尘","浦睿文化出品","湖南文艺出版社","2016-5","46.00元","7.8"
"1732060","爱必须自尊","","詹姆士·杜布森","","中国妇女出版社","2006-1","35.00元","8.5"
"3105407","性愛功夫：從性愛到健康長壽的性愛指南","","謝明德和麗芳夫人、道格拉斯．亞伯姆斯、瑞秋．卡爾登．亞伯姆斯、Douglas Abrams，Rachel Carlton Abrams，M.D","梁文華","晨星","2008年02月12日","NT$ 290","7.6"
"20027665","不寂寞，也不爱情","","许常德","","中国华侨出版社","2012-11","29.80元","7.5"
"6776718","恋爱时不折腾，结婚后不动摇","爱是需要学习一生的能力","曾子航","","中信出版社","2011-9","29.80元","7.3"
"25940398","过日子就像玩闯关游戏","——心理师告诉你的为婚之道","卢悦","","漓江出版社","2014-8","30","7.8"
"24542163","说对爱,表对情,婚姻不灭灯","","埃丝特•佩瑞尔(Esther Perel)","","若水","科学技术文献出版社","2013-6-1","7.4"
"6101339","男人最怕失败女人最怕孤独","","(美)帕特里夏·洛夫","段会香","万卷出版公司","2011-2-1","29.80元","8.0"
"6963869","現實世界的誘惑術(繁體版)","","'(美)帕特里夏·洛夫'","'段会香'","'万卷出版公司'","'2011-2-1'","'29.80元'","8.5"
"1219270","上钩的鱼都很美","","苏珊・弗勒里希、康斯坦茨・克莱斯、赵岩、周新建","赵岩、周新建","中国言实出版社","2004-10","20.00元","6.9"
"24743350","在一起，不结婚：事实婚，爱的新形式","事实婚，爱的新形式","渡边淳一","刘玮","浙江文艺出版社","2013-7","25.00元","6.6"
"4898559","外遇心理学","","'渡边淳一'","'刘玮'","'浙江文艺出版社'","'2013-7'","'25.00元'","7.2"
"26422166","幸福爱：从新手到高手的爱情修习课","","杨冰阳（ayawawa）","","湖南文艺出版社","2015-7","39.80元","6.2"
"24869019","帅哥美女经济学","","[美]伊凡·米斯纳","杨波","世界图书出版公司·后浪出版公司","2013-9","32.00元","7.6"
"26817140","池莉诗集·69","","池莉","浦睿文化","湖南文艺出版社","2016-7","42.00","7.5"
"25921244","中国剩女调查","国内第一部剩女真实生活图景调查实录","罗爱萍、王蜂、江宇","","广东省出版集团,广东人民出版社","2014-7-1","CNY 39.00","7.3"
"4810784","婚姻，决定女人的一生","","[韩] 南仁淑","张虎","江苏人民出版社","2010-04","25.00","7.8"
"2344105","把妹達人之謎男方法","","謎男（Mystery）","李建興","大辣出版股份有限公司","2007","280元","8.1"
"26878036","30岁后，你值得拥有这样的人生","","'謎男（Mystery）'","'李建興'","'大辣出版股份有限公司'","'2007'","'280元'","7.3"
"23779424","女人都不說，男人都不問。","","人二雄","","推守文化","2013-3-6","NT$ 300","7.3"
"1051115","性文化研究报告","","李银河","","江苏人民出版社","2003-08","20.00","7.6"
"26311276","雌雄之变","","朱洗","","新星出版社","2015-3-1","CNY 35.00","7.8"
"3246943","女人必读的男人心理学","","[韩国]李琳、金尹秀","","金哲","2008-9","24.80元","6.5"
"6759564","我的男人，你究竟在想什么？","一本幸福女人必读的“男人书”！","[韩]南仁淑","王慰慰","湖南人民","2011-8","28.00元","7.9"
"25905864","再见，前任先生","如何7步科学合理忘记前任","Marina Pearson","","广西科学技术出版社","2014-4","32.00","6.9"
"4915796","爱的22种底色","爱、欲、亲密心理的小哲学","[英] 约翰·阿姆斯特朗","楼天如","金城出版社","2010年9月","25.00元","7.4"
"6541344","亲爱的,我们可以不吵架","","诺曼·怀特","","蔺秀云 徐守森","2011-6","28.00元","7.7"
"5264780","让每个男人迷上你","","玛丽•弗里奥(Marie Forleo)","王贤平","中信出版社","2010年10月5日","25.00元","6.8"
"1532519","性爱圣经","","立闻达","","海南出版社","2002-8","28.00元","7.0"
"1082397","懒女孩的性指南","","安妮塔·奈克","静川","东方出版社","2003-9-1","15.0","7.6"
"24851602","你不知道他多不爱你","朱碧的爱情小说","朱映晓","","译林出版社","2013-6-1","28.00元","7.5"
"5341097","三十未嫁","","朱诺诺","","新世界出版社","2010-11","26.00元","6.7"
"5974265","婚姻治疗的九个步骤","情绪取向的婚姻治疗","苏珊·约翰逊(Susan M.Johnson)","","华东师范大学出版社","2011-1-1","29.80元","8.0"
"11516876","男性研究","","王政、张颖","","上海三联书店","2012-5","48.00元","7.6"
"20491990","30岁前结婚你就傻了","","'王政、张颖'","''","'上海三联书店'","'2012-5'","'48.00元'","8.1"
"1137101","中国古代性文化","","刘达临","","宁夏人民出版社","2003-12","88.00元","7.8"
"4032999","婚姻男女","","'刘达临'","''","'宁夏人民出版社'","'2003-12'","'88.00元'","7.8"
"1153485","女性心理学","","Claire A.Etaugh、Judith S.Bridges","苏彦捷","北京大学出版社","2003-10-1","39.00元","7.1"
"6785425","小魔女的戀愛王牌","","蝴蝶(Chocho)","NATSUMI","新雨出版社","2011-7","NT$280","7.0"
"1223821","夏娃的种子","重读两性对抗的历史","（美）罗伯特・麦克艾文","王祖哲","上海人民出版社","2005-01","35.00元","8.4"
"1441533","相爱的秘密","如何拥有持久亲密的婚姻和友情","麦道卫、Josh McDowell","许心怡","江西人民出版社","2000","20.0","8.7"
"26706781","一切不合适，都是因为不够爱","","红肚兜儿","","北京时代华文书局","2016-2-1","35.00","7.7"
"2062167","性与生活","走近人类性科学","Spencer A.Rathus","甄宏丽","中国轻工业出版社","2007-5","59.00元","8.9"
"24396731","相爱一辈子","","约翰·格雷","苏元、张文成","重庆出版集团，重庆出版社","2013-5","32.00元","7.4"
"10544068","谁会爱上你，你会爱上谁","了解你的性格，找到你的真爱","【美】海伦.费雪","杨丽","北京联合出版公司","2012-4","27.00元","6.6"
"2986313","性体验与性爱心理","","(俄罗斯)谢尔巴特赫","吴嘉佑、耿丽萍","华文","2008-1","33.80元","7.0"
"6750512","男人来自火星女人来自金星","精华漫画版","约翰·格雷","张蕙仪","中信出版社","2011-8","25.00元","7.7"
"5398882","爱灵魂自我教程","爱之水","庞思奋（Stephen R. Palmquist）","翟鹏霄","广西师范大学出版社","2010-12-1","33.80元","9.0"
"1519398","男人第一课","如何发现、吸引和抓住完美的女人","奎格里","赵希锋","","2003-12","16.00元","7.3"
"3197819","莱温斯基自传","","莱温斯基","","内蒙古文化出版社","1998","35","7.1"
"26702561","凹凸相对论","爱与被爱的对决","傅首尔、吴瑟斯","","北京联合出版公司","2016-3-3","39.00","6.6"
"6000435","女人挖坑男人跳","","柏燕谊","","译林出版社","2011-3","26.00元","7.1"
"4073606","为约会立界线","","亨利·克劳德 , 约翰·汤森德","刘如青","海天出版社","2009-9","30.00元","8.5"
"3988841","帮你看清已婚男人","","晚睡","","武汉出版社","2009-8","26.00元","7.7"
"1248524","恋爱宝典","","(美国)托马斯·迈克奈特","王振玲","西苑出版社","2003-9","15.00元","7.6"
"1223264","性心情","治疗与解放的新性学报告","何春蕤","","九州出版社","2004-02-01","28.00","8.3"
"25721762","其实你还不懂女人","","'何春蕤'","''","'九州出版社'","'2004-02-01'","'28.00'","7.1"
"3051711","男人都该知道的女人秘密","","芭芭拉·安吉丽斯","潘蔚华","北方文艺","2008-1","26.80元","8.3"
"7057991","印度爱经","","筏蹉衍那","理查·波顿","辽宁教育出版社","2011-12","36.00元","5.9"
"6052834","亲密关系","通往灵魂的桥梁","[加] 克里斯多福·孟","余惠玲、张德芬","山西经济出版社","2011-3","28.00元","8.2"
"4067788","银座妈妈桑教你魅力说话术","","（日）榤居樱子","黄立","陕西师范大学出版社","2009年10月","32.00元","6.2"
"20492530","男人需要尊重 女人需要爱-升级版","","爱默生·艾格里奇","","夏乐","2013-2","29.80元","7.3"
"1794803","做愛時的眼神","","山田詠美","郭淑娟","方智","1999-12-28","NT190","8.0"
"3273876","被劫持的私生活","性、婚姻与爱情的历史","肉唐僧","","山西人民出版社","2008年9月","26.00","8.1"
"2082036","李银河自选集","性、爱情、婚姻及其他","李银河","","内蒙古大学出版社","2006-12","39.80元","8.4"
"1085659","有一种病叫爱情","","克雷格・巴克、苏珊・福沃德","程风","辽宁教育出版社","2003-08-01","19.00元","7.5"
"2349607","我是女王2","那些壞男人教我的事","女王","","圓神出版社有限公司","2007-12-4","NT$270","7.1"
"26735516","两个人的孤独：暖心经典手绘本","","素黑","","湖南文艺出版社•博集天卷","2016-1","42.00","8.4"
"1384851","性愛聖經","","'素黑'","''","'湖南文艺出版社•博集天卷'","'2016-1'","'42.00'","7.1"
"24845177","男人的大脑很那个","被男人气到抓狂的女人必看","[美]露安·布哲婷","张宏","广西科学技术出版社","2013-8","32.00","7.2"
"1028853","美国妇女自我保健经典","我们的身体我们自己","美国波士顿妇女健康写作集体","刘正萍","知识出版社","1998-1-1","70.0","7.5"
"26339392","小恶魔教你极致性爱","AV女优才敢讲的性爱挑逗术","穗花","黄薇嫔","三采文化","2011-3-5","NT$280","6.4"
"3622196","自慰","一种巨大恐惧的历史","安娜·凡·内克","巫静","湖南文艺出版社","2009-3","28.00元","6.4"
"4173576","让婚姻赢在起跑点","","'安娜·凡·内克'","'巫静'","'湖南文艺出版社'","'2009-3'","'28.00元'","9.1"
"4088758","性社会学","人类性行为","（美）盖格农","李银河","内蒙古大学出版社","2009-10","36.00元","7.6"
"26413170","第一口苹果的滋味","","易无忧（女王Ccup）","","北京时代华文书局","2015-4-1","36","6.2"
"10802061","好婚姻，靠修行","","智光大师","徐丽红","广西科学技术出版社有限公司","2012-7-1","35.00元","7.9"
"10732777","九天看透男人心","九天看透男人心","'智光大师'","'徐丽红'","'广西科学技术出版社有限公司'","'2012-7-1'","'35.00元'","7.2"
"10786472","为什么我们爱得如此困惑","解开我们越爱越受伤的心理谜团","苏珊•福沃德, 琼•托雷斯","海绵","吉林出版集团有限责任公司","2012-6","29.80元","7.8"
"1971987","千万别娶大脚女人","世界谚语中的女人","[荷]米尼克·斯希珀 Mineke Schipper","张晓红、朱琳","新星出版社","2007-1","48.00元","7.9"
"25751626","结婚前，先分手","当下最具女人智慧的“婚恋考验术”","[韩]韩相福","周怡、李道逵","中华工商联合出版社","2013-11-1","28.00","7.7"
"6438500","吉澤明歩老師の誘惑授業","AV小公主的療癒性愛術","吉澤明歩","伊之文","三采文化出版事業有限公司","2011-5-20","TWD 280","6.9"
"5356192","男人来自火星，女人来自金星4","健康篇","[美] 约翰·格雷","谢珺容","吉林文史出版社","2010-11","28.00元","6.6"
"6965478","相爱的艺术","","约翰·格雷","洪勇","重庆出版社","2011-11","29.80元","7.9"
"26311281","爱情的来源","","朱洗","","新星出版社","2015-3-1","CNY 28.00","7.5"
"6511182","渡边淳一·精品小说收藏","","渡边淳一","","作家出版社","2011-2","120.00元","9.1"
"1139605","怎样离开他","","霍华德·哈尔彭","杨碧琼","中信出版社,辽宁教育出版社","2003-11","18.00元","7.5"
"1067168","10000种说爱你的方式","","(美)格利高里・哥戴克","李斯","海南出版社","2000-08","28.00","7.5"
"26603131","男权的神话","","[美] 沃伦•法雷尔","孙金红","世界图书出版公司北京公司","2015-9-1","59.80元","7.9"
"6890272","男人有风险，相爱需谨慎","男人绝不会告诉你的爱情真相","曾雅娴","","漓江出版社","2011-10","25.00元","8.1"
"1789945","恨女人的男人们和爱他们的女人","","'曾雅娴'","''","'漓江出版社'","'2011-10'","'25.00元'","7.5"
"1423583","爱就是彼此珍惜","幸福婚姻的对话","[美] 苏珊·海特乐 著、黄维仁 改写","李淑烟","新华出版社","2005-8","28.00元","8.4"
"1726684","Why Men Marry Bitches","A Woman's Guide to Winning Her Man's Heart","Sherry Argov","","Simon & Schuster","2006-06","USD 15.95","7.6"
"4811947","婚姻是一场华丽冒险","朱德庸语录1","朱德庸","","现代出版社","2010-5-1","26.00元","6.8"
"1279783","爱情的教育","","B.A.苏霍姆林斯基","","世界知识出版社","2001-4-1","14.00元","8.5"
"6854186","嫁给谁都幸福","","吴淡如","","化学工业出版社","2011-9","26.80元","6.8"
"2319539","BBC……两性的奥秘(DVD-9)(DVD)","","'吴淡如'","''","'化学工业出版社'","'2011-9'","'26.80元'","8.1"
"2005515","别以为下一个男人会更好","","李木耳","","中信","2007-1","18.80元","6.9"
"26319527","性学三论","","(奥) 西格蒙德·弗洛伊德","徐胤","浙江文艺出版社","2015-4","32.00元","8.0"
"3094686","銀座媽媽桑說話術","會說話的女人 男人愛！","小太郎","莊旻翰","三采文化出版事業有限公司","2008-4-2","NT$260","7.6"
"10549376","幸福其实很简单","最温暖的幸福EQ提升宝典","张怡筠","","漓江出版社","2012-3","30.00元","7.7"
"26614226","女史","一部诗意的女性博物志","杨典","","成都时代出版社","2015-10-15","39.8","7.7"
"1503947","男生讨好你是有企图的","父亲写给女儿的悄悄话","[美] 菲利普·范·曼廷","于海生","吉林文史出版社","2006-1","18.00元","6.8"
"2368719","性与爱的困惑-五角丛书","五角丛书·第七辑","贺绍俊、潘凯雄","","上海文化出版社","1988","0.50元","7.6"
"25798049","学校不教的性爱课","","'贺绍俊、潘凯雄'","''","'上海文化出版社'","'1988'","'0.50元'","5.5"
"3065729","素女经","华夏房室养生文化第一书","无名氏","刘凝","中央编译出版社","2008-5","58.00元","7.9"
"26594683","男女有别","","[日] 渡边淳一","时卫国","青岛出版社","2015-8-1","29.00元","6.2"
"10601554","性吸引力私密教程","","(美) 沙夫茨伯里","王美凝","新世界出版社","2012-6","35.00元","5.3"
"1794979","For Women Only","What You Need to Know about the Inner Lives of Men","Shaunti Feldhahn","","Multnomah Books","2004-7-28","USD 14.99","7.5"
"5349027","如何识破男人的谎言","助你走出背叛和期盼的沼泽","[美] 苏珊·福沃德 博士、唐娜·弗雷泽","王甜甜","金城出版社","2010-11","29.80元","7.6"
"1151137","性爱十年","全国大学生性行为的追踪调查","潘绥铭、杨蕊","","社会科学文献出版社","2004-5-1","20.00元","7.5"
"26557144","写给单身的你","如何通往自己想要的幸福","乐嘉","","长江文艺出版社","2015-8","39.8","6.3"
"5290399","窗外依然有蓝天","","黄维仁博士","","江西人民出版社","2010.9","26.00元","8.3"
"2978217","有话好好说","述平文学作品选集","述平","","中国电影出版社","1997","19.8","8.0"
"3054780","20几岁就要做女王","那些好女孩不懂的事","史蒂夫·桑塔盖蒂","于海生","中国三峡出版社","2008-5","28.80元","7.0"
"26359113","幸福从懂你开始","","'史蒂夫·桑塔盖蒂'","'于海生'","'中国三峡出版社'","'2008-5'","'28.80元'","8.1"
"6890283","开阔的婚姻","","[美] J．唐纳德•沃尔特斯","常吟","漓江出版社","2011-10","25.00元","8.1"
"3284690","SM愛愛The Joy of SM","愛我就SM我","'[美] J．唐纳德•沃尔特斯'","'常吟'","'漓江出版社'","'2011-10'","'25.00元'","7.6"
"4706843","异恋","","Mira Kirshenbaum","","Crown Archetype","2006-5-23","USD 23.00","7.8"
"6800010","爱与被爱的艺术","亲密关系的七个层次","马修·凯利(Matthew Kelly)","","东方出版社","2011-8-1","31.00元","7.8"
"1082238","非常选择 非常MATCH","","尼尔・克拉克・华伦","许惠珺","新华出版社","2002-11","20.00元","8.2"
"3051710","女人都该知道的男人秘密","","芭芭拉·安吉丽斯","潘蔚华","北方文艺","2008-1","24.80元","7.3"
"1042836","裸体艺术","","'芭芭拉·安吉丽斯'","'潘蔚华'","'北方文艺'","'2008-1'","'24.80元'","8.0"
"10483277","他","男人使用说明书","(美)布拉泽斯","毛路","译林出版社","2012-4","32.80元","6.9"
"24708171","为什么好女人总错过好姻缘","","谢里·阿尔戈","李亚萍","北方妇女儿童出版社","2013-6-1","29.80元","7.5"
"1271137","为什么男人不听话女人没方向","","(澳)阿兰·皮斯 巴巴拉·皮斯","顾心台","新华出版社","2007-2-8","16.8","7.7"
"3726912","搭讪圣经","怎样认识陌生异性？","郑匡宇","","现代出版社","2009年","26.00元","7.1"
"25757349","请相信，你值得这世上所有的美好","给自己上的第一堂情感关系课","[美]斯科特·派克、[美]香农·派克","刘素云、张兢","长江文艺出版社","2013-11-1","29.80","6.6"
"24371435","为什么男人想要性.女人需要爱","","皮斯","","广东人民出版社","2013-6","32.00元","7.3"
"26697429","女人","","［意］安德雷阿•卡米雷利","昭冰","鹭江出版社","2016-1","39.80元","7.9"
"10429638","我知道你是怎么剩下的","","吴迪","","光明日报出版社","2012-2","30.00元","6.8"
"5068039","嫁个好老公","","'吴迪'","''","'光明日报出版社'","'2012-2'","'30.00元'","7.4"
"4915696","让你的爱非诚勿扰","","乐嘉","","江苏人民出版社","2010年8月","28.00元","6.5"
"3988993","和父母谈谈男孩子的“小雀雀”","","[日]矢岛暎夫","王琳","四川科技出版社","1986","0.9","7.9"
"5386925","被捆绑的欲望","心理治疗师眼中的性秘密","Gale Holtz Golden","梁嘉歆","华东师范大学出版社","2010-12","28.00元","7.2"
"2329905","All the Rules","Time-tested Secrets for Capturing the Heart of Mr. Right","Ellen Fein、Sherrie Schneider","","Grand Central Publishing","2007-1-1","90.00元","8.0"
"1220789","爱上双人舞","","李中莹","","世界图书出版公司","2005-1-1","18.00元","8.1"
"6012785","中年男人地下手记","","许常德","","湖南文艺出版社","2011-5","29.80元","6.8"
"1018543","语言虐待","如何认识和应对两性关系中的言语虐待","[美] 帕雷夏·伊文斯","宋云伟","广西人民出版社","2003-01","18.00元","7.6"
"3008767","性爱二十讲","","李银河","","天津人民","2008","28.00元","7.8"
"1443118","男人进卧室向左，女人进卧室向右","","（美）约翰·格雷","刘增莉","吉林文史出版社","2005-11-01","20.00元","7.0"
"3465878","男性的品格","","史蒂夫·比达尔夫","","石新辉","2009-1","25.00元","7.2"
"3044340","把他看穿","别以为女人不知道","潘幸知","","光明日报出版社","2015-8-1","45","6.4"
"6307333","让他第二次再约你","","维多利亚·麦克·罗杰斯","白天","江苏人民","2011-4","25.00元","7.5"
"10550144","结婚后，爱情怎么办","让幸福无法说NO的婚姻心理学","肖雪萍","","中国青年出版社","2012-4","32.00元","8.1"
"24702629","下流科學","","傑西．白令","莊靖","漫遊者文化","2013-5-28","320元","7.2"
"25878723","异性","这次一定爱好","角田光代、穗村弘","李微","电子工业出版社","2014-5","32.00","7.3"
"6509805","365天亲密志","","希維雅．黛、Sylvia Day","羅澪","新經典文化","2013-4-3","340元","6.9"
"1448860","世界性史图鉴","","刘达临","","郑州大学出版社","2005-9","59.80元","7.0"
"3600649","别把混蛋当Honey","","约翰范埃普","","金棣","2009-1","34.00元","8.0"
"1881099","男人眼中女人的身体","","张晓梅","","中信出版社","2006-8","25.00元","6.4"
"25767509","勾搭宝典（新版）","","'张晓梅'","''","'中信出版社'","'2006-8'","'25.00元'","6.4"
"5993316","男人不坏，女人不爱","","郑匡宇","","云南人民出版社","2011-3","25.00元","7.7"
"25722397","好色男女","","李媛媛","","同心出版社","2013-9","32.00元","5.9"
"1792052","魅力约会","","科克斯","北京《瑞丽》杂志社","中国轻工业出版社","2006-2","28.00元","7.7"
"5938222","夫妇的格式","最适合东方家庭的夫妻相处智慧","桥田寿贺子","许晓平","万卷出版公司","2011-1-1","29.80元","7.5"
"3041622","金赛性爱对话","","'桥田寿贺子'","'许晓平'","'万卷出版公司'","'2011-1-1'","'29.80元'","7.9"
"25800364","别再为小事抓狂：爱情篇","","[美]理查德.卡尔森、[美]克瑞丝.卡尔森","朱衣","江苏文艺出版社","2014-2-1","32.00元","7.6"
"20492531","每个女人都需要有的六个丈夫","夫妻顺应变化的相处之道 《纽约时报》两性图书五星推荐！ CNN频道力荐","史蒂文·克雷格","","徐力为","2013-2","29.80元","7.5"
"1389954","sex for one 自慰","The Joy of Selfloving","貝蒂．道森","","張玉芬、賴欣怡","永中國際","2000-6-15","8.0"
"24528199","恋爱从失恋开始","","林孑","","武汉大学出版社","2013-6","28.00元","8.0"
"4046268","玫瑰战争：小三来了","","阑珊","","凤凰","2009-9","25.00元","6.6"
"2252637","诱惑的艺术","","罗伯特·格林","","东方出版中心","2007-9","38.00元","8.0"
"1219829","幸福婚姻圣经","","H. Norman Wright","马晓�、朱燕楠","Jiuzhou Press","2005-1-1","25.00元","7.7"
"1942711","性·婚姻","","李银河","","陕西师范大学出版社","1999-1","25.00元","7.3"
"1223677","“好”女人有人疼","","劳拉・多伊尔、李欣欣","李欣欣","中信出版社","2005-1","16.80元","7.3"
"3389933","晚睡谈心","","晚睡","","安徽教育出版社","2009-1","24.80元","8.0"
"25909837","新中国性话语研究","","李银河","","上海社会科学院出版社","2014-6","29.80元","7.0"
"25861889","婚姻史","婚姻制度的精细描绘与多角度解读","伊丽莎白•阿伯特","孙璐","中央编译出版社","2014-4","49.80元","7.7"
"1255443","爱他也要爱自己","","贝芙莉·英格尔","虞敢娇","中国发展出版社","2004-6","19.8","8.0"
"5936548","男公关","男性气质研究","方刚","","群众出版社","2011-1","36.00元","7.4"
"3093510","情爱与性爱","叔本华的哲学小文","叔本华(德)","陈小南、金玲","大众文艺出版社","1999-4","16.80","7.5"
"25902825","爱与亲密","","约翰·阿莫德奥（John Amodeo）博士","","吉莉","南方日报出版社","32.00","8.4"
"25852266","选男人,看身材","","石原结实","吴倩","广西科学技术出版社","2014-1-1","CNY 29.80","6.9"
"3076951","金星女火星男为什么会相撞","","约翰·格雷","","于海生","2008-6","28.80元","8.1"
"3442918","看破红尘爱红尘","","'约翰·格雷'","''","'于海生'","'2008-6'","'28.80元'","7.6"
"10739650","我真的要和他共度此生嗎","決定交往、結婚、分手前的50個觀察題","吴若权","","高宝","2013-5","71.96元","6.6"
"1040096","天生情人16种","","亚历山大・阿维拉","史兰亭","辽宁教育出版社","2003-08","19.00","7.4"
"10521356","女人如何说男人才爱听","","苏瑾","","新世界出版社","2012-4","29.80元","6.5"
"5413891","Mr.Right说明书","带你找到真命天子的路线图","J.M.科恩斯","朱宁","金城出版社","2011-1","25.00元","7.1"
"1029036","爱 是一种选择","","汉菲特博士、米勒医师、米尔医师（合著）","新路编辑小组","团结出版社","2000-03","17.00","8.4"
"6776632","男人终于说实话","","张国立","","上海人民出版社","2011-8-1","18.00元","7.8"
"26647382","女人为何爱渣男？","帮男生提升自信，助女生鉴别渣男，愿天下有情人终成眷属","帕特里克·金","顾清怀、沐光、丁强","Fiberead·浙版数媒","2015-10-22","10.0","6.6"
"4223244","男人来自火星.女人来自金星大全集","","翟文明","","华文出版社","2010-1","29.80元","7.8"
"4087209","田丽性感主义","女人的性‧爱与美","'翟文明'","''","'华文出版社'","'2010-1'","'29.80元'","5.4"
"20270670","为何爱会伤人","","武志红","","北京联合出版公司","2012-12-1","39.00元","8.2"
"5907424","痛苦，是因为我们误解了爱情","","华特·里索","张婕","时代文艺","2011-3","28.00元","7.9"
"5301484","不一样的恋爱心理学","","卢淼","","中国青年出版社","2010-10","28.00元","8.2"
"1980600","爱如何降临","","[法]勒莫瓦纳","黄荭","上海书店","2007-01","29.00元","7.4"
"5360866","男人要有责任感 女人才有安全感","","[加]埃利奥特•卡茨","唐明秋","汕头大学出版社","2010-12","25.00元","8.6"
"1923326","两性身体语言","","（英）马丁·劳埃德—埃利奥特","","中国友谊出版公司","2006年","28.00元","6.5"
"20283137","还我伊甸芳容","","迈克尔·珀尔","","张沁","2012-11","19.80元","6.9"
"2377124","恋爱学：指男针","","老岸","","中国文化艺术出版社","2007","39","7.2"
"1060724","男人女人身体观察","","（英）戴斯蒙德・莫里斯","梁豪","上海文化出版社","2001-10","48.00元","7.6"
"5979200","我和王小菊","","王小菊","","云南人民出版社","2011-1","22.00元","7.3"
"25887504","夫源病","老婆的病，90%都是被老公气出来的","[日]石藏文信","曹逸冰","广东科技出版社","2014-5-15","29.90元","7.4"
"4169458","开放的性教育","影响孩子一生的性教育","方刚","","广西人民","1970-1","25.00元","7.8"
"1290174","跟自己调情","身体意象与性爱成长","许佑生","","北方文艺出版社","2005-01","18.00元","7.7"
"4039365","爱的最佳距离","","罗伯特 F. 伯恩斯坦、玛丽 A. 朗古兰德","欧阳敏、石孟磊","化学工业出版社","2009-9","29.80元","7.9"
"3125837","把妹達人 2","遊戲規則","尼爾·史特勞斯","李建興","大辣出版股份有限公司","2008.07.01","NTD320元","7.8"
"2128464","吻","","安德里亚·德米尔希安","俞庆","浙江人民出版社","2007-3","15.00元","7.0"
"4151190","完美的爱，不完美的关系","完美的爱只在内心当中，唯有它能改善不完美的关系","约翰·威尔伍德","雷叔云","深圳报业集团出版社","2009-11","28.00元","8.2"
"1761065","性比天高","","周实","","台湾北极星出版","2005 年","NT$:250","7.4"
"4915695","我是你一辈子的试用品","婚与恋的魔鬼定律","老猫","","江苏人民出版社","2010-7","25.00元","7.7"
"3117148","那些好女孩不懂的事","","我是女王","","百花洲文艺出版社","2008-07-01","26.00元","6.7"
"1083910","时尚先生系列1：物趣，极品的诱惑","","时尚杂志社编","邹丽、李雯翠","吉林美术出版社","2005-01-01","26.00","7.0"
"4118176","给爱情加点盐－好爱情是算计出来的","","赵格羽","","鹭江出版社","2009年11月","22.00","7.1"
"6714990","反对爱情","","劳拉·吉普妮斯","李根芳","同心出版社","2011-7","29.80元","8.2"
"4923622","婚姻保卫战","","Eleanor McKe","全通翻譯社","尖端","2005年06月09日","NT$ 890","7.4"
"5037461","爱情心灵安全岛","","四四、意达","","湖南人民出版社","2010.9","26.80元","8.0"
"1861834","Sex and the City","","Candace Bushnell","","Grand Central Publishing","2006-8","USD 8.00","7.6"
"6725106","非常關係","","鄧惠文","","平安文化有限公司","2011-7-1","NT$280","7.5"
"3193359","性别密码","","马里奥·鲁纳","郭进隆","吉林文史出版社","2008-10","28.00元","7.2"
"26895267","相爱一生的秘密","《婚姻，决定女人的一生》修订升级版","【韩】南仁淑","徐丽红","作家出版社","2016-10-1","39.8元","7.4"
"1080750","精子战争","","罗宾・贝克","李沛沂、章蓓蕾","海南出版社","2004-01","25.00","8.1"
"11631872","短线爱情，长线婚姻","情感操盘手鸿水教你聪明爱","鸿水","","长江文艺出版社","2012-9","29.00元","7.1"
"1546592","情爱画廊","","张抗抗","","春风文艺出版社","1997-10","21.98元","6.3"
"4837160","不要爱上混蛋","","约翰·范·埃普","金棣","东方","2010-4","34.00元","7.6"
"2382197","人体语言","五角丛书·第七辑","[美] 朱利·法思特","陈钰鹏","上海文化出版社","1988","0.50","7.3"
"4111098","性健康十五讲","","胡佩诚","","北京大学出版社","2009-10-15","33.00元","6.8"
"4791051","成人之美","我开情趣店的那些日子","蔺德刚","","北方文艺出版社","2010-04","24.00","6.8"
"26603011","做自己的女王","","苏芩","","江苏凤凰文艺出版社","2015-9-1","CNY 32.00","6.7"
"1981207","一个禅者眼中的男女","","林谷芳","","中国青年","2007-1","22.00元","7.7"
"25752974","从相残到相爱","两性行为的自然演化","[德] 维托斯·德吕舍尔","赵芊里","上海科技教育出版社","2013-8-1","49","8.5"
"26272348","女孩，你为什么吃力不讨好","","贝弗莉•恩格尔","王屾","中信出版社","2015-1","36","7.3"
"6811406","约会倍增术","What Every Man Should Know About How To Be Successful With Women","[美]David DeAngelo","","Qinsoon","2010","USD 22.00","7.9"
"3442552","男人要的三份禮物","","張小嫻","","皇冠出版社","2007-11-09","HK$68","7.3"
"1798140","感情这东西","","黄佟佟","","东方出版中心","2006-6","24.00元","6.7"
"25918085","爱是光着脚的哲学","古代智慧与现代爱情","[美]大卫•奥•康纳","练培冬","广西师范大学出版社","2014-8","39.00元","7.8"
"24743328","优雅地老去","渡边淳一的熟年健康心经","渡边淳一","","浙江文艺出版社","2013-7","22.80元","6.6"
"3679805","人人都爱我丈夫","","奕斐","","北岳文艺出版社","2009-4","28.80元","7.3"
"1490880","男人的27种类型","","怀特海德","闫军生","世界知识出版社","2006-1","18.00元","6.7"
"4068395","性吸引的奥秘","","翔平等编","","北京师范大学出版社","1993.2","4.20","5.7"
"1029983","中国性史图鉴","","刘达临","","时代文艺出版社","2003-11-1","58.00","7.2"
"6116611","这样读懂男人心","","[德] 苏珊娜·弗勒利希、康斯坦斯·克莱斯","雨嘉、[德] Mailin Choy 校译","新星出版社","2011-4","20.00元","7.0"
"1082988","青少年最想知道的性知识","","崔达秀","林虹均","中国轻工业出版社","2004-6","35.00元","8.0"
"4167951","聪明女人要读男人心理学","","杨甫德","","水利水电出版社","2011-9","28.80元","5.8"
"6077957","尴尬也优雅","超越容貌身材、超越身份地位、超越年龄职业、超越压力和窘境，让你无","（美）赛芮•玛斯，凯姆•伊佐","屈昂","金城出版社","2011-5","26.80元","7.4"
"2376978","原来可以这样爱","开启全新情爱关系","许宜铭","","中国广播电视出版社","2006-9","29.80元","7.7"
"5372542","情感勒索","","【美】苏珊·福沃德 博士、【美】唐娜·弗雷泽","王斌","金城出版社","2010-12","29.80元","8.1"
"2248218","男人为什么恨女人","","亚当·朱克斯","","中央编译出版社","2007-9","39.00元","7.4"
"10867037","认识性学","","[美] 威廉·L. 雅博、[美] 芭芭拉·W. 萨亚德、[美] 布莱恩·斯特朗、[美] 克莉丝汀·德沃尔特","爱白文化教育中心","世界图书出版公司","2012-9","68.00元","8.5"
"4726506","总有一天我会遇见你","","'[美] 威廉·L. 雅博、[美] 芭芭拉·W. 萨亚德、[美] 布莱恩·斯特朗、[美] 克莉丝汀·德沃尔特'","'爱白文化教育中心'","'世界图书出版公司'","'2012-9'","'68.00元'","7.7"
"3258916","两性社会学","民间文化研究参考丛书","马林诺夫斯基","李安宅","中国民间文艺出版社","1986年初版印","3.00","7.5"
"1878919","自亚当和夏娃以来","人类性行为的进化","(美)马尔科姆·波茨、（澳）肖特","张敦福","商务印书馆","2006-8","27.00元","7.6"
"11622323","婚姻是设计出来的","","'(美)马尔科姆·波茨、（澳）肖特'","'张敦福'","'商务印书馆'","'2006-8'","'27.00元'","6.8"
"24873830","愛情市場學","80分女生，妳真的不夠好嗎？","春乃れい","黃薇嬪","台灣東販股份有限公司","2010-7-24","NT$199","7.7"
"4179185","爱的智慧，决定女人的一生","","艾小羊","","长江文艺出版社","2009-11","22.00元","8.2"
"26311279","重女轻男","","朱洗","","新星出版社","2015-3-1","CNY 28.00","7.2"
"10549377","爱情其实很简单","轻松有趣的爱情EQ提升宝典","张怡筠","","漓江出版社","2012-3","28.00元","7.5"
"26296180","动了真情的掠夺者","","尹文思","","天津人民出版社","2014-11-1","29.00元","7.3"
"6394621","爱情，原来是这样的","","（台）王乾任著","","朝华出版社","2011-5","25.00元","7.1"
"4303947","偶尔寂寞","","阿琪","","广西师范大学出版社","2010","20.00元","7.4"
"5339852","婚姻书","","尼奇•李（Nicky）、希拉•李（Sila Lee）","方逸","中国社会出版社","2010-8","32.00元","8.3"
"1431877","Mars and Venus on a Date","A Guide for Navigating the 5 Stages of Dating to Create a Loving and Lasting Relationship","John Gray","","Harper Paperbacks","1999-7-1","126.00元","7.7"
"26769591","男人来自火星,女人来自金星","","约翰·格雷 博士","","中华工商联合出版社","2015-6-1","CNY 32.80","7.8"
"2131517","性别问题","","李银河","","青岛出版社","2007","25.00元","6.8"
"4848424","正妹心理学","","郑匡宇","","南方出版社","2010-7","25.00元","6.5"
"6508448","性心理学","","[美] 格雷·F.凯利","耿文秀、等","上海人民出版社","2011-5-1","75.00元","8.4"
"6957796","爱得太多的女人","给所有为爱迷茫的女人","[美] 罗宾·诺伍德","庞湃","北京联合出版公司","2011-11","28.00元","8.4"
"11596280","爱上是幸运，会爱是幸福","","'[美] 罗宾·诺伍德'","'庞湃'","'北京联合出版公司'","'2011-11'","'28.00元'","8.3"
"4275134","丈夫使用手册","","金相得","王崇文","上海人民","2010-1","16.00元","7.1"
"25811448","聪明女人一定要懂的男人心理学","","'金相得'","'王崇文'","'上海人民'","'2010-1'","'16.00元'","6.8"
"2174047","婚前婚後3分險 -- 忽然已婚","","彭浩翔","一本堂","2002","05","48","7.5"
"6194593","人类性幻想","","(英)B·卡尔","耿文秀","华东师范大学出版社","2011-6-25","39.80元","7.5"
"4254376","爱与性的秘密","徐兆寿性文化随笔","徐兆寿","","作家出版社","2010-1","25.00元","7.0"
"3349216","中国男人调查","","张结海","","江苏文艺出版社","2009-01-01","28.00元","6.9"
"1443684","两性心理解密-上、下册","上册：解密男人
下册：解密女人","玺璺等编","","广东世界图书出版公司","2004年1月1日","20.0","6.4"
"1792401","奥维德.劳伦斯论性爱","","奥维德[Ovidius]","","团结出版社","2006-4","48.00元","7.2"
"1431519","火星人的秘密食谱・金星人的健康法则","","约翰·格雷","谢珺容","吉林文史出版社","2005-9","25.00元","7.8"
"10732495","真爱没那么累，幸福没那么贵","","苏芩","","湖南文艺","2012-6","29.80元","6.7"
"23010110","如何征服英俊少男","","刘国章","","河北人民出版社","1989-2","2.00元","7.3"
"6519829","下一个男人会更好","","陈彤","","中信出版社","2011-7","26.80元","7.4"
"5938223","看穿男人，搞定职场","","[日] 织田隼人","田月","万卷出版公司","2011-1-20","29.80元","6.8"
"1024475","避孕","","于滢","","南海出版公司","2003-04","20.00元","8.0"
"1147878","从兽性到人性","","张敦福","","山东人民出版社","2004-3","29.60元","8.3"
"3024631","爱，诫","现代人两性关系电影读本","张秋","","新华出版社","2008-3","28.00元","7.6"
"1256451","男人为什么觉得女人傻","","岩月谦司","季云","南海出版公司","2004-8-1","18.0","7.3"
"4891946","“好”女人有人疼","","劳拉·多伊尔","","李欣欣","2010-6","26.00元","7.3"
"5990805","爱情有“毒”","卢悦解读恋爱心理底线","'劳拉·多伊尔'","''","'李欣欣'","'2010-6'","'26.00元'","8.1"
"5350218","你住在爱情的哪一楼","","伊雅娜·范赞特","黄秀媛","重庆","2010-11","26.80元","7.2"
"3519782","性别来了","一位女性研究者的性别观察","'伊雅娜·范赞特'","'黄秀媛'","'重庆'","'2010-11'","'26.80元'","7.3"
"25852452","男人天生被她们吸引","","苏芩","","湖南文艺出版社","2014-4-1","34.8","6.8"
"3121161","性趣探秘","人类性的进化","贾里德·戴蒙德","郭起浩、张明园","上海科学技术出版社","2008-5","18.00元","7.9"
"1437687","性经验史","增订版","(法)米歇尔.福柯","佘碧平","上海人民出版社","2011-8-1","42.00元","8.7"
"6724527","恋爱原本很简单","","李珂珂","","吉林大学出版社","2011-5","23.00元","6.4"
"22303948","恋爱经济学","","胜间和代","陈靖远","外文出版社","2013-3","26.00元","6.3"
"11622371","恋爱是个技术活","","'胜间和代'","'陈靖远'","'外文出版社'","'2013-3'","'26.00元'","6.6"
"2074773","把妹達人","Penetrating the Secret Society of Pickup Artists ('Ba Mei Da Ren', in Traditional Chinese)","尼爾．史特勞斯","貓學步","大辣出版股份有限公司","20070505","NT$380","7.8"
"21338920","接纳与表达","用心理学经营婚姻","'尼爾．史特勞斯'","'貓學步'","'大辣出版股份有限公司'","'20070505'","'NT$380'","7.4"
"1442217","世界性文化图考","","刘达临","","中国友谊出版公司","2005-10","39.80元","6.3"
"2084151","要男人幹嘛？","","Maureen Dowd","奚修君","早安財經文化有限公司","2007-4-30","NT$350","7.3"
"1266289","最爱","","崔曼莉","","华夏出版社","2004-1","14.00元","7.2"
"4815818","男人说的，女人听的","亲爱的，我不是这个意思……","〔美〕琳达·帕帕多普洛斯","任月圆","重庆出版社","2010年5月","26.80元","7.3"
"4120043","爱是一种药","","'〔美〕琳达·帕帕多普洛斯'","'任月圆'","'重庆出版社'","'2010年5月'","'26.80元'","7.6"
"1068868","中国人的性爱与婚姻","","李银河","","河南人民出版社","1996-09","13.00","7.4"
"1548178","妇女受暴口述实录","","宋美娅, 薛宁兰主编","","中国社会科学出版社","2003-11","28.00元","7.3"
"3601488","恋爱课上的小动作","56个超简单超强杀伤力的小动作","走走","","山东文艺出版社","2009年3月第1版 2009年3月第1次印刷","19.00元","6.6"
"4742363","三生有性","","费洛蒙","","凤凰出版社","2010-4","25.00元","7.3"
"1761766","Everything You Always Wanted to Know About Sex but Were Afraid to Ask","你想知道而不敢问的性知识","David R. Reuben","","HarperCollins Publishers","1999-01","USD 25.00","7.3"
"6753828","相信爱，用心爱","写给“再也不相信爱情”的你","堂•米格尔•路易兹","张金、曹爱菊","中信","2011-8","28.00元","8.2"
"1924259","全民搭讪运动","","鄭匡宇","","紅色文化","20050803","80.00元","7.5"
"1083071","乳尖上的爱情脑","","深雪","","当代世界出版社","2004-7","18.00元","7.3"
"19958025","男人來自那星","","鄒凱光","","天行者","2012-7-4","HK$88.00","7.5"
"26879347","情感导师","","周良海、胡贤芬","","香江出版社","2016-3","HK$ 78.70","7.2"
"25797273","爱情是门必修课，你要不学就输了","","徐金喜","","北方妇女儿童出版社","2014-1","29.80","7.2"
"10586432","为什么男人动了心，却不敢爱你？","","'徐金喜'","''","'北方妇女儿童出版社'","'2014-1'","'29.80'","6.5"
"3317555","真爱密码","","格西麦克·罗区","黄晋","花城出版社","2008-09-00","39.00元","7.9"
"4159090","花点心思谈恋爱","","李轶男","","广西师范大学出版社","2009-12","21.00元","6.9"
"1437973","亲密关系","","[美] 莎伦·布雷姆、丹尼尔·珀尔曼、罗兰·米勒、苏珊·坎贝尔","郭辉、肖斌","人民邮电出版社","2005-10","49.00元","8.7"
"2215673","爱的艺术","","(古罗马)奥维德","寒川子","内蒙古大学出版社","2007-8","32.00元","7.4"
"6116612","这样猜透女人心","","[德] 马里奥·巴特","雨嘉、[德] Mailin Choy 校译","新星出版社","2011-4","20.00元","7.5"
"1014239","只爱一点点","","李敖","","中国友谊出版公司","2006-12","25.00元","7.3"
"5944980","漫画我们的性","","[美] 拉里·戈尼克、克莉丝汀·德弗尔特","陈浩莺","华夏出版社","2011-1","35.00元","8.1"
"6070354","当我们谈论婚姻时，我们在谈论什么","","王艾","","北方妇女儿童出版社","2011-5","15.80元","7.6"
"26574920","女性的性爱动机","从寻求刺激到企图报复","（美）辛迪·M·梅斯顿、（美）戴维·M·巴斯 博士","海兰","中信出版社","2014-5-4","32.00元","7.0"
"1055618","火星人金星人长相厮守","约翰 格雷巅峰之作","(美)约翰·格雷","苏元","中央编译出版社","2007年7月","26.80元","7.9"
"10528317","催眠恋爱术","女心を誘導する禁断のテクニック","(日)林贞年|译者:黄鑫","","现代","2012-2","25.00元","6.7"
"10527127","好女人都很淫亂","OL的性愛報告書","內藤みか","卓惠娟","尖端出版","2012-3-15","NTD260元","7.3"
"3219299","男性气概","","[美]哈维•C. 曼斯菲尔德","刘玮","译林出版社","2008-9","35.00元","7.6"
"25852268","有情才有调","","蔡澜","","中国华侨出版社","2014-4","32.00元","7.3"
"3277407","性爱与文明","","西格蒙格·弗洛伊德","滕守尧","安徽文艺出版社","1987","2.50","8.3"
"10480706","女人受益一生的36堂心计课","","'西格蒙格·弗洛伊德'","'滕守尧'","'安徽文艺出版社'","'1987'","'2.50'","7.0"
"1964319","你知道他想娶你吗？","","(美)科比特,基恩","","中信出版社","2007-1","19.00元","7.2"
"4720221","他不需她不要","现代婚姻教父哈里博士解读两性冲突的困局与出路","（美）威廉•哈里博士","陈铭华","江西人民出版社","2009年12月","29.00元","7.6"
"1785162","隂性皮膜性快感","女性面具性嗜好之專論","蕭翔鴻","","正港資訊文化事業有限公司","2006-4-1","NT$ 399.00","8.2"
"7056877","爱的麻辣教育","说说调教男人那点事儿","丽贝卡·埃克勒","周习华","中信出版社","2011-12","28.00元","7.1"
"1835901","毁掉中国人婚姻的18个问题","","卡玛","","中国青年出版社","2006-4","20.00元","7.8"
"21345522","山中日月长","","阿琪","","广西师范大学出版社","2013-2","26.00元","7.1"
"26676834","那些感情的实话你敢听吗","","'阿琪'","''","'广西师范大学出版社'","'2013-2'","'26.00元'","7.1"
"3666539","财色战场","谋财有道、猎色无罪的境界","李民杰、江健勇","","平凡企业顾问有限公司","2006","台币 290.00","8.2"
"2595456","爱与亲密","","克里斯托弗·沃克尔","马莉","中国妇女","2008-1","26.00元","6.9"
"6397273","30天收获幸福","心灵教父情感治愈计划","柏丞刚","","中国华侨出版社","2011-7","28.80元","7.7"
"4843911","魔鬼搭讪学","这样追女孩真的很容易","魔鬼咨询师","","长江文艺出版社","2010-7-1","25.00元","7.0"
"6432081","男人道","男人之道","韩浩月","","化学工业出版社","2011-6","25.00元","7.6"
"26242729","快到姐姐碗里来","宅女相亲实用手册","夏颖、张喻、Leaf、杨孩寅","","上海社会科学院出版社","2014-11","35","7.0"
"5404399","一秒钟让他爱上你","","藤泽步","","王超莲","2011-1","25.00元","6.2"
"1874790","摸透电贝士","","邱培荣","","上海华音文化有限公司","2005-11","35","9.4"
"4748801","20岁跟对人，30岁做对事 Ⅱ","从零开始学攻心术","苏芩","","中信出版社","2010-5","25.00元","7.3"
"3035358","爱你以性","中国首家少男少女咨询门诊手记","邓军,林鹏","","江苏文艺出版社","2008-3","20.00元","8.1"
"1000488","女人的身体 男人的目光","现代社会学文库·性社会学译丛","（法）让－克鲁德・考夫曼","谢强／马月","社会科学文献出版社","2001-05-01","20.00","6.8"
"10564441","女人这样说，男人才会听","零吼吼打造美满婚姻","〔美〕哈尔• 爱德华•朗克尔　珍妮•朗克尔","王祖宁","广东人民出版社","2012-4-1","29.80元","7.6"
"4913068","生猛的进化心理学","","Alan S.Miller & Satoshi Kanazawa、金泽哲","吴婷婷","万卷出版公司","2010-7","29.80元","6.5"
"26898310","大声说出来","","胡贤芬、周良海","","香江出版社","2016-6","140.00","7.2"
"2070807","懂得爱","在亲密关系中成长","麦基卓、黄焕祥","易之新","深圳报业集团出版社","2007年5月","26.00元","8.5"
"4193358","看穿女人心 迷惑男人阵","迷惑男人陣","'麦基卓、黄焕祥'","'易之新'","'深圳报业集团出版社'","'2007年5月'","'26.00元'","7.6"
"6124529","我们是怎样爱上婚姻的","","卢岚岚","","人民文学出版社","2011-6","27.00元","6.0"
"25753113","别让我再遇见你","","宁子","","译林出版社","2013-10","28.00","7.8"
"1918220","性与性格","","奥托·魏宁格、Otto Weininger","肖聿","中国社会科学出版社","2006-9","33.00元","8.4"
"4915656","20岁懂得爱，30岁爱对人","","[德] 玛利昂•区斯坦等","王卓","万卷出版公司","2010-7","36.00元","7.3"
"24722744","科学碰撞“性”","","[美]玛丽·罗琦","何静芝","湖南科学技术出版社","2013-7","35.00元","7.8"
"1018360","性心理学","","[英] 霭理士","潘光旦","商务印书馆","1999-04","46.00元","8.6"
"1856259","恋爱教科书","","(韩)宋苍旻","微辣","文化艺术出版社","2006-01-01","23.0","6.3"
"3877399","精子来自男人卵子来自女人","","'(韩)宋苍旻'","'微辣'","'文化艺术出版社'","'2006-01-01'","'23.0'","7.1"
"25813510","没钱才更要结婚","双薪伴侣打造幸福生活必备手札","小室淑惠、驹崎弘树","江裕真","漓江出版社","2014-1-1","28.00","7.4"
"6904801","青春后","关于青春后两性性教育、生理知识的科普读物","芮先","","团结","2011-12","26.00元","8.2"
"1228209","一夫一妻制神话","","（美）佩吉・活恩","于卉芹／李忠军","中央编译出版社","2001-04","15.00元","7.6"
"2978329","陈彤对你说","陈彤答一帮陌生男女的来信","陈彤","","中国妇女出版社","2008-1","20.00元","7.9"
"25814913","性史1926","","张竞生","","世界图书出版公司","2014-2","38.00","7.9"
"1083990","为什么爱上你爱的人","","苏西·玛琳","李若水","中国旅游出版社","2005-1","45.00元","7.6"
"1256236","男人、女人和231个误会","","(德) 卡琳·赫尔策, 克里斯蒂娜·沃尔","","文汇出版社","2005-1","26.00元","6.6"
"6018707","飞花艳想","中国言情小说系列（明，清）","樵云山人","","吉林文史出版社","1997-1","20.50","6.6"
"2182695","我在爱的左边你在爱的右边","","马明博","","中国青年","2007-6","26.80元","7.1"
"1481542","放鳥過來！：性愛女寫手的嗆辣記事","","鳥來伯","","大辣","2006","250","7.8"
"3985940","爱得起，放得下","","谢徳高","","中国商业","2011-6","30.00元","7.7"
"1255664","你不是一个人","女子情感档案","素黑","","北方文艺出版社","2004-7-1","19.90元","6.6"
"6669759","The Red Queen","","劉達臨","","柏室","2005年05月13日","NT$ 499","7.1"
"3106622","不脱不色1","","'劉達臨'","''","'柏室'","'2005年05月13日'","'NT$ 499'","7.4"
"1010010","秘戏图考","附论汉代至清代的中国性生活（公元前二〇六年——公元一六四四年）","[荷兰] 高罗佩","杨权","广东人民出版社","1992-7","（平装）18元 （精装）28元","7.6"
"5903902","我们都要性小康","","李扁","","江苏人民出版社","2011-1","25.00元","5.8"
"3751736","身体も心もボクのもの","～はじめてのSMガイド～","三葉","","一迅社","2009-5-18","JPY 1365","8.1"
"1707741","李银河说性","","李银河","","北方文艺出版社","2006-2","18.80","7.4"
"5254176","恋爱的秘诀：如何征服你的心上人","","(美）H·韦珀、(美）C·黛安娜","魏空然","文化艺术出版社","1989","2.00元","6.3"
"25723726","學習。在一起的幸福","","鄧惠文","","三采文化出版事業有限公司","2013-9-27","NT$300","7.6"
"26893110","金牌调解","","周良海、胡贤芬","","香江出版社","2016-4","128.00元","7.2"
"1044165","自由男人手册-卡萨诺瓦情场宝典","","尼可(加),天宏译","天宏","陕西师范大学出版社","2002-10","21.00","5.6"
"4253523","夫妻经济学","","杰夫·奥普戴克","","夏愉","2010-1","28.80元","7.3"
"3359219","好女孩的情色學分","","安·卡瑞羅·蓋利、Ayn Carrillo-Gailey","陳逸軒","大辣出版股份有限公司","2009年03月06日","NT$300","7.9"
"21365506","当金星遇见火星","夫妻相爱一生的秘密","【美】菲利斯· 科赫· 薛拉斯博士（Phyllis Koch-Sheras,Ph.D.）、【美】皮特· 薛拉斯博士（Peter Sheras,Ph.D.）","陈芳芳","新世界出版社","2013-1","36.00元","7.0"
"1790553","江戶四十八手：浮世繪的色與戀","揭開浮世繪的極樂奧妙性愛四十八手秘戲全公開","白倉敬彥","","紀智偉","大辣","2006","8.0"
"20444592","当男孩遇见女孩","","约书亚·哈里斯（Joshua Harris）","叶婵芬","新世界出版社","2013-1-1","28.00元","8.6"
"4202183","换个姿势爱","","巫昂","","文化艺术","2009-12","26.80元","6.4"
"3792826","O娘的故事","","波莉娜·雷阿日","易馀","远方出版社","1998年6月第1版","17.80元","7.5"
"6517443","快感","为什么它让我们欲罢不能","[美] 保罗•布卢姆","戴沙","万卷出版公司","2011-5-1","36.00元","6.8"
"6014492","恋爱是这么回事","","安德鲁·特里斯","","麻争旗","2011-1","29.80元","6.9"
"25752046","心如钢铁地追求幸福","","囧之女神","","人民文学出版社","2013-11-1","29.0","8.1"
"3891082","男人不够gentlemen 女人不够feminine","","王贻兴","","日阅堂","2009","港币62","7.8"
"1941492","性交與戀愛的幾則故事","","高橋源一郎","劉名揚","麥田","2006-11-16","NT260","7.9"
"6048329","女人决定着爱情的一切","男人只是通往幸福的河流，女人才是驶向幸福的船只！","（美） 耶胡达•伯格","楼天如","金城出版社","2011-3","22.00元","7.4"
"5037451","每天懂一点恋爱心理学","","原田玲仁","郭勇","陕西师范大学出版社","2010年9月","28.00元","6.7"
"5423906","辣笔，小心！","—写给爱情的若干问答","庄雅婷","","华文出版社","2010-1","25.00元","7.0"
"3394930","He's Just Not That Into You","The No-Excuses Truth to Understanding Guys","Greg Behrendt、Liz Tuccillo","","Gallery Books","2009-1","115.00元","7.9"
"21727810","宅男盛女经济学","","王泽基、苏勇鹏","","中国人民大学出版社","2013-4","32.00元","7.6"
"25794737","彬彬有礼地离开吧，不要和地球人谈恋爱","","小庄","","九州出版社","2014-1","35.00元","7.4"
"4871961","超值金版-男人来自火星女人来自金星大全集","","金赛","","企业管理出版社","2010-7-1","29.00元","5.5"
"5944989","魅力心理学","","'金赛'","''","'企业管理出版社'","'2010-7-1'","'29.00元'","7.0"
"3013475","李银河性学心得","","李银河","","时代文艺","2008-2","25.00元","7.6"
"26874277","致现任","","芝士就是力量","","湖南文艺出版社","2016-9-1","CNY 39.80","6.8"
"5447160","别告诉我你懂男人","","凯文·李曼","姬蕾","天津教育出版社","2011-1","28.00元","6.8"
"6712209","爱与性的实验报告","","小庄","","浙江大学出版社","2011-7","28.00元","6.6"
"6520484","与狼共奔的女人","","[美] 克拉利萨·品卡罗·埃斯蒂斯","严冬冬","吉林文史出版社","2011-6","39.80元","8.6"
"4715882","懒得结婚","","蔼琳","","万卷出版社","2010-3","29.90元","7.4"
"25826877","初性之美：马登博士写给青少年的正确性爱观","","（美）马登","边晓华","黑龙江教育出版社","2013-11-1","24.80元","6.4"
"19995876","我有一个同事","","黄爱东西","","上海三联书店","2012-10-31","29.80元","6.7"
"1047205","性学三论・爱情心理学","","弗洛伊德","林克明","太白文艺出版社","2004-10","22.00","8.2"
"5387442","男人是傻子 女人是疯子","","[美] 霍华德·J. 莫里斯、珍妮·李","于海生","广西科学技术出版社","2010-11","28.00元","7.0"
"24845293","性别智商：职场男女相处的艺术","《男人来自火星 女人来自金星》作者约翰格雷最新力作","[美] 约翰·格雷、芭芭拉•安妮丝","","科学出版社","2013-8-1","38.00元","7.5"
"1345303","Why Men Lie and Women Cry","How to Get What You Want Out of Life by Asking","Allan Pease、Barbara Pease","","Orion Pub Co","2004-09-30","USD 16.50","8.0"
"6075057","性格与爱情","内向者和外向者的恋爱密码","马蒂·奥尔森·莱尼 迈克尔·莱尼","晏卿","江西教育出版社","2011-2","26.00元","7.0"
"10569244","懒得甜美","","暖小团","","江苏文艺出版社","2012-4","30.00元","6.7"
"4121232","It's Not You, It's Biology.","The Science of Love, Sex, and Relationships","Joe Quirk","","Running Press","2008-9-2","USD 13.95","8.0"
"1252684","美貌的诱惑","","弗莱迪","杨宁宁","文汇出版社","2004-01-01","29.00元","7.5"
"6999884","情场不输人，职场不输阵","被需要，才是最极致的幸福","苏芩","","中信出版社","2012-1","29.00元","6.7"
"4903254","果然！这样的男人还是分了好","","'苏芩'","''","'中信出版社'","'2012-1'","'29.00元'","7.2"
"1058156","世界上最有魅力的妻子","","中国妇女出版社","","中国妇女出版社","2004-01","19.80","7.8"
"10538242","许自己一座美丽的花园","金韵蓉谈爱情与婚姻","优米网","","辽宁教育出版社","2012-3-1","35.00元","7.3"
"1583289","為什麼男人愛劈腿，女人愛嘮叨？","","'优米网'","''","'辽宁教育出版社'","'2012-3-1'","'35.00元'","7.3"
"4323673","下辈子一见钟情","","都市放牛","","文化艺术出版社","2010-4","26.80元","8.1"
"5325891","性的真相","文明背后的另类情感史","大智若","","重庆出版社","2011-2","28.00元","4.9"
"4240395","复乐园","","渡边淳一","竺家荣","作家出版社","2010-1","29.00元","7.4"
"1073618","M计划","哈佛MBA女性择偶策略","(美)雷切尔.格林沃德","关小众","中国妇女出版社","2004-02","32.00元","7.4"
"1327708","我挡不住我","","Erica Gong","国安,毛羽译","时代文艺出版社","2001-1-1","23.00","7.1"
"1227597","当男人背叛女人","婚外情真相大剖析","黛比.丹","心苗","哈尔滨出版社","2006","25.8","7.4"
"24721229","欲望都市","上海70后女性研究","裴谕新","","上海人民出版社","2013-6","35.00元","7.4"
"5319945","为什么男人来自火星，女人来自金星","","约翰·格雷","于海生","中国三峡","2010-9","28.00元","8.0"
"3115903","完全图解恋爱心理学","完全图解恋爱心理学","穆铭","","南海出版公司","2008-5","28.00元","6.4"
"1226304","妻子是什么","","金斯顿","吴宏凯","中国妇女出版社","2005-1","35.00元","7.8"
"20269001","男人谈性，女人谈爱","","[韩]裴贞媛","杨成建","湖南人民出版社","2012-10","32.00元","7.2"
"25808939","一个不会离开的男人","","韩梅梅","","北方妇女儿童出版社","2014-1-10","32.80","7.4"
"5338760","婚姻真相","婚姻的50种颜色","柯云路","","中国友谊出版公司","2010-10","28.00元","6.5"
"7057989","希腊爱经","","阿忒纳乌斯","","辽宁教育","2011-12","36.00元","5.1"
"26884754","情感挽回","","周良海、胡贤芬","","香江出版社","2016-4","169.80","7.2"
"26769662","雄性衰落","","[美]菲利普·津巴多、[美]尼基塔·库隆布","徐卓","北京联合出版公司","2016-4-1","69.90元","7.5"
"4243332","老师不教的恋爱课","","走走","","万卷出版公司","2009-12","19.00元","6.6"
"1083503","男人把生活弄糟的10件蠢事","","史莱辛尔  编","","中信出版社","2004-1","20.00元","7.3"
"1020110","丘比特之箭","穿越时间的爱情历程","（美）罗伯特・J・斯滕伯格","潘传发，潘素","辽宁教育出版社","2000-10","15.00","7.9"
"3359490","夫妻记","","乌尔瑞卡・达姆","徐筱春","浙江人民出版社","2004-1-1","23.00","7.6"
"3106621","爱情俯冲","鱼顺顺男左女右私房书","鱼顺顺","","海南出版社","2008-3","28.00元","7.4"
"3653508","那些男人不让你知道的秘密","","崔成銀","張勝伊、李娜 译","南海出版社","2009-3-1","26.8元","5.8"
"1444995","左手男右手女","","尼采","","团结出版社","2005-10","38.00元","7.0"
"6523710","恋爱蛀牙 必须自拔","","'尼采'","''","'团结出版社'","'2005-10'","'38.00元'","7.5"
"3066362","女人一定要嫁得好","找老公培训班揭秘","路野","","中信出版社","2008-5","38.00元","6.3"
"2004722","性商","","(美)金·凯特罗尔、KIM CATTRAL","刘雅娇","中国妇女出版社","2007-3","28.00元","6.2"
"19930010","像美人鱼一样恋爱，像灰姑娘一样嫁人","","[韩] 菲奥娜","李雪花、杨梦黎","江苏文艺出版社","2012-9","32.00元","7.0"
"24902317","婚姻如此平淡，我们要懂得浪漫","","被老公宠着","","现代出版社","2013-8-1","30.00","6.6"
"6854528","爱情要记仇，婚姻要伪装","女人，一定要爱得明白","尹娜","","中信","2011-10","30.00元","7.4"
"10736312","白日做梦有理","","[美] 詹姆斯·瑟伯","孙仲旭","重庆大学出版社","2012-9","32.00元","7.9"
"4269435","女人的内心，男人的面具","","胡邓","","文化艺术","2010-3","24.80元","6.6"
"10970659","操练爱情","","'胡邓'","''","'文化艺术'","'2010-3'","'24.80元'","7.8"
"6795915","有些事女人不懂，一辈子就“完”了","写给闺蜜的情感箴言","王慈","","武汉出版社","2011-8","26.60元","7.3"
"3717231","爱情纪","","'王慈'","''","'武汉出版社'","'2011-8'","'26.60元'","6.3"
"3723708","亚偷情","","吴晓贇","","凤凰出版社","2009-4","28.00元","7.1"
"1058804","存在与荒谬","中国地下“性产业”考察","潘绥铭","","群言出版社","1999-01","24.8","8.4"
"3158832","低胸裙戰爭","","卓韻芝","","明窗","2008","HK 58","7.9"
"25926883","恋爱寺","小池和尚的心灵佛法小课堂2","'卓韻芝'","''","'明窗'","'2008'","'HK 58'","7.2"
"4252865","亲爱的木木","波澜壮阔时代的情感热线","木木","","花城出版社","2010.1","19.00元","8.4"
"1004554","中国的男人和女人","品读中国书系之三","易中天","","上海文艺出版社","2003-03","22.00","7.4"
"26887227","爱情保卫战","","周良海、胡贤芬","","香江出版社","2016-4","128.00","7.2"
"1664854","落岸之鱼","卡布基诺丛书","连谏","","上海人民出版社","2005-6","18.0","7.3"
"4076537","女力","","小林加绘子","","新世界","2011-3","26.00元","7.2"
"6979838","爱得好，伤不了","中国第一红娘小龙女百问百答疗情伤","小龙女","","北方妇女儿童出版社","2011-12","29.80元","8.1"
"19961868","情欲、伦理与权力","香港两性问题研究报告","[中国香港]何式凝、[加]曾家达","","中国社会科学出版社","2012-9","59.00元","7.9"
"1436228","女人，危险的投资","","（台湾）柏杨","","北岳文艺出版社","2005-10","23.00","7.7"
"10737582","女人不想听实话","","张国立","","上海人民出版社","2012-5","22.00元","7.9"
"25800865","为人妻不简单","","于秀","","中国人民大学出版社","2014-1-1","35.00元","6.8"
"10559413","熟女私日记","","江映瑶","","武汉出版社","2012-4","25.00元","4.6"
"1427761","性与理性","","[美] 理查德·A. 波斯纳","苏力","中国政法大学出版社","2002-5","40.00元","8.5"
"6713920","一纸谈欢","","毛利","","南方出版社","2011-7-1","25.00元","6.9"
"2356498","爱情其实很简单","","张怡筠","","河北教育出版社","2007-1","21.80元","7.4"
"5323910","新婚3年，决定女人一生","","金淑琪","千太阳","中信出版社","2010年10月3日","26.00元","7.4"
"6977776","男人靠得住，女人能上树","","十三姨","","山西人民","2011-9","27.00元","7.3"
"24716143","男人使用手册","教你读懂男人的第一本书","小刀","","中国广播电视出版社","2013-7","28.00元","5.9"
"1823634","圣地爱语","","(美)薛查理著","","航空工业出版社","2006-3","16.00元","8.5"
"6515413","女人由爱到恨，男人由好到贱","","深雪","","中信出版社","2011-6","28.00元","6.6"
"4911136","第1次搭讪就上手","","郑匡宇","","湖北人民","2010-6","24.00元","6.8"
"7054747","中国文化里的情与色","","王溢嘉","","新星出版社","2012-3-25","32.00元","6.5"
"1287449","窗外依然有蓝天","婚姻伤害医治","黄维仁","","中国轻工业出版社","2002-11","22.00元","8.4"
"5337231","我爱问连岳Ⅳ","","连岳","","作家出版社","2010-9","32.00元","8.2"
"5283462","当他抓耳朵，潜意识想说什么？","","艾玛思","","吉林出版集团","2010","25.00元","6.7"
"4834886","我需要你的爱","这是真的吗","拜伦·凯蒂","陈曦","北方妇女儿童出版社","2010-4","28.80元","8.4"
"4075837","20岁跟对人  30岁做对事","","苏芩","","中信出版社","2009-11","24.00元","6.9"
"1012864","娶什么样的女人，嫁什么样的男人","","张国平","","中国商业出版社","2002-10","20.00","6.4"
"6313402","天下没有遇人不淑这回事","除非你管不好你自己","'张国平'","''","'中国商业出版社'","'2002-10'","'20.00'","7.2"
"4259287","女人受益一生的7堂女学课","","''张国平''","''''","''中国商业出版社''","''2002-10''","''20.00''","7.1"
"1026265","言言斋性学札记","","周越然","","广西师范大学出版社","2004-12","23.00元","7.7"
"5917293","爱的五重奏","周国平说女人、性、爱情、婚姻、孩子","周国平","","广西师范大学出版社","2011-1-15","38.00元","7.7"
"1469212","所有的男人都是消耗品","","[日] 村上龙","李重民","上海译文出版社","2006-1","13.00元","6.9"
"2372193","那件疯狂的小事","两性情感的229个问答","庄雅婷","","南方出版社","2008-1","22.00元","7.1"
"2374070","夫妻双修功","","杨林","","内蒙古人民出版社","2000-1-1","6.80","9.0"
"1228015","听说，情调是一门艺术（夏娃篇）","","（美）李文","","大众文艺出版社","2005-01","28.00","6.3"
"1049337","亲密关系的变革","现代社会中的性、爱和爱欲","[英] 安东尼·吉登斯","陈永国、汪民安 等","社会科学文献出版社","2001-2","18.00元","7.5"
"1031857","虐恋亚文化","","李银河","","今日中国出版社","1998-01","26.00","7.8"
"5990285","Premarital Sex in America","How Young Americans Meet, Mate, and Think about Marrying","Mark Regnerus、Jeremy Uecker","","Oxford University Press, USA","2011-1-10","USD 24.95","7.5"
"2222424","女人的起源","","[英]伊莲·摩根","刘筠","上海译文出版社","2007-8","19.00元","7.5"
"5337240","20岁定好位，30岁有地位","","苏芩","","湖南文艺出版社","2010-11","26.00元","7.0"
"5214185","男人不告诉你的那些事","","约翰·格雷","丁厉","中信出版社","2011-10","29.00元","5.1"
"10580811","亲爱的，为什么我不懂你？","","约翰·格雷","苏晴","中信出版社","2012-6","32.00元","7.0"
"10560264","彼得潘综合征","那些长不大的男人","[美]丹·凯利","李凤阳","北京联合出版公司","2012-4","28.00元","7.3"
"1899255","世界的渊源","女人性器官的真相与神话","（荷）德伦特 Jelto Drenth","施辉业","花城出版社","2006-9","35.00元","7.6"
"25802164","我係何式凝，今年五十五歲","","何式凝","韓麗珠","三聯書店 （香港）","2013-12-17","HK$ 88.00","8.3"
"6536334","差异的爱情才保鲜","","'何式凝'","'韓麗珠'","'三聯書店 （香港）'","'2013-12-17'","'HK$ 88.00'","6.9"
"5324403","原来，幸福就在转角处","","[韩] 南仁淑","","中信","2010-10","25.00元","8.1"
"10863395","男人那点坏 女人那点爱","","茅侃侃","","广东经济出版社","2012-7","25.00元","7.0"
"10564910","炼爱有道","","溏心","","中国华侨出版社","2012-4","28.00元","7.7"
"3527629","大男女","","刘达临","","华艺出版社","2009-1","22.00元","7.4"
"1843069","性爱神话美学","","李传龙","","社会科学文献出版社","2006-6","35.00元","6.3"
"4247339","乱抖情私","","'李传龙'","''","'社会科学文献出版社'","'2006-6'","'35.00元'","7.2"
"22677138","狠狠爱自己","女人不'狠',地位不稳2","曾子航","","中国友谊出版公司","2013-4","29.80元","7.6"
"1227044","野蛮人的性生活","","马林诺夫斯基（Malinowski）","金爽、高鹏","团结出版社","2005-01-01","28.00元","6.8"
"2022884","女性心理学","","[美]琼*C.克莱斯勒","汤震宇、杨茜","上海社会科学院出版社","2007-04-19","36.00元","7.2"
"6424937","可不可以不结婚","","珊德拉","","中国传媒大学","2011-6","25.00元","5.4"
"6785611","痴男怨女问沈爷","","沈宏非","","广西师范大学出版社","2011-8","29.00元","7.4"
"6981379","走过婚姻","","施寄青","","时代文艺出版社","2011-11-1","26.80元","7.4"
"2990695","爱，上了瘾","抚平因爱受伤的心灵","伊东明","","广梅芳","2008-1","28.00元","8.3"
"6427971","学会爱，超越爱","","素黑","","天津教育出版社","2011-5","28.00元","7.7"
"2351866","愛、欲望、出軌的哲學","","哈洛德．柯依瑟爾（Harald Koisser）、歐依根．馬力亞．舒拉克（Eugen Maria Schulak）","","商周文化事業股份有限公司","2007-12-4","100.00元","8.2"
"3822517","女人一秒都不能佔下風","","深雪","","青馬文化","2009-06-22","HK$62","7.3"
"1987182","还有一道荤菜叫男人","","罗西","","敦煌文艺出版社","2006-12","25.00元","5.9"
"5392348","婚姻奴","","王秀梅","","华文出版社","2011-1","28.00元","7.4"
"26286733","性的起源","第一次性革命的历史","[英] 法拉梅兹·达伯霍瓦拉(Faramerz Dabhoiwala)","杨朗","译林出版社","2015-3","58.00元","7.2"
"1194965","为什么真爱需要等待","","[美] 麦道卫","王培洁","江西人民出版社","2004-11","29.80元","8.1"
"1842411","爱与不爱之间","爱情与人际交往中的心理学","马家辉","","世界图书出版公司","2006-6-1","18.00元","6.9"
"3086501","读懂男人你会更幸福","","'马家辉'","''","'世界图书出版公司'","'2006-6-1'","'18.00元'","6.6"
"1083978","中美婚恋的性学分析","","丁子江","","中国工人出版社","2006-1","22.80元","6.8"
"1214619","性欲三论","","西格蒙德·弗洛伊德","","国际文化出版公司","2000-10","15","8.0"
"4071821","女人阶梯(下)","日本优秀侦探小说丛书","松本清张","朱书民","珠海出版社","2000.8","14","7.7"
"24884783","性学五章","","江晓原","","海豚出版社","2013-8","65.00元","7.7"
"4934278","我后悔与老婆结婚","","金珽运、Kim Chung Woon","于丹","重庆出版社","2010","28.00元","7.6"
"1311926","女人如何动感情","","赵赵","","朝华出版社","2005-5-1","18.0","5.6"
"4833482","脾气没了，福气来了","","'赵赵'","''","'朝华出版社'","'2005-5-1'","'18.0'","6.3"
"2379916","性義工","第一部探讨身心障碍者性的真实故事","河合香織","郭玉梅","八方出版股份有限公司","Dec 15, 2007","台幣280","8.1"
"2065357","爱情心理学","","弗洛伊德","林克明","作家出版社","1986.2","1.60","7.6"
"1384345","慾望巴黎","凱薩琳的性愛自傳","凱薩琳·米雷","","白馬","商周","2002","7.6"
"2005449","女人使用手册","","陆明","","敦煌文艺出版社","2007-1","25.00元","5.9"
"25859274","感官的教育","《布尔乔亚经验》第一卷","'陆明'","''","'敦煌文艺出版社'","'2007-1'","'25.00元'","8.0"
"3699680","读史做女人","","君子心","","浙江大学出版社","2009-6","28.00元","7.2"
"6038968","我爱故我在","","陶晶莹","","山东文艺出版社","2011-4","30.00元","7.4"
"1048768","神话中的男女关系","","方刚","","南方日报出版社","2000","19.00元","6.7"
"6069110","相夫","鉴人择偶秘籍","怀旧船长","","南海出版公司","2011-4-1","26.00元","7.5"
"25924913","你这辈子就是吃了太严肃的亏","","毕小双","","长江文艺出版社","2014-8-30","38","6.5"
"19948593","表演与偷窥","","小白","","上海译文出版社","2012-9","42.00元","8.0"
"1007625","中国女性的感情与性","","李银河","","今日中国出版社","1998-01","19.00","7.1"
"1048709","他需她要","","小威勒.哈里(美)","严世芬","中国社会出版社","1999-05","19.80","8.0"
"2005374","爱不能等待","","艾力","","新华出版社","2007-1","22.00元","7.1"
"2209663","孤独的性","手淫文化史","[美] 托马斯·拉科尔","杨俊峰、黄洁芳、王丹","上海人民出版社","2007-8","36.00元","7.2"
"3583309","7天女学馆","","苏芩","","万卷","2009-1","22.00元","6.9"
"5393690","来来来，我们一起来择偶","","宋晓鸣","","江苏人民出版社","2010-12","28.00元","7.4"
"4322880","聪明沟通，糊涂相处","","(韩) 李炳俊","千太阳","中信出版社","2010-5","26.00元","7.2"
"4200316","我愿意","","陈彤","","大众文艺出版社","2010-1-1","25.00元","7.3"
"24845741","性之变","21世纪中国人的性生活","潘绥铭、黄盈盈","","中国人民大学出版社","2013-7-1","78.00元","8.2"
"5381056","男人这种动物","","张荞","","中央编译出版社","2010-11","28.00元","6.7"
"25876010","婚姻晚晴天","","平安寿子","许岚","电子工业出版社","2014-1-1","CNY 36.00","7.1"
"6877604","忧伤的情欲","","周国平","","北京联合出版公司","2012-1","29.80元","7.4"
"5348116","草食系男子的恋爱学","","[日] 森冈正博","崔姗姗","中信出版社","2010-10","25.00元","6.5"
"6711374","木范情书","有关爱情的96则问答","木木","","上海人民出版社 图书策划公司：北京世纪文景文化传播公司","2011-7","26.00元","7.7"
"4210991","让步,才会更进步","","'木木'","''","'上海人民出版社 图书策划公司：北京世纪文景文化传播公司'","'2011-7'","'26.00元'","7.3"
"1315312","搞懂男人","","凯文・莱曼、陈珊珊","陈珊珊","中信出版社","2005-5-1","18.00元","7.2"
"2146336","分手清单","","[英] 麦克·盖尔","王歆","二十一世纪出版社","2007-7","25.00元","7.2"
"3107425","水洗的欲望","","Alon Gratch","","Three Rivers Press","2006-10-31","USD 12.95","6.4"
"2347645","天下最初的爱情故事","韩国版的《男人来自火星，女人来自金星》”，","李秀贤","懿卿","长江文艺出版社","2007-11","19.00元","7.0"
"26313089","姑娘，欢迎降落在这残酷世界","","黄佟佟","","江苏文艺出版社","2015-2","39.80","7.1"
"25923591","老师好美","","严歌苓","","天津人民出版社","2014-7-1","39.00元","5.7"
"5261630","亲密的艺术","","戈尔德史密斯","姜千蕊","南方出版社","2010-10","25.00元","7.2"
"25733094","色空书","","'戈尔德史密斯'","'姜千蕊'","'南方出版社'","'2010-10'","'25.00元'","6.6"
"1942595","男人是没有进化好的女人","","罗西","","中国林业出版社","2006-10","18.00元","6.8"
"2336338","女人十日谈","","尤里娅·沃兹涅先斯卡娅","伊芙、尚实","广州出版社","1995","16.80","7.6"
"26716119","民国男闺蜜","","崔艳","","广东人民出版社","2016-2-1","38.00元","7.9"
"25717330","初恋41次","香港中文大学才子的爱情惊奇物语","余晓熠","","北京联合出版公司","2013-9-1","29.8","7.3"
"11497522","男人就愛吃這套!","","桑妮亞．博格 Sonia Borg","趙小虎","尖端出版","2012-7-12","NT$599","6.8"
"11614289","30岁前,最好的修行是恋爱","","扎比内.里特尔 芭芭拉","王悦蓉","三联书店上海分店","2000-12","14.00","6.2"
"1925471","永恒之女性","","周国平","","中国华侨","2009-1","30.00元","7.8"
"3886010","我爱问连岳Ⅲ","","连岳","","作家出版社","2009-7","25.00","8.1"
"24747249","法国名媛的优雅圣经","","纳迪娜·德·罗思柴尔德","陈潇、曹蓓芳","安徽人民出版社","2013-6-1","32.00","6.9"
"4903295","黛丽拉和她的20个前男友","当爱情不靠谱的时候，你要好好爱自己","卡琳•波斯纳克（Karyn Bosnak）","方敏","北京燕山出版社","2010-11-11","28.00元","7.7"
"1527016","女人的内心世界","写给不懂女人的你","[日]岗部麻里","张平","山东文艺出版社","2002-06-01","11.30元","6.9"
"1971968","女人是比男人更高级的动物","没有结婚的读一遍，结了婚的请读两遍","黄佟佟","","新星出版社","2006-12","24.00元","7.3"
"3035544","臥房裡的哲學","","'黄佟佟'","''","'新星出版社'","'2006-12'","'24.00元'","8.0"
"4222342","裸婚","","介末","","北方妇女儿童出版社","2010-1","24.80元","7.7"
"3758306","女人的身体 女人的智慧","","克里斯蒂安·诺斯鲁普","","北方文艺","2009-6","35.00元","8.2"
"6894203","大胆爱","","倪震","","广西科学技术出版社","2011-11-20","32.00元","7.5"
"1538996","红色皇后","性与人性的演化","(英国)马特·里德利","范昱峰","四川人民出版社","2002-12-01","20.00元","8.0"
"3026673","女人的幸福与什么有关","","陈彤","","湖北人民出版社","2008-3","24.00元","7.8"
"5279521","浮世爱情","","黄佟佟","","上海三联书店","2010-8","25.00元","7.0"
"2368699","两性的冲突-五角丛书","五角丛书·第八辑","[英]约瑟·麦勃奎著、残马缩写","残马","上海文化出版社","1988.11","0.65元","6.8"
"1418734","絕頂愛情","","倪震","","天地圖書","2005年7月20日","HK$ 55.00","8.1"
"4175480","男人都是智障","","[德]汤米·尧德、Tommy Jaud","洪清怡","上海人民出版社","2010-7","24.00元","6.4"
"6859776","男人帮","","唐浚","","湖南文艺出版社","2011-10","39.00元","7.4"
"1444667","初晨","当恋人从床上醒来","让-克洛德·卡弗曼","","中信出版社","2005-9","22.00元","7.0"
"4250271","梦幻故事","","（奥）施尼茨勒","林娓 （译）、胡小孩 （校）","新星出版社","2010年1月","22.00元","8.1"
"1875197","中国绅士","","靳羽西","","中信出版社","2006-9","39.80元","7.5"
"1252685","爱情智商","","曹又方","","文汇出版社","2004-1","20.00元","6.6"
"5976617","裸男","","[英] 戴斯蒙德·莫里斯","李家真","新星出版社","2011-3","38.00元","7.1"
"6791841","锵锵三人行·只谈风月","","凤凰书品编","","湖南文艺出版社","2011-8","28.00元","7.2"
"11592899","当爱情，不只两个人","","许世彤","","高等教育出版社","2004-4","10.00元","6.5"
"6535984","女人果然来自金星","","吴晓赟","","凤凰出版社（原江苏古籍出版社）","2009-4","25.00元","7.2"
