"1023045","我们仨","","杨绛","","生活·读书·新知三联书店","2003-7","18.80元","8.6"
"26657570","活着为了讲述","","[哥伦比亚] 加西亚·马尔克斯","李静","南海出版公司","2016-4-1","CNY 55.00","9.0"
"1949026","影海生涯(上、下)","","李翰祥","","农村读物出版社","1987-08","8.90 元","8.9"
"1062343","昨日的世界","一个欧洲人的回忆","[奥］斯蒂芬・茨威格","舒昌善、孙龙生、刘春华、戴奎生","广西师范大学出版社","2004-5","32.00元","9.2"
"26939261","时光列车","","[美] 帕蒂·史密斯","非尔","理想国 | 广西师范大学出版社","2017-1","58.00","8.6"
"4842446","巨流河","","齐邦媛","","生活·读书·新知三联书店","2010-10","39.00元","8.7"
"20441569","被淹没和被拯救的","","'齐邦媛'","''","'生活·读书·新知三联书店'","'2010-10'","'39.00元'","9.1"
"3888123","写作这回事","创作生涯回忆录","[美]斯蒂芬·金","张坤","上海译文出版社","2009.08","28.00","8.6"
"26924030","柏辽兹回忆录","狂飙之子与十九世纪西欧文艺","[法] 埃克托尔·柏辽兹","冷杉、佟心平","后浪丨北京联合出版公司","2017-1","78.00元","9.8"
"1005358","寻找家园","","高尔泰","","花城出版社","2004-11-03","20.00","9.2"
"26856478","无路可逃","1966—1976自我口述史","冯骥才","","人民文学出版社","2016-8-1","CNY 28.00","8.5"
"1859140","上学记","","何兆武 口述、文靖 撰写","","生活·读书·新知三联书店","2006-8","19.80元","8.8"
"26323408","我坦言我曾历尽沧桑","","[智利]巴勃罗·聂鲁达","林光","南海出版公司","2015-4","49.50元","8.4"
"26672748","山居杂忆（插图精装版）","一个大家闺秀的百年家族记忆","高诵芬、徐家祯","","长江文艺出版社","2015-10","69.00","8.9"
"3393056","流动的盛宴","","[美] 海明威","汤永宽","上海译文出版社","2009-1","28.00","8.2"
"1144865","见证","","[苏] 肖斯塔科维奇 口述、伏尔科夫 记录并整理","叶琼芳","花城出版社","1998-1","23.00元","9.1"
"24525766","记忆小屋","","[美] 托尼·朱特","何静芝","商务印书馆","2013-5","28.00元","8.7"
"26906750","关于我父母的一切","","南帆","","东方出版中心","2016-11","35元","9.8"
"1191433","我的前半生","","爱新觉罗·溥仪","","群众出版社","2003-04-01","29.00","7.5"
"26427244","我所缄默的事","一位叛逆女儿的回忆","'爱新觉罗·溥仪'","''","'群众出版社'","'2003-04-01'","'29.00'","8.9"
"20433554","关山夺路","王鼎钧回忆录四部曲之三","王鼎钧","","生活·读书·新知三联书店","2013-1","36.00元","9.2"
"1288913","半生为人","","徐晓","","同心出版社","2005-1-1","28.00","8.3"
"3662230","七十年代","","北岛、李陀 主编","","生活·读书·新知三联书店","2009-7","42.00","8.5"
"20433556","昨天的云","回忆录四部曲之一","王鼎钧","","生活•读书•新知三联书店","2013-1-1","30.00元","8.7"
"1051231","黄河青山","黄仁宇回忆录","[美] 黄仁宇","张逸安","生活·读书·新知三联书店","2007-2","32.00元","8.3"
"26847432","為了活下去：脫北女孩朴研美","","朴研美","謝佩妏","大塊文化","2016-7","NT320","8.8"
"24738206","曼德施塔姆夫人回忆录","","(俄罗斯)娜杰日达·曼德施塔姆","刘文飞","广西师范大学出版社","2013-9","58.00元","9.0"
"1924213","逝去的武林","1934年的求武纪事","李仲轩 口述、徐皓峰 整理","","当代中国出版社","2006-11","24.00元","8.4"
"1926728","往事与随想","","(俄)赫尔岑","项星耀","人民文学出版社","1993-5","77.00","9.3"
"2118743","银元时代生活史","","陈存仁","","广西师范大学出版社","2007-5","38.00元","8.6"
"26599283","梅子青时","外婆的青春纪念册","张哲、刘梅香","","北京联合出版公司","2015-9","39.80元","8.2"
"20433553","怒目少年","王鼎钧回忆录四部曲之二","王鼎钧","","生活•读书•新知三联书店","2013-1-1","32.00元","8.8"
"5404877","安持人物琐忆","","陈巨来","","上海书画出版社","2011-1","40.00元","8.2"
"26859410","另一个世界","中国记忆1961-1962","林西莉","李之义","中华书局","2016-9-1","76.00元","8.4"
"1049361","比我老的老头","","黄永玉","","作家出版社","2003-7-1","23.00元","8.3"
"26586326","来自纳粹地狱的报告","奥斯维辛犹太医生纪述","[匈]米克洛斯·尼斯利","刘建波","北京联合出版公司·后浪出版公司","2015-9","32.00元","8.9"
"2042063","伊斯坦布尔","一座城市的记忆","[土耳其] 奥尔罕·帕慕克","何佩桦","上海人民出版社","2007-3","36.00元","8.4"
"1062423","牛棚杂忆","","季羡林","","中共中央党史出版社","2005-1","29.00元","8.3"
"1456524","这个世界会好吗","梁漱溟晚年口述","[美] 艾恺 采访、梁漱溟 口述、一耽学堂 整理","","东方出版中心","2006-1","35.00元","7.9"
"1000531","第二次世界大战回忆录（全六卷）","","温斯顿·丘吉尔","吴万沈等","南方出版社","2003-4-1","298.0","8.7"
"2377012","聆听父亲","","张大春","","上海人民出版社","2008-1","25.00元","8.6"
"1015403","今生今世","我的情感历程","胡兰成","","中国社会科学出版社","2003-9","23.80元","7.7"
"3071861","周有光百岁口述","","周有光、李怀宇","","广西师范大学出版社","2008-5","28.00元","8.4"
"6085417","遗产","","[美] 菲利普·罗斯","彭伦","上海译文出版社","2011-8","22.00元","8.5"
"26850675","我死过,我幸存,我作证","","邵燕祥","","作家出版社","2016-7-1","CNY 50.00","8.0"
"2045811","张国荣的时光","","志摩千岁","","上海书店出版社","2011-12","28.00元","9.0"
"1433346","旁观者","管理大师德鲁克回忆录","[美] 彼得.德鲁克","廖月娟","机械工业出版社","2005-9","38.00元","8.7"
"6438955","北京十年","","罗孚","","中央编译出版社","2011-5","48.00元","8.2"
"1007313","留德十年","","季羡林","","中国人民大学出版社","2004-11","18.80","8.4"
"24834615","费正清中国回忆录","","[美] 费正清","熊文霞","中信出版社","2013-8-1","68.00元","8.1"
"3418938","被遗忘的士兵","一个德国士兵的苏德战争回忆录","[法] 盖伊·萨杰","杨华钢","新华出版社","2009-1-1","36.00","9.0"
"2040853","紫禁城的黄昏","","(英)庄士敦","陈时伟","山东画报出版社","2007-4","28.00元","7.8"
"26278990","逝年如水","周有光百年口述","周有光","","浙江大学出版社","2015-2-1","88.00元","8.6"
"24876899","顾维钧回忆录（全13册）","","顾维钧","唐德刚","中华书局","2013-8-11","990.00","9.2"
"26735057","第二本书","","[俄] 娜杰日达·曼德施塔姆","陈方","广西师范大学出版社","2016-5","78.00","8.4"
"25807918","莎士比亚书店","","[美] 西尔维亚·毕奇","恺蒂","译林出版社","2014-4","38.00","7.8"
"1050951","米沃什词典","","[波兰] 切斯瓦夫·米沃什","西川、北塔","三联书店","2004-06","18.50元","8.2"
"1025384","墓中回忆录","","[法] 夏多布里昂","郭宏安 选译","生活·读书·新知三联书店","1997-4","12.80元","8.1"
"1400710","读史阅世六十年","","何炳棣","","广西师范大学出版社","2009-3","39.80元","8.3"
"1450065","李宗仁回忆录（上下）","","李宗仁 口述、唐德刚 撰写","","广西师范大学出版社","2005-12","68.00元","8.4"
"1001848","格格不入","萨义德回忆录","[美] 爱德华·W. 萨义德","彭淮栋","生活·读书·新知三联书店","2004-12","26.00元","8.4"
"11597383","一个女人的自传","","杨步伟","","广西师范大学出版社","2014-7","40.00","8.5"
"1000325","人·岁月·生活（全三册）","爱伦堡回忆录","[俄] 伊利亚·爱伦堡","冯江南、秦顺新","海南出版社","1999-10","88.00元","8.8"
"10485866","暴风雨的记忆","1965 - 1970年的北京四中","北岛、曹一凡、维一","","生活·读书·新知三联书店","2012-3-1","36.00元","8.2"
"26791405","八百万种走法","","[美]劳伦斯·布洛克","兰尼","广西师范大学出版社·理想国","2016-6","42.00","7.6"
"10876101","不合理的行为","","唐·麦卡林、刘易斯·切斯特","李文吉","广西师范大学出版社","2012-7","49.80元","8.8"
"1270551","八十忆双亲 师友杂忆","","钱穆","","生活·读书·新知三联书店","2005-03","22.50元","9.0"
"5914551","我在故宫看大门","","维一","","生活·读书·新知三联书店","2011-4","31.00元","8.1"
"1469414","世界美如斯","","[捷克] 雅罗斯拉夫·赛弗尔特","杨乐云、杨学新、陈韫宁","中国青年出版社","2006-1","42.00元","8.7"
"6886415","肖斯塔科维奇回忆录","","肖斯塔科维奇、所罗门·伏尔科夫","叶琼芳","外文出版局","1981","1.20元","9.2"
"20433557","文学江湖","王鼎钧回忆录四部曲之四","王鼎钧","","生活·读书·新知三联书店","2013-1","45.00元","8.2"
"3227346","听杨绛谈往事","","吴学昭","","生活·读书·新知三联书店","2008-10","29.00","8.1"
"25723799","野心优雅","任志强回忆录","任志强","","江苏文艺出版社","2013-9","58.00元","7.7"
"26757864","百年旧痕","赵珩谈北京","赵珩口述审订、李昶伟录音采写","","生活·读书·新知三联书店","2016-2","48.00","7.8"
"1480812","思考与回忆","俾斯麦回忆录（全三卷）","［德］奥托·冯·俾斯麦","杨德友、同鸿印","生活·读书·新知三联书店","2006-2","59.80","8.5"
"26022684","一本严格意义上的日记","","勃洛尼斯拉夫•马林诺夫斯基","卞思梅、何源远、余昕","广西师范大学出版社","2015-1-1","49.00元","8.1"
"1482496","一生的故事（全六册）","","[俄] 康·帕乌斯托夫斯基","非琴","河北教育出版社","2001-1","72.00元","9.5"
"24838578","西南联大行思录","","张曼菱","","生活·读书·新知三联书店","2013-6","48.00","8.4"
"10740093","斯坦纳回忆录","审视后的生命","(美)乔治·斯坦纳","李根芳","浙江大学出版社","2012-7","34.00元","8.9"
"26734109","Lab Girl","","Jahren, Hope","","Knopf","2016-4-5","USD 30.45","7.8"
"1982116","我与兰登书屋","贝内特·瑟夫回忆录","贝内特·瑟夫","彭伦","人民文学出版社","2007年2月","30.00","8.4"
"4213397","莱昂内往事","","塞尔吉奥·莱昂内、诺埃尔·森索洛","李洋","广西师范大学出版社","2010-1","29.00元","8.9"
"26578129","何有此生","一个日本遗孤的回忆","[日]中岛幼八","","生活•读书•新知三联书店 生活书店出版有限公司","2015-8-1","39.00","7.8"
"2604801","我的一个世纪","","董竹君","","生活·读书·新知三联书店","2008-1","39.80元","8.0"
"5376976","德意志的另一行泪","“二战”德国老兵寻访录","朱维毅","","世界图书出版公司","2010-11","45.00元","8.7"
"25944034","菊次郎与佐纪","","[日]北野武","陈宝莲","译林出版社","2015-2","29","8.6"
"1012221","浮生三记","","沈君山","","三联书店","2003-10","18.00","8.2"
"20280677","百岁忆往","","周有光","","生活·读书·新知三联书店","2012-10","25.00元","8.3"
"2976744","若干重大决策与事件的回顾（上下）","","薄一波","","中共党史出版社","2008-1","88.00元","8.5"
"2128063","抗战时代生活史","","陈存仁","","广西师范大学出版社","2007-5","32.00元","8.4"
"10541710","老头儿汪曾祺","我们眼中的父亲","汪朗、汪明、汪朝","","中国青年出版社","2012-1","49.60元","8.9"
"2051788","流浪王妃","","爱新觉罗 浩","","北京十月文艺出版社","1985-12","1.2","8.6"
"24827120","爽","七十年代私人札记","李爽","","新星出版社","2013-6","35","8.2"
"3905365","水流云在","英若诚自传","英若诚、康开丽","张放","中信出版社","2009-9-1","32.00元","8.5"
"1019945","拉贝日记","","[德] 约翰·拉贝","《拉贝日记》翻译组","江苏人民出版社","1997-10","36.00","8.3"
"5269145","沉浮与枯荣","八十自述","江平、陈夏红","","法律出版社","2010-9","48.00元","7.9"
"4312477","天地九重","","杨利伟","","解放军出版社","2010","36.00元","8.8"
"10599768","碧河彼时","我的剑桥童年","[英]格温•拉弗拉","管可秾","商务印书馆","2012-12","52.00元","8.9"
"1017848","杂记赵家","","杨步伟","","辽宁教育出版社","1998-3","9.20元","8.2"
"25731990","我是落花生的女儿","","许燕吉","","湖南人民出版社","2013-10-1","39.80元","8.3"
"26758026","温家宝地质笔记","","温家宝","","地质出版社","2016-3-1","CNY 86.00","8.0"
"1001769","知堂回想录（上下）","","周作人","止庵","河北教育出版社","2002-1-1","38.9","8.7"
"25886167","武人琴音","","徐皓峰、徐骏峰","","人民文学出版社","2014-4","29.00","8.6"
"25893943","和王世襄先生在一起的日子","","田家青","","三联书店","2014-5","48.00","8.5"
"10574080","不够知己","","温源宁","江枫","外语教学与研究出版社","2012-3","39.00元","8.6"
"1103241","白宫岁月(全四册)","","亨利·基辛格","陈瑶华","世界知识出版社","2003-1","120.0","8.6"
"25986829","威廉·夏伊勒的二十世纪之旅","","威廉·夏伊勒","汪小英、邱霜霜、戚凯、卢欣渝","中国青年出版社","2014-8-1","160.00元","9.2"
"3321680","小舟","","周仲铮","","中国文联出版公司","1986年7月","1.45","9.2"
"6735536","小脚与西服","张幼仪与徐志摩的家变","张邦梅","谭家瑜","黄山书社","2011-9","28.00元","8.5"
"3863494","季羡林读书与做人","读书与做人","季羡林","","国际文化出版公司","2009年7月","32.00元","8.0"
"2326230","我的精神自传","","钱理群","","广西师范大学出版社","2007-12","35.00元","8.6"
"2365288","波兰斯基回忆录","","（法）罗曼·波兰斯基","喇培康","新星出版社","2008-1","32.00","8.3"
"20424572","敢问路在何方","我的30年西游路","杨洁","","江苏文艺出版社","2013-1-1","36.00元","8.6"
"26584055","米塞斯回忆录","","[奥地利]路德维希·冯·米塞斯","黄华侨","上海社会科学院出版社","2015-9-1","38.00元","8.6"
"26684744","A Life Beyond Boundaries","A Memoir","Benedict Anderson","","Verso","2016-4-26","USD 24.95","8.6"
"26287487","等待倾听","等待倾听:阿曼达·诺克斯回忆录","阿曼达·诺克斯[美]","李新红","安徽科学技术出版社","2014-10-19","38","9.3"
"2142687","张学良口述历史","","张学良 口述、唐德刚 撰写","","中国档案出版社","2007-7","25.00元","7.3"
"26674220","章开沅口述自传","","章开沅口述  彭剑整理","","北京师范大学出版社","2015-11-1","CNY 58.00","8.6"
"1437162","随想录","","巴金","","作家出版社","2005-01-01","46.00元","8.1"
"24869453","介入的旁观者","雷蒙·阿隆访谈录","[法] 雷蒙·阿隆","杨祖功、海鹰","吉林出版集团有限责任公司","2013-8","42.00","8.3"
"1937955","胡适之先生晚年谈话录","","胡颂平","","新星出版社","2006-10","25.00","8.5"
"25944419","大地上所有的河流","","维舟","","新星出版社","2014-9","36","7.3"
"6743308","捍卫记忆","利季娅作品选","[俄罗斯] 利季娅·丘可夫斯卡娅","蓝英年、徐振亚","广西师范大学出版社","2011-9","45.00元","8.9"
"1007918","第一次世界大战回忆录（全五卷）","","[英] 温斯顿·丘吉尔","吴良健、刘立、刘精香、王翼龙、王铁生、高卓","南方出版社","2002-07","99.00元","8.5"
"1868786","列侬回忆","","[美] 扬·温纳","陈维明、马世芳","广西师范大学出版社","2011-3","39.00元","8.0"
"1575685","顾维钧回忆录(第一分册)","","顾维钧","中国社会科学院近代史研究所","中华书局","1983-5","2.45元","9.0"
"4819994","也同欢乐也同愁","忆父亲陈寅恪母亲唐筼","陈流求、陈小彭、陈美延","","生活·读书·新知三联书店","2010-4","32.00元","8.0"
"7067171","黄慕兰自传","","黄慕兰","","中国大百科全书出版社","2011-12","56.00元","7.0"
"25770575","宁静的地平线","","张郎郎","","中华书局","2013-10","32.00元","8.7"
"26794875","战俘营回忆录：1680天","","[法] 雅克·塔蒂","申华明","北京联合出版公司·后浪出版公司","2016-7","128.00元","9.0"
"1916614","我，十三岁，妓女，吸毒者……","","[西德] 凯·赫尔曼、霍斯特·里克 整理","戴明沛 等","作家出版社","1988-4","2.45元","7.8"
"3616661","卡夫卡口述","","（奥）卡夫卡口述、（捷）雅诺施记录、赵登荣译","赵登荣","上海三联书店","2009-3","19.80元","8.8"
"1976072","曼施泰因元帅战争回忆录","","冯·埃里希·曼施泰因","戴耀先","解放军出版社","2006-3","43.00元","8.5"
"4210379","京华忆往","","王世襄","","生活·读书·新知三联书店","2009-12","36.00元","8.7"
"1418650","胡适杂忆","","唐德刚","","广西师范大学出版社","2005-08-01","22.00","8.5"
"1076285","漏船载酒忆当年","","杨宪益","薛鸿时","北京十月文艺出版社","2001-4","15.00元","8.4"
"25940602","梁漱溟日记（上下）","","梁漱溟","世纪文景","上海人民出版社","2014-9","108.00元","8.1"
"25755752","监狱琐记","","王学泰","","生活·读书·新知三联书店","2013-10","28.00","8.4"
"25861518","奢侈","爱马仕总裁回忆录","[法] 克里斯蒂安•布朗卡特","纪江红、徐碧茗","广西师大出版社","2014-4","58.00","6.8"
"10601655","台北爸爸，纽约妈妈","","陈俊志","","辽宁教育出版社","2012-5","39.80元","8.1"
"26108253","Girl in a Band","A Memoir","Kim Gordon","","Dey Street Books","2015-2-24","USD 27.99","8.9"
"26767764","无悔 : 陈明忠回忆录","陈明忠回忆录","陈明忠 口述、李娜 整理编辑、吕正惠 校订","","生活·读书·新知三联书店","2016-4","48.00","7.9"
"19971138","泥泞中的老虎","德国陆军装甲王牌奥托·卡里乌斯自传","奥托·卡里乌斯","李洛","北京艺术与科学电子出版社","2012-9","48","8.8"
"2183783","粟裕回忆录","","粟裕","","解放军（原长虹）","2007-8","46.00元","8.4"
"1082102","风雨独立路","李光耀回忆录（1923-1965）","李光耀","","外文出版社","1998-09","24.80","8.3"
"25848311","杨洁自述","我的九九八十一难","杨洁","","中国人民大学出版社","2014-4-1","CNY 49.80","8.3"
"11445599","一九四九国府垮台前夕","龚选舞回忆录","龚选舞","","世界图书出版公司·后浪出版公司","2015-4","35.00元","7.5"
"3115303","一生的远行","","季羡林","","华艺出版社","2008-6","42.00元","8.2"
"26298299","生活本身","","罗杰·伊伯特","张文思","世界图书出版公司北京公司","2015-3-1","CNY 68.00","7.9"
"2995151","三生影像","","聂华苓","","生活·读书·新知三联书店","2008-02","49.00元","8.5"
"1073656","经历：我的1957年","我的一九五七年","和凤鸣","","敦煌文艺出版社","2001-03","29.00元","8.6"
"10539598","飘零一家","从大陆到台湾的父子残局","亮轩","","广西师范大学出版社","2012-3","36.00元","7.8"
"26921246","女儿亚妮","","何守先（著）、亚妮（整理）","","新星出版社","2017-1","56.00元","7.6"
"1071819","经济腾飞路","李光耀回忆录（1965-2000）","[新加坡] 李光耀","","外文出版社","2001-9","29.00元","8.7"
"26449650","擁有七個名字的女孩","一個北韓叛逃者的真實故事","李晛瑞、大衛.強","朱浩一","愛米粒","2015-8-1","NT$380","8.1"
"26671867","我们三代人","","汤一介","","中国大百科全书出版社","2016-1-1","68.00元","7.9"
"3413803","钏影楼回忆录","","包天笑","","中国大百科全书出版社","2009-1","76.00元","8.4"
"1943703","一个红卫兵的自白","最新修订版","梁晓声","","文化艺术出版社","2006-10","32.00元","8.1"
"6310990","沈宗瀚自述（全三册）","","沈宗瀚","","黄山书社","2011-9-1","60.00元","9.2"
"25853069","切尔诺贝利之花","","[法]艾玛纽埃尔·勒巴热","郭佳、颜筝","生活·读书·新知三联书店","2014-4","120.00","9.0"
"4173112","我的光荣与信仰","大律师丹诺回忆录","[美] 克莱伦斯·丹诺","简贞贞","金城出版社","2010-1","39.80元","8.4"
"1418648","胡适口述自传","","胡适 口述、唐德刚 译注","","广西师范大学出版社","2009-7","24.00元","8.4"
"4882116","在华五十年","","(美) 司徒雷登","常江","海南出版社","2010-7","39.80元","8.2"
"2594830","从战争中走来：两代军人的对话","张爱萍人生记录","张胜","","中国青年出版社","2008-1","45.00元","8.5"
"1450542","齐如山回忆录","","齐如山","","辽宁教育出版社","2005-10","33.00元","8.2"
"10546136","我的兄弟王小波","","王小平","","江苏文艺出版社","2012-5","28.00元","8.3"
"1465547","领袖们","","尼克松","","刘湖 等","知识出版社","1984年2月第一版","8.6"
"1534948","隐面人","前东德情报局局长回忆录","[德]马库斯·沃尔夫","胡利平","国际文化出版公司","1999-7","25.0","8.9"
"4912689","杂忆与杂写","增订本","杨绛","","生活·读书·新知三联书店","2010-7","29.00元","8.6"
"4220232","曲人鸿爪","张充和曲人本事","张充和口述、孙康宜撰写","","广西师范大学出版社","2010-1","39.00元","7.8"
"1593010","桑榆忆往","","程千帆","","上海古籍出版社","2000-09-01","14.4","8.7"
"25932093","小园即事","张充和雅文小集","张充和","","广西师范大学出版社","2014-8","49.00","8.0"
"4224723","一个德国人的故事","哈夫纳1914~1933回忆录","赛巴斯提安·哈夫纳","周全","花城出版社","2009-11","20.00元","8.2"
"25733969","蹉跎坡旧事","一代中国农人的耕读梦","沈博爱","","语文出版社","2013-10","48.00元","8.0"
"4212230","许倬云谈话录","","许倬云口述、李怀宇撰写","","广西师范大学出版社","2010.1","29.00元","8.1"
"1691568","我与悲鸿","16开","蒋碧微","","书海出版社","2006-2","25.00元","7.5"
"26791192","各在天一涯","二十位港台海外知识人谈话录","叶嘉莹 白先勇等 口述、李怀宇 采写","","中华书局","2016-3","56.00元","7.3"
"1424665","我们的钱瑗","","杨绛等著","","生活·读书·新知三联书店","2005-9","16.00元","7.6"
"5254318","缝不起来的伤痕童年","","(美)戴维·斯摩尔","廖美琳","人民文学出版社","2010-8","32.00元","9.0"
"4729631","汪政权的开场与收场","","'(美)戴维·斯摩尔'","'廖美琳'","'人民文学出版社'","'2010-8'","'32.00元'","8.7"
"1945073","没有不散的筵席","外交家顾维钧夫人自述","''(美)戴维·斯摩尔''","''廖美琳''","''人民文学出版社''","''2010-8''","''32.00元''","7.4"
"1029197","外交十记","","钱其琛","","世界知识出版社","2003-10-1","48.00","7.3"
"5446436","禁地青春","我的核基地生活","魏世杰","","青岛出版社","2010-12","39.00元","8.6"
"1138946","蒋廷黻回忆录","","蒋廷黻","","岳麓书社","2003-9","13.8","8.2"
"3661833","夜來臨：吳國楨見證的國共爭鬥","","吳國楨","吳修垣（譯）、馬軍（ 校訂、註釋）","香港中文大學出版社","2009","USD 23","7.7"
"3415676","我父亲的梦想","奥巴马回忆录","[美国] 巴拉克·奥巴马","王辉耀、石冠兰","译林出版社","2009-1","38.00","7.5"
"26760888","暗夜里，还亮着灯","","周牧","","生活·读书·新知三联书店  生活书店出版有限公司","2016-3","34.00元","7.6"
"2106270","积微翁回忆录","","杨树达","","北京大学出版社","2007","28.00元","8.6"
"25804571","儿子，你要活下去","","[法]品雅特海","李广平","花城出版社","2014-1-1","36.00","8.5"
"2146129","新疆五十年","包尔汉回忆录","'[法]品雅特海'","'李广平'","'花城出版社'","'2014-1-1'","'36.00'","7.9"
"1016454","东史郎日记","","東史郎","","江苏教育出版社","1999-04","25.00","8.0"
"24743202","红蕖留梦","叶嘉莹谈诗忆往","叶嘉莹口述、张候萍撰写","","三联书店","2013-5","48.00","8.8"
"4744046","趣味横生的时光","我的20世纪人生","[英] 艾瑞克.霍布斯鲍姆","周全","中信出版社","2010-03","39.00元","8.3"
"26364711","缅怀玛丽娜·茨维塔耶娃","女儿的回忆","（俄）阿里阿德娜·艾伏隆","谷羽","广西师范大学出版社","2015-6","69.00元","8.4"
"1038208","苦笑录","现代稀见史料书系","陈公博","","东方出版社","2004-3-1","30.00","7.9"
"26264004","鴻","三代中國女人的故事","張戎","張樸","臺灣中華書局股份有限公司","1996-9","NT280","8.3"
"24852365","天涯晚笛","听张充和讲故事","苏炜","","广西师范大学出版社·理想国","2013-7","39.80元","7.8"
"1009368","李敖回忆录","","李敖","","中国友谊出版社","2004-08","26.00元","7.9"
"1907315","雷蒙·阿隆回忆录","五十年的政治反思","[法]雷蒙·阿隆","杨祖功 等","新星出版社","2006-9","68.00元","8.2"
"25551562","李光耀回忆录","我一生的挑战——新加坡双语之路","(新加坡)李光耀","","译林出版社","2013-11","38","7.5"
"2190997","龔楚將軍回憶錄（上、下）","","龚楚、闻堂","","明报月刊社","1978年5月","HK$10","8.1"
"1542539","杨尚昆日记（上、下）","","杨尚昆","","中央文献出版社","2001-10","90.00元","8.1"
"26265940","寒星下的布拉格","1941-1968","[捷克]海达·科瓦莉","张芸","花城出版社","2014-11","35.00元","8.6"
"1264559","闪击英雄","古德里安大战回忆录","海因茨・古德里安","","陕西师范大学出版社","2005-03","33.00","8.5"
"1976217","赫鲁晓夫回忆录（全三卷）","","尼基塔.谢.赫鲁晓夫","述弢 等","社会科学文献出版社","2006-12-1","198.00元","8.1"
"2337526","冈村宁次回忆录","","（日）冈村宁次、（日）稻叶正夫（编）","天津市政协编译委员会","中华书局","1981年12月","1.40","8.2"
"26735056","同时代人回忆契诃夫","","[俄] 戈鲁勃夫 等","倪 亮 等、耿海英 等","广西师范大学出版社","2016-5","98","8.0"
"1075022","毕竟是书生","","周一良","","北京十月文艺出版社","1998-05-01","13.00","7.7"
"25765442","说不尽的外交","","李肇星","","中信出版社","2013-12-1","58.00元","7.6"
"25722114","我的人生故事","","周有光","","当代中国出版社","2013-10-1","36","8.3"
"4267107","多少往事烟雨中","","陈愉庆","","人民文学出版社","2010-1","30.00元","8.5"
"21778431","同时代人回忆陀思妥耶夫斯基","","(俄罗斯)多利宁","翁文达","广西师范大学出版社","2014-3","82.00","8.5"
"21778487","安娜·陀思妥耶夫斯卡娅回忆录","","(俄罗斯)安娜·陀思妥耶夫斯卡娅","倪亮","广西师范大学出版社","2013-9","62.00元","8.4"
"26430399","阎明复回忆录","","阎明复","","人民出版社","2015-6-1","CNY 138.00","8.0"
"2156890","第三帝国内幕","阿尔贝特·施佩尔回忆录","【德】阿尔贝特·施佩尔","邓蜀生、于干、张伯健、方生、韩光焘、朱基俊、陈羽纶、胡其鼎","三联书店","1982-5","2.05","8.7"
"11534353","张发奎口述自传","国民党陆军总司令回忆录","张发奎","夏莲瑛 访谈及记录、胡志伟 译注","当代中国出版社","2012-7-1","56.00元","8.2"
"1814841","亲历长征","来自红军长征者的原始记录","刘统","","中央文献出版社","2006-3","50.00元","8.7"
"2262233","托洛茨基：我的生平","","(苏)列夫·托洛茨基","赵泓、田娟玉、郑异凡","上海人民出版社","2007-9","40.00元","8.2"
"2000789","里芬施塔尔回忆录","","[德]莱妮·里芬施塔尔","丁伟祥","学林出版社","2007年1月","39.80元","8.1"
"25883308","两个世界的回忆","个人生命的旁白","(德) 福兰阁","欧阳甦","社会科学文献出版社","2014-7","59.00元","9.4"
"1801430","我的情报与外交生涯","","熊向晖","","中共党史出版社","2006-3","39.80元","8.2"
"1986331","获救之舌","","埃利亚斯·卡内蒂","陈恕林、宁瑛、蔡鸿君","新星出版社","2006-12","33.00元","8.4"
"3710548","曹汝霖一生之回忆","","曹汝霖","","中国大百科全书出版社","2009-4","58.00元","8.4"
"26829115","客居忆往","哲学人生问答录","洪汉鼎","","中国人民大学出版社","2016-6","78.00元","7.9"
"1434016","菊坛旧闻录","","丁秉鐩","","中国戏剧出版社","1995年10月","22.8元","9.1"
"2333097","亲历兄弟连","温特斯少校回忆录","温特斯","李霄垅","译林","2007-10","29.50元","8.5"
"1839575","罗素回忆录","来自记忆里的肖像","伯特兰·罗素","吴凯琳","希望出版社","2006-7","28.00元","8.3"
"4861524","血战太平洋之决战冲绳岛","","E.B.斯莱奇","张志刚","译林出版社","2010-05-31","29.80元","8.2"
"24722094","我与岩波书店","一个编辑的回忆：1963～2003","[日] 大冢信一","杨晶、马健全","生活·读书·新知三联书店","2014-3","38.00","7.6"
"3036904","十字架上的校長：張敏之夫人回憶","","王培五口述　高惠宇、劉臺平整理","","文經社","2000-01-01","NT 200","7.7"
"3397116","纳粹上台前后我的生活回忆","","（德）卡尔•洛维特","区立远","学林出版社","2008年12月","22.00元","8.3"
"1068803","上海的女儿","","[美] 周采芹","何毅华","广西人民出版社","2002-4","23.00元","7.4"
"1057892","在性与爱之间挣扎","在性与爱之间争扎","莎乐美","北塔、匡咏梅","上海人民出版社","2003-08","29.80元","7.4"
"1025355","1966","我们那一代的回忆","徐友渔","","中国文联出版公司","1998-10","21.80元","8.2"
"25661917","青春之歌","追忆1970年代台湾左翼青年的一段如火年华","郑鸿生","","生活·读书·新知三联书店","2013-8","49.00","8.3"
"26351142","秋籁居忆旧","","成公亮口述、严晓星执笔","","中华书局","2015-3","58.00","8.6"
"10789137","雪白血红","一名德军士兵的东线回忆录","[德]京特·K·科朔雷克","小小冰人","汕头大学出版社","2012-6-24","39.80元","8.2"
"26681315","一个定理的诞生","我与菲尔茨奖的一千个日夜","[法]塞德里克·维拉尼  著、[法]克劳德·龚达尔  绘","马跃、杨苑艺","人民邮电出版社","2015-11","39.00元","8.9"
"1039544","梁思成、林徽因与我","","林洙","","清华大学出版社","2004-6","42.00","7.3"
"1447905","回忆录","世纪人文系列丛书","（法）托克维尔","周炽湛、曾晓阳","上海人民出版社","2005-10-1","28.00元","8.3"
"4240569","复归的素人","文字中的人生","徐干生、编者：徐贲","","新星出版社","2010.1","38.00元","8.3"
"1914636","蛤蟆的油","","[日] 黑泽明","李正伦","南海出版公司","2006-11","25.00元","8.4"
"25778641","心殇：我在伪满洲国读书的日子","我在伪满洲国读书的日子","过客","","中国文史出版社","2013-12","32.80元","8.9"
"3932425","父亲的荣耀","","马塞尔·帕尼奥尔","施康强","浙江文艺出版社","2009-8","15.00元","8.7"
"2046748","黑皮自白","一个军统上校的笔记","关梦龄、李占恒","","新华出版社","2007-03-01","20.00元","8.0"
"2334445","李香兰—我的前半生","假冒中国人的自白","[日] 山口淑子、[日] 藤原作弥","巩长金、孟瑜","解放军出版社","1989-2","4.85元","8.1"
"3297608","费曼手札","不休止的鼓声","R·P费曼","叶伟文","湖南科学技术出版社","2008","45.00元","8.6"
"1014518","茨维塔耶娃文集：回忆录","","（俄罗斯）茨维塔耶娃","董晓","东方出版社","2003-01-01","24.00","8.4"
"10761718","苏北利亚","","于疆","","花城出版社","2012-5-20","22.00元","8.2"
"21322534","姥爷","电影","蒋雯丽","","长江文艺出版社","2013-3","34.80元","8.5"
"3134309","民国采访战","《纽约时报》驻华首席记者阿班回忆录","[美] 哈雷特·阿班","杨植峰","广西师范大学出版社","2008-6","34.00元","8.1"
"24376169","山里山外","","王鼎钧","","生活·读书·新知三联书店","2013-4","35.00元","8.4"
"25876364","无上荣耀","赖斯回忆录","[美]康多莉扎·赖斯","刘勇军","湖南人民出版社","2014-6","68.00元","8.0"
"26339094","死亡特雷布林卡","最后一个犹太幸存者的回忆录（1942－1943）","奇尔·拉什曼","徐小薇","上海文艺出版社","2015-4-1","35","8.4"
"20493389","回家记","","段义孚","志丞","上海译文出版社","2013-1","28.00元","8.0"
"1949684","师门五年记·胡适琐记（增补本）","","罗尔纲","","生活·读书·新知三联书店","2006-11","22.00元","8.4"
"6525712","我的朝鲜战争","一个志愿军战俘的六十年回忆","张泽石","","金城出版社","2011-7","48.00元","8.1"
"3138950","麦克阿瑟回忆录","","（美）道格拉斯·麦克阿瑟（Douglas MacArthur）","上海师范学院历史系翻译组","上海译文出版社","1984年3月","1.85","8.3"
"1027818","洛克菲勒回忆录","历史上惟一的洛克菲勒家族自传","[美] 洛克菲勒 著","曹彦博 译","中信出版社","2004-01","48.00元","7.5"
"10802766","我的朋友鲁迅","鲁迅挚友内山完造回忆录","(日)内山完造","","北京联合出版公司","2012-11-10","28.00元","7.2"
"5383659","军统第一杀手回忆录1","亲历军统初建时期工作记录","陈恭澍","","中国友谊出版公司","2010-11","29.80元","7.9"
"25750614","我的中国心结：一个中国知识分子的苏联流亡记","一个中国知识分子的苏联流亡记","'陈恭澍'","''","'中国友谊出版公司'","'2010-11'","'29.80元'","7.3"
"1767646","彭德怀自述","","彭德怀","","人民出版社","1981","0.98","8.1"
"1100698","旅人","","汤川秀树","","河北科学技术出版社","2000-10","24.00元","8.6"
"1870848","浮生再记","","沈君山","","生活·读书·新知三联书店","2006-8","17.00元","7.8"
"24857759","湘西往事：黑帮的童话2","","'沈君山'","''","'生活·读书·新知三联书店'","'2006-8'","'17.00元'","8.6"
"25750459","A Single Tear","A Family's Persecution, Suffering, Love and Endurance in Communist China","Wu Ningkun、Li Yikai","","Hodder & Stoughton Ltd","1993-6-3","GBP 18.99",""
"6859746","我的罗陀斯","上海七十年代","吴亮","","人民文学出版社","2011-8","29.00元","7.9"
"26267259","孤独相伴","戈尔巴乔夫回忆录","(俄罗斯) 戈尔巴乔夫","潘兴明","译林出版社","2015-1","48.00","7.1"
"26248240","H Is for Hawk","","Helen MacDonald","","Grove Press","2015-3-19","GBP 15.39","8.1"
"4778442","我等不到了","","余秋雨","","人民文学出版社","2010-05-01","35.00元","7.8"
"26183740","保罗·安德鲁建筑回忆录","","(法) 保罗·安德鲁","周冉  缪伶超 王笑月","中信出版社","2014-11","58.00元","8.1"
"3011403","历史在这里沉思（全3册）","1966-1976年记实","周明 主编","","华夏出版社","1986-8","7.30元","8.8"
"10532927","一辈古人","","汪曾祺","","北京十月文艺出版社","2012-7-1","36.00元","9.0"
"1003562","从家乡到美国-赵元任早年回忆","","赵元任","","学林出版社","1997-03","11.00","8.0"
"1967640","长沙.常德.衡阳血战亲历记-国民党将领葛先才将军抗战回忆录","","葛先才","","团结出版社","2007-1","34.8","8.4"
"4189138","重返1976","我所经历的“总理遗言”案","袁敏","","人民文学出版社","2009年12月","32.00元","7.5"
"1010315","新亚遗铎","","钱穆","","生活·读书·新知三联书店","2005-3","43.00元","8.6"
"2979793","我的美国之路","美国四星上将前国务卿科林·鲍威尔自传新修订典藏","科林·鲍威尔","王振西","昆仑出版社","2007-12-01","50","8.9"
"20258511","留学时代","","周作人、蒋梦麟、许地山、赵元任、蒋廷黻、徐志摩、朱光潜、浦薛凤、常书鸿、罗念生、冯至、庞薰琹、周枏、费孝通、季羡林、周一良、杨宪益、李赋宁、吴冠中、夏志清、江平、李欧梵、黄进兴、赵一凡、宋明炜","","生活·读书·新知三联书店","2012-10","29.00元","7.8"
"26713294","干校札记","","徐方","","广东人民出版社","2016-1-1","32.00","7.7"
"1050336","中国纪事","现代稀见史料书系","（德）奥托.布劳恩","李逵六","东方出版社","2004-03","35.00","7.4"
"26428568","洄澜","相逢巨流河","齐邦媛 编著","","生活·读书·新知三联书店","2016-1","38.00","7.4"
"20379949","最后的闺秀","","张允和","","生活·读书·新知三联书店","2012-10","28.00元","7.2"
"1046448","八十忆双亲师友杂忆","","钱穆","","生活·读书·新知三联书店","1998-09","16.50元","8.9"
"3189895","孤琴","","巫宁坤","","允晨文化","2008.9.1","320（NT＄）","8.0"
"1040518","我有这样一个母亲","","李南央 等","","上海文艺出版社","2002-4","18.00元","8.3"
"1312942","隆美尔战时文件","","[英] B. H. 李德哈特","钮先钟","陕西师范大学出版社","2005-5","33.00元","8.6"
"26824919","城","我与北京的八十年","孔庆普","","东方出版社","2016-5-1","42.00元","7.6"
"26376114","西北考察日记","1940-1941","何正璜、王蔷、任之恭、崔文川","","中华书局","2015-2-2","CNY 36.00","8.8"
"4846547","北海怪兽","国货/复古风潮终极制造者的自白书","彭磊","","北方妇女儿童出版社","2010","39.80元","8.7"
"5294019","家在云之南","","熊景明","","人民文学出版社","2010-8","27.00元","8.2"
"26695660","潮起潮落：新中国文坛沉思录","","严平","","人民文学出版社","2015-11-1","39","7.4"
"25758176","晚年毛泽东重读古文内幕","","朱永嘉、朱绍君","","星克尔出版(香港)有限公司","2012-2","HK$120.00","7.9"
"6795881","少年王晶闖江湖","","王晶","","明報週刊","2011-7","HKD88","8.4"
"1024171","从丙午到“流亡”","","杨绛","","中国青年出版社","2000-1","8.00","8.7"
"5344916","上帝送我一把小提琴","","黄飞立 口述、文靖 执笔","","生活·读书·新知三联书店","2010-10","25.00元","8.6"
"5501097","三毛的最后一封信","","眭澔平","","长江文艺出版社","2011-1","39.80元","7.5"
"1029007","紫禁城的黄昏","","（美）德龄公主","秦传安","中央编译出版社","2004-09","28.00","7.1"
"25750091","晦侬往事","","周素子","","生活·读书·新知三联书店","2013-10","28.00","8.3"
"25848379","给伊夫的信","","(法) 皮埃尔•贝尔热（Pierre Bergé ）","袁筱一","南京大学出版社","2014-3-1","20.00元","7.3"
"26431477","1942—1945：我的上海沦陷生活","","颜滨 著、采金 整理","","人民出版社","2015-6","59.00元","7.2"
"25764376","父亲到死，一步三回头","","袁劲梅","","长江文艺出版社","2013-11-1","32","8.1"
"1277314","朱可夫元帅战争回忆录","","朱可夫","徐锦栋","解放军出版社","2003-1","59.00元","7.8"
"2678709","翁偶虹编剧生涯","","翁偶虹","","同心出版社","2008","36.00元","8.7"
"20365139","父亲那场永不止息的战争","","王明珂","","浙江人民出版社","2012-12","39.80元","8.0"
"25845259","重庆往事","一个犹太人的晚年回忆（1940—1951）","【以】沃尔夫岗•卡佛岗","【美】董经绚","陕西人民出版社","2014-3","28.00元","8.0"
"3317542","高宗武回忆录","","高宗武","陶恒生","中国大百科全书出版社","2009-1","40.00元","7.7"
"10786461","随记光阴","","乔海燕","","百花洲文艺出版社","2012-9","35.00元","8.3"
"2240279","狱中二十年","","[俄] 薇拉·妃格念尔","巴金","生活·读书·新知三联书店","2007-8","20.00元","8.6"
"3183090","许倬云问学记","","许倬云","","广西师范大学出版社","2008-8","32.00元","8.0"
"1393517","红尘冷眼","一个文化名人笔下的中国三十年","宋云彬 著、海宁市档案馆，海宁市政协文史资料委员会 编","","山西人民出版社","2002-3","68.00元","7.9"
"4057826","陈布雷回忆录","","陈布雷","","东方出版社","2009-9","58.00元","7.5"
"1510287","晚清宫廷生活见闻","","全国政协文史资料研究会编","","文史资料出版社","1982年","1。30","7.9"
"1084220","四海为家","追念考古学家张光直","三联书店 编","","生活·读书·新知三联书店","2002","23.0","8.9"
"4832441","烙印","“可以教育好的子女”的集体记忆","林贤治","","花城出版社","2010.4","38.00元","8.5"
"25743432","彳亍躓頓七十年","恰似末代武士的一生","何榮幸","","遠流","2013-11-1","NT$250","9.1"
"1464769","李潔明回憶錄","","李潔明","林添貴","時報出版","2003年4月","NT$350","8.0"
"1013910","两个幸运的人","弗里德曼回忆录","（美）米尔顿・弗里德曼、（美）罗斯・弗里德曼","","中信出版社","2004-2-3","48.00","7.8"
"3219361","出版人","汤姆·麦奇勒回忆录","[英] 汤姆·麦奇勒","章祖德、谢山青、郑秋雁","人民文学出版社","2008-09","30.00元","7.5"
"5924802","齐世英口述自传","","齐世英口述、沈云龙等访问、林忠胜记录","","中国大百科全书出版社","2011-1-1","38.00元","7.7"
"25921333","难得本色任天然","孔丹口述史","孔丹","","中港传媒出版社有限公司","2013-6","HK$ 110","7.9"
"1875072","致友人的二十封信","","斯维特兰娜·阿利卢耶娃","赵洵","中国社会科学出版社","1979年12月","0.66元","8.6"
"1534365","文史资料选辑","合订本:1-136辑","本社","","中国文史出版社","2000-1-1","1600.00元","8.6"
"25933601","一个戴灰帽子的人","1960—1965：“文革”前夕，一位右派分子的迷失","邵燕祥","","江苏文艺出版社","2014-7-1","38.00","7.2"
"25787849","闲置的皇城","20世纪30年代德国记者眼中的老北京","[德] 恩斯特•柯德士","王迎宪","北京大学出版社","2013-12","48.00元","7.4"
"25920369","平生六记","","曾彦修","","生活·读书·新知三联书店   生活书店出版有限公司","2014-6","35.00元","7.5"
"3152055","我仍在苦苦跋涉","牛汉自述","牛汉、何启治（编）、李晋西（编）","","生活·读书·新知三联书店","2008-07-01","29.00","8.2"
"25779319","张世英回忆录","","张世英","","中华书局","2013-11-1","CNY 32.00","7.3"
"10587458","从战争到战争","丘吉尔第二次世界大战回忆录01","(英)温斯顿·丘吉尔","吴泽炎、万良炯、沈大靖","译林出版社","2012-7","39.80元","8.5"
"3321618","孟小冬","","花映红","","人民音乐出版社","2009-1","45.00元","6.7"
"1190501","启功口述历史","","启功 口述","","北京师范大学出版社","2004-7","80.00元","8.4"
"6507294","盲人奥里翁","龚祥瑞自传","龚祥瑞","","北京大学出版社","2011-5-1","49.00元","7.9"
"10749322","两户人家","","董时进","","学林出版社","2012-5","28.00元","8.6"
"2971703","阅世品人录","章太炎家书及其他","陈存仁","","广西师范大学出版社","2008-1","28.00元","7.8"
"1021456","我怎样设计飞机","美国飞机设计师凯利·约翰逊自传","[美] 凯利·约翰逊、玛吉·史密斯","程不时、赵中","航空工业出版社","1990-05","3.70元","8.5"
"1927451","鲁迅回忆录正误","","朱正","","人民文学出版社","2006-10","20.00元","8.8"
"25811464","古拉格群岛第一岛","","伍宇星 编译","伍宇星","花城出版社","2014-1-1","39.80","7.0"
"1223795","为书籍的一生","","绥青","叶冬心","广西师范大学出版社","2005-01","25.00","7.7"
"20424606","最寒冷的冬天Ⅱ","一位韩国上将亲历的朝鲜战争","白善烨","金勇","重庆出版社","2013-2-1","48.00元","7.5"
"1085113","玫瑰的回忆","","龚苏萝·德·圣埃克絮佩里、龚苏萝、consuelo de saint-exupery","黄荭","上海译文出版社","2002-09-01","16.0","8.2"
"3932428","母亲的城堡","","马塞尔·帕尼奥尔","陈曦琳","浙江文艺出版社","2009-8","15.00元","8.9"
"1786651","我与商业领袖的合作与冲突","","李玉琢","","当代中国出版社","2006-5","30.00元","8.0"
"25950294","也无风雨也无晴","","沈昌文","","海豚出版社","2014-8","52.00元","7.6"
"20414496","一知半解","伊夫林·沃自传","[英] 伊夫林·沃","高继海","上海译文出版社","2013-1","35.00元","7.1"
"2225849","成败之鉴","陈立夫回忆录","陳立夫","","正中書局","1994-6","480","7.7"
"26314325","切尼回忆录","我的岁月","[美]迪克·切尼、[美]莉兹·切尼","任东来、胡晓进","译林出版社","2015-1","48","7.7"
"25761783","劫余录","劫余录","[法]阿伯拉尔","孙亮","商务印书馆","2013-10","26.00","8.3"
"4087570","陈诚回忆录","抗日战争","陈诚","","东方出版社","2009-1","68.00元","7.6"
"2030113","最後的黃埔：老兵與離散的故事","","齊邦媛、王德威","","麥田","2004 年 02 月 25 日","280 NT","8.5"
"1864089","西蒙波娃回忆录","闺中淑女","谭健 温子建 陈欣章 陈标阳 译、陈际阳 谭健 校","","江苏文艺出版社","1992-3","8.00元","8.4"
"20266235","新阶级","","密洛凡·德热拉斯","陈逸","世界知识出版社","1963","0.78元","8.9"
"19950615","此生名为李香兰","","(日)李香兰","程亮","上海文化出版社","2012-12","35.00元","7.6"
"1075743","我把青春献给你","","冯小刚","","长江文艺出版社","2003-03","18.00","7.3"
"1122785","莫斯科日记","苏俄札记","(法国)罗曼·罗兰","袁俊生","广西师范大学出版社","2003-12-1","15.80元","7.8"
"1608302","西潮·新潮","","蒋梦麟","","岳麓书社","2000-9","18.50元","8.4"
"1035291","玫瑰信札","","康素爱萝·德·圣埃克苏佩里","","中信出版社","2003-04","15.00元","8.0"
"1066370","在蒋介石身边八年","侍从室高级幕僚唐纵日记","唐纵","","群众出版社","1991-08","25.00","8.3"
"1890678","流年碎影","","张中行","","作家出版社","2006-9","49.00元","8.3"
"6809028","朱镕基讲话实录 第四卷","","《朱镕基讲话实录》编辑组","","人民出版社","2011-9","82.00元","8.8"
"1051098","生死劫","","彭荣德","","作家出版社","2003-06","22.00","9.6"
"26895859","一叶一菩提","我在敦煌的十五年","萧默","","新星出版社","2010-4","32","7.5"
"25951769","威廉·夏伊勒的二十世纪之旅I：世纪初生","","[美]威廉·夏伊勒","汪小英、邱霜霜","中国青年出版社","2014-8-1","49.00元","8.8"
"1593586","四十自述","","胡适","","安徽教育出版社","2006-8","13.00元","8.2"
"10557480","曲终人不散","","张允和","","中央编译出版社","2012-1","36.00元","8.1"
"3713398","左边","毛泽东时代的抒情诗人","柏桦","","江苏文艺出版社","2009-4","28.00元","7.8"
"25894699","我想活得像個人","脫北者的邊境血淚故事，來自南韓的真實紀錄","李學俊","袁育媗","大田出版","2014-5-30","NT$350","8.6"
"10566148","被偷走的人生","让全世界为之心碎与感动的故事","杜嘉德","徐力为","中华工商联合出版社","2012-4","28.00元","7.3"
"2326066","The Age of Turbulence","Adventures in a New World","Alan Graeenspan","无","The Penguin Press HC","2007-9-1","280.00元","8.5"
"3317549","潮流与点滴","陶希圣回忆录","陶希圣","","中国大百科全书出版社","2009-1","46.00元","7.8"
"1144869","追寻","帕斯捷尔纳克回忆录","[苏] 帕斯捷尔纳克","安然、高韧","花城出版社","1998-1","10.80元","8.5"
"3002757","浮生漫谈","张竞生随笔选","张竞生 著、张培忠 辑","","三联书店","2008-3","20.00","7.4"
"26658814","我的父亲苏秉琦","一个考古学家和他的时代","苏恺之 著","","生活·读书·新知三联书店","2015-11","59.00","7.8"
"3241927","亲历历史","","张贤亮、杨宪益、叶兆言、冰心、徐友渔、万方、王蒙","","中信出版社","2008-9","28.00元","8.0"
"20257070","寒冰的篝火","同时代人回忆茨维塔耶娃","利季娅·丘可夫斯卡娅等","苏杭等","广西师范大学出版社","2012-12","32.00元","8.2"
"1022001","顾维钧回忆录缩编（上下）","","顾维钧","","中华书局","1997-6-1","84.00","7.9"
"25767380","我的父亲手塚治虫","","[日] 手塚眞","沈舒悦","新星出版社","2014-1","32.00","7.0"
"24531423","闲来笔潭","","吴官正","","人民出版社","2013-5-1","58.00元","7.3"
"1024249","番薯人的故事","","张光直","","生活·读书·新知三联书店","1999-07-01","6.80","8.1"
"1022829","记忆：往事未付红尘","","章立凡","","陕西师范大学出版社","2004-09","33.80","7.7"
"2263456","阿娜伊斯·宁日记（全四册）","","[美] 阿娜伊斯·宁","朱萍","江苏人民出版社","2007-8","60.00元","8.0"
"1998044","朝鲜战争","","马修·邦克·李奇微","","军事科学出版社","1983年","1.20元","7.9"
"24742929","碎琉璃","","王鼎钧","","生活·读书·新知三联书店","2013-6","27.00","8.7"
"11519099","上海下海","上海生活35年","(日本)内山完造","杨晓钟","陕西人民出版社","2012-8","28.00元","7.4"
"26021359","杨绛，走在小说边上","","于慈江","","世界图书出版公司北京公司","2014-10-1","40","8.2"
"26787000","天地悠悠","胡宗南夫人回忆录","叶霞翟","","广西师范大学出版社","2016-5-1","36.00","8.0"
"1060981","沧海（上下）","","简繁","","人民文学出版社","2002-08","65.00元","8.3"
"1398543","亲历晚清四十五年","李提摩太在华回忆录","（英）李提摩太","李宪堂，侯林莉","天津人民出版社","2005-05","28.00","8.0"
"1037839","艺术与科学：贡布里希谈话录和回忆录","","（英）贡布里希","范景中","浙江摄影出版社","1998-08","58.00","8.8"
"1318807","容闳自传","我在中国和美国的生活","容闳","石霓 译注","百家出版社","2003-8","19.80元","7.9"
"10521234","我用微软改变世界","","保罗·艾伦","吴果锦","浙江人民出版社","2012-3","46.00元","8.0"
"26380273","“灰皮书”：回忆与研究","","郑异凡","","漓江出版社","2015-5","68.00","7.0"
"25774971","张家旧事","","张允和 口述、叶稚珊 编撰","","生活·读书·新知三联书店","2014-7","32.00","7.9"
"3300769","十年与二十天","希特勒接班人邓尼茨回忆录","（联邦德国）卡尔·邓尼茨（Karl Donitz）","王雅芬、季星明","军事科学出版社","1989年","7.80","9.2"
"6314051","我与八十年代","","马国川","","生活·读书·新知三联书店","2011-6","38.00元","8.0"
"1050049","盛氏家族·邵洵美与我","","盛佩玉","","人民文学出版社","2004-6","20.00元","6.8"
"25850738","监狱里的图书馆","","[美]阿维·施泰因贝格","陈体仁","上海三联书店","2014-5-1","36.00","7.7"
"1962896","耳中火炬","自传三部曲之二","埃利亚斯·卡内蒂","陈良梅、王莹","新星出版社","2006-12","34.00元","8.5"
"2343135","德龄公主回忆录","","德龄","荷莎、苏淼","团结出版社","2007-11","29.80元","6.9"
"1437446","我的青年时代","","阿图尔·鲁宾斯坦","梁全炳、姚曼華","中央音乐学院出版社","2005-5","39.00元","8.5"
"1274958","狱里狱外","火凤凰文库","贾植芳","","上海远东出版社","1996-04","12.00","8.7"
"3290407","流逝的岁月","李新回忆录","李新","","山西人民出版社","2008-11","39.00元","7.6"
"1879919","懒寻旧梦录","","夏衍","","生活·读书·新知三联书店","2006-8","32.00元","8.2"
"2076327","海德堡岁月","","[德]尼古劳斯·桑巴特","刘兴华","江苏人民出版社","2007-5","18.00元","7.4"
"1055548","回顾-越战的悲剧与教训","","(美)麦克纳马拉","陈丕西","作家出版社","1996-10","21.00","7.8"
"1091124","卡尔·弗莱什回忆录","","（匈）卡尔·弗莱什","","文汇","2001-5","22.0","9.2"
"1975142","艾森豪威尔回忆录","","德怀特·D·艾森豪威尔","","人民（东方）","2006-12","200.00元","8.3"
"1291602","战争回忆录（共3册）","","夏尔・戴高乐","陈焕章","中国人民大学出版社","2005-03","98.00元","8.1"
"3137050","我是一朵飘零的花","","房忆萝","","现代出版社","2008-7","28.00元","8.7"
"25951817","威廉·夏伊勒的二十世纪之旅III：旅人迟归","","[美]威廉·夏伊勒","卢欣渝","中国青年出版社","2014-8-1","52.00元","8.5"
"26411643","难得本色任天然","","米鹤都","","生活·读书·新知三联书店","2015-4-1","CNY 58.00","6.9"
"4845855","A Journey","My Political Life","Tony Blair","","Hutchinson","2010-9","GBP 25.00","7.5"
"1719302","在历史巨人身边","师哲回忆录","师哲 回忆、李海文 整理","","中央文献出版社","1991-12","10.00元","7.7"
"1614436","恍若隔世","回眸夹边沟","邢同义","","兰州大学出版社","2005年4月1日","24.8","8.3"
"5327838","变色龙才是政治的徽章","塔列朗自述","[法] 塔列朗","王新连","中国法制出版社","2010-9","30.00元","8.0"
"1037684","另一种乡愁","","马悦然","","生活·读书·新知三联书店","2004-01","19.80元","7.7"
"3432678","我的青春回忆录","陈凯歌自传第一部","陈凯歌","","中国人民大学出版社","2009-01-01","32.00元","8.5"
"25951801","威廉·夏伊勒的二十世纪之旅II：噩梦年代","","[美]威廉·夏伊勒","戚凯","中国青年出版社","2014-8-1","59.00元","9.1"
"26337760","留学北京","我在二十世纪七十年代中国的经历","[英] 吴芳思","王侃、张丽","广西师范大学出版社","2015-5","32.00","7.0"
"3880778","镜中爹","","张至璋","","生活·读书·新知三联书店","2009-8","29.00元","7.7"
"1090730","尼克松回忆录","","尼克松","伍任、等","世界知识出版社","2001-6-1","72.0","8.0"
"26702154","大节落落  高文炳炳","刘浦江教授纪念文集","邓小南、荣新江、张帆","","中华书局","2016-1","62","7.8"
"1007264","莫斯科中山大学和中国革命","","（美）盛岳","奚博铨","东方出版社","2004-03","30.00元","7.6"
"2188229","芬妮希爾 : 一個歡場女子的回憶錄","一個歡場女子的回憶錄","約翰．克雷藍 (John Cleland，1709-1789)","陳蒼多","八方出版股份有限公司","2006","280NT","6.9"
"26387803","勒热夫绞肉机","一个红军士兵的战争：1942-1945","【俄】鲍里斯·戈尔巴乔夫斯基","赵国星","重庆出版社","2015-4","58.00","7.6"
"5275260","赵俪生高昭一夫妇回忆录","","赵俪生、高昭一","","山西人民出版社","2010-9","38.00元","8.0"
"2178200","我与汉卿的一生","","于凤至","","团结出版社","2007-5","24.80元","6.0"
"3813386","你我之间","迈克·华莱士回忆录","[美]迈克·华莱士","徐琳玲","中信","2009-6","36.00元","7.1"
"6795314","波伏瓦回忆录","第一卷：端方淑女","(法)西蒙娜·德·波伏瓦","罗国林","作家出版社","2011-8","32.00元","7.9"
"2372462","许姬传七十年见闻录","","许姬传","","中华书局","2007-12","36.00元","8.7"
"25920031","一片冰心在玉壶","叶笃庄回忆录","叶笃庄","","山西人民出版社","2014-7-1","CNY 68.00","7.6"
"1029756","跨过厚厚的大红门","","章含之","","上海文汇出版社","2002-6","30.00元","7.1"
"3644117","格兰特将军回忆录","","尤利西斯·辛普森·格兰特","王宗华 等","上海大学","2009-03","39.00元","7.4"
"3262646","谍海孤舟","法国情报部门一个负责人的自述","[法]马塞尔·勒鲁瓦-菲维尔 口述、[法]菲利普·贝尔奈尔","华汶","世界知识出版社","1981-10","1.56元","8.8"
"6920204","忆马勒","回忆录与书信集","[德] 阿尔玛·马勒","高中甫","上海人民出版社","2011-11-1","48.00元","8.1"
"25717280","秋灯忆语","“张家大弟”张宗和的战时绝恋","'[德] 阿尔玛·马勒'","'高中甫'","'上海人民出版社'","'2011-11-1'","'48.00元'","7.7"
"25894569","我是一个中国的美国人","李敦白口述历史","李敦白 口述、徐秀丽 撰写","","九州出版社","2014-6-1","CNY 38.00","7.7"
"25960596","我的自学小史","","'李敦白 口述、徐秀丽 撰写'","''","'九州出版社'","'2014-6-1'","'CNY 38.00'","7.7"
"10564525","浪","一个为自由而浪迹天涯者的自述","关愚谦","","东方出版社","2012-3","55.00元","8.6"
"2203784","人类学家三部曲:故乡.田野.火车","人類學家三部曲","吴燕和","","台湾时报文化出版","2006-01-01","100.00元","7.4"
"11626650","家事、国事、天下事","许倬云先生一生回顾","陈永发、等、许倬云","","南京大学出版社","2012-7","66.00元","8.6"
"5321893","死海搏击","母亲桑塔格最后的岁月","[美] 戴维·里夫","","上海译文出版社","2011-1","20.00元","7.4"
"1734163","薛暮桥回忆录","","薛暮桥","","天津人民出版社","2006-1","33.00元","8.4"
"1929767","红幕后的洋人","李敦白回忆录","[美] 李敦白、阿曼达·贝内特","丁薇","上海人民出版社","2006-9","38.00元","8.3"
"26578132","谢觉哉家书","","谢觉哉 著、谢飞 编选","","生活•读书•新知三联书店  生活书店出版有限公司","2015-8-1","58.00","7.1"
"2183561","徐向前回忆录","","徐向前","","解放军出版社","2007-8","56.00元","7.8"
"1442139","饿乡纪程 赤都心史 乱弹 多余的话","","瞿秋白","","岳麓书社","2000-9","16.0","8.8"
"1866838","宮前町九十番地","","張超英口述 陳柔縉執筆","","時報","2006","NTD 280","8.0"
"26754373","战略对话","戴秉国回忆录","戴秉国","","人民出版社 世界知识出版社","2016-3-15","66","7.8"
"5269183","我与北野武","佐贺阿嬷特别剧场","(日)岛田洋七","岳远坤","南海出版公司","2010年11月","16.00元","8.1"
"10583117","走出白色恐怖","","孙康宜","","生活·读书·新知三联书店","2012-4-1","24.00元","7.2"
"3069615","龚鹏程四十自述","","龚鹏程","","中国工人出版社","2008-5","33.00元","8.4"
"1438685","历史激流：杨宽自传","","杨宽","","大塊文化","2005","CNY380","8.4"
"3241591","苍茫时分","山口百惠自传","山口百惠","宋丽江、王晨","中国电影出版社","1984.10","0.87元","8.2"
"3229568","记钱钟书与《围城》","","杨绛","","湖南人民出版社","1986-5","0.40","8.9"
"25916824","鋼鐵是怎樣煉不成的","《南方週末》創始人左 方口述歷史","左方","","天地圖書有限公司","2014-6-1","HK$108","7.6"
"1010923","花甲忆记","","丁韪良","沈弘、恽文婕、郝田虎","广西师范大学出版社","2004-05","39.80元","8.1"
"1034127","柏杨回忆录","看过地狱回来的人","柏杨","","春风文艺出版社","2002-08","20.00","8.1"
"1836183","费正清自传","五十年的回顾","（美）费正清","黎鸣、贾玉文","天津人民出版社","1993-8-1","19.60","8.3"
"1588110","溥杰自传","","爱新觉罗·溥杰","","中国文史出版社","1994-4","18.80元","7.6"
"24648745","Hard Choices","","Hillary Rodham Clinton","","Simon & Schuster","2014-6-10","USD 35.00","6.8"
"25811038","徐景贤最后回忆","","徐景贤","","星克尔出版公司","2013-11","140 HKD","7.5"
"4840957","1944-1948我的战争","","黄耀武","","北方联合出版传媒（集团）股份有限公司 春风文艺出版社","2010-4","28.00元","7.9"
"3272749","马关议和中之伊李问答","","广西师范大学出版社（编）","","广西师范大学出版社","2008-10","16.00元","9.0"
"25774402","庭院深深钓鱼台","我给江青当秘书","杨银禄","","当代中国出版社","2014-1-1","46.00元","7.5"
"1313639","我做了七年蒋介石夫人(陈洁如回忆录)","陈洁如回忆录","陈洁如","","团结出版社","2006-1","38.00元","6.7"
"4199482","我是布隆伯格","","迈克尔·布隆伯格","李浚帆","中信出版社","2010-1","38.00元","7.9"
"2992729","问学谏往录","","萧公权","","黄山书社","2008-1","20.00元","7.8"
"25908462","31人说","我们的中国式人生","'萧公权'","''","'黄山书社'","'2008-1'","'20.00元'","7.9"
"26476923","两地","","林海音","","生活·读书·新知三联书店","2016-6","30","7.2"
"1010595","一个革命的幸存者（上下）","曾志回忆实录","曾志","","广东人民出版社","1998-7","36.00元","7.6"
"1027608","我妹妹与我","尼采佚失的最后告白","[德] 尼采 著、奥斯卡·雷维 英译","陈苍多","文化艺术出版社","2003-5","20.00元","7.9"
"26433682","英国巡捕眼中的上海滩","","[英]E.W.彼得斯（E. W. Peters）","李开龙","中国社会科学出版社","2015-5","39.00元","7.0"
"1970620","林斤澜说","","程绍国","","人民文学出版社","2006-12","22.00元","7.5"
"1507442","我这三十年","","沈醉、沈美娟 整理","","湖南人民出版社","1983年3月第一版,1983年12月第2版,1985年1月第5印","1.20元","7.6"
"20432906","装点《红楼梦》","揭秘87版电视剧《红楼梦》永恒之美","杨树云","","东方出版社","2012-12","68.00元","8.7"
"2185794","租界生活","一个英国人在天津的童年","[英] 布莱恩·鲍尔","刘国强","天津人民出版社","2013-7","32.00元","8.0"
"1909834","不是我，是风","","弗里达·劳伦斯","姚暨荣","新华出版社","2006-9","25.00元","7.3"
"6794846","拓荒与呐喊","一个大学校长的教改历程","刘道玉","","世界知识出版社","2011-10","45.00元","8.8"
"25731089","市民底层笔记","","张礼士","","上海社会科学院出版社","2013-8-1","39.80","7.9"
"1833455","青春·北大","","胡伯威","","广西师范大学出版社","2006-6","26.00元","7.9"
"1069781","原上草","记忆中的反右派运动","牛汉、邓九平 主编","","经济日报出版社","1998-9","24.00元","8.8"
"26107112","小小麦田","麦洛洛半自传式长篇小说","麦洛洛","","九州出版社","2014-11-1","36.00","7.2"
"5263234","太监谈往录","","信修明","","紫禁城出版社","2010-7","34.00元","6.9"
"2009823","锯齿啮痕录","","流沙河","","生活·读书·新知三联书店","1988-1","2.20元","8.4"
"3011819","里根自传","","（美）罗纳德·里根（Ronald Reagan）","张宁等","世界知识出版社","1991年3月","8.00","8.0"
"25772406","逆流而上","羽泉15年再生","李响","","中信出版社","2014-1","39.80元","8.0"
"1075802","天外有天","","(日)吴清源","","北京燕山出版社","1996-10","14.50","8.0"
"3722097","问史求信集","","阎长贵、王广宇","","红旗出版社","2009-10","58.00元","7.8"
"1058097","岁月与性情","我的心灵自传","周国平","","长江文艺出版社","2004-07","20.00","7.8"
"2222589","好莱坞的黄金时代","大卫·尼文回忆录","大卫·尼文","","黄天民","上海文艺出版社","1988","8.7"
"1143017","浮生琐忆","","莫砺锋","","人民文学出版社","2003年12月","20.00","8.8"
"6784447","金岳霖回忆录","","金岳霖 著、刘培育 整理","","北京大学出版社","2011-8","26.00元","6.9"
"1069281","篱槿堂自叙","","赵俪生","","上海古籍出版社","1999","13.70","8.2"
"3122125","牌戏人生","","傅惟慈","","中央编译出版社","2008-07","38.00元","7.7"
"26335169","拯救最后的犹太人","","'傅惟慈'","''","'中央编译出版社'","'2008-07'","'38.00元'","8.0"
"2010072","国宴与家宴","","王宣一","","上海人民出版社","2007-2-1","20.00元","7.6"
"25929935","青年希特勒","蜕变从这一刻开始","（奥地利）奥古斯特•库比席克","郑国雄","九州出版社","2014-7","35.00元","8.5"
"26335810","一个医生的故事","","郎景和","","北京联合出版公司·后浪出版公司","2015-4","42.00元","8.0"
"6885707","我想对你说，亲爱的","里尔克与莎乐美书信选","[德] 莎乐美","宁瑛、钟长盛","华东师范大学出版社","2012-1","38.00元","7.9"
"25786738","浪迹十年之联大琐记","","陈达","","商务印书馆","2013-10","36.00","7.6"
"25953659","台共党人的悲歌","","蓝博洲","","中信出版社","2014-8-1","CNY 39.80","7.3"
"1944201","十年论战（上下）","1956-1966中苏关系回忆录","吴冷西","","中央文献出版社","1999-5","50.00元","7.8"
"3673760","郭汝瑰回忆录","","郭汝瑰","","中共党史出版社","2009-5","29.80元","7.3"
"1972317","当贝利遇到艾丽斯","16开本","（英）贝利 著","李永平 译","新星出版社","2006","20.00","7.8"
"3074026","我的留学记","","吉川幸次郎","钱婉约","中华书局","2008-04","22.00元","8.0"
"6085416","回忆波德莱尔","波德莱尔的生平和对他亲切的回忆","(法)泰奥菲尔·戈蒂耶","陈圣生","上海译文出版社","2011-10","32.00元","8.5"
"5257464","何方谈史忆人","纪念张闻天及其他师友","何方","","世界知识出版社","2010-10","39.80元","8.1"
"3131461","海桑集","熊式輝回憶錄（1907-1949）","熊式輝","","明鏡出版社","2008-6","HKD 142.00","7.0"
"24852489","青春奇妙物语","","两色风景","","中国致公出版社","2013-6-3","25","8.4"
"11542553","颠倒岁月","","徐小棣","","生活·读书·新知三联书店","2012-8","27.00元","8.4"
"20504793","南港学风","郭廷以和中研院近史所的故事","陈仪深 (访问)、王景玲 (记录)","","九州出版社","2013-1","68.00元","8.0"
"1007975","沈从文晚年口述","","王亚蓉 编","","陕西师范大学出版社","2003-10","28.00","7.8"
"4798164","箫声剑影","刘绪贻口述自传","刘绪贻","","广西师范大学出版社","2010.5.1","35.0","8.4"
"26708191","责任","美国前国防部部长罗伯特·盖茨回忆录","[美]罗伯特•盖茨","陈逾前、迩东晨、王正林","广东人民出版社","2016-3-1","69.80元","8.0"
"26427100","鱼乐","忆顾城","北岛 编","","中信出版社","2015-8","39.00元","8.1"
"5326870","黄长烨回忆录","","黄长烨","","华夏出版社","2008-2","56.00元","6.5"
"26421490","小难民自述","","小岵女士","","江苏人民出版社","2015-6","24.00元","7.7"
"26606590","十年一梦","前上海市委书记徐景贤文革回忆录","'小岵女士'","''","'江苏人民出版社'","'2015-6'","'24.00元'","7.8"
"21778060","一八六七年日记","","(俄罗斯)安娜·陀思妥耶夫斯卡娅","谷兴亚","广西师范大学出版社","2013-9","68.00元","7.9"
"24860612","绝响","八十年代亲历记","李辉","","生活·读书·新知三联书店","2013-7","29.00","7.7"
"3523039","朱东润自传","","朱东润","","人民文学出版社","2009-1","30.00元","8.5"
"2284055","我的医务生涯","","陈存仁","","广西师范大学出版社","2007-10","20.00元","7.7"
"3778377","国民政府女密使赴藏纪实","","马大正 主编","","民族出版社","1998-5","18.30元","8.0"
"24295873","已知与未知","美前国防部长拉姆斯菲尔德回忆录","唐纳德•拉姆斯菲尔德","魏骍","华文出版社","2013-5","68.00元","7.7"
"3827061","二战风云2","东线狙击手","[德] 阿尔伯切特·维克尔","小小冰人","云南科技出版社","2010-1","29.80元","8.4"
"3272747","庚子西狩丛谈","","吴永、刘治襄","","广西师范大学出版社","2008-10","18.00元","8.5"
"2047575","卡萨诺瓦回忆录","","（意）卡萨诺瓦","","湖南文艺出版社","2007-1","19.00元","7.4"
"4747424","我和父亲季羡林","","季承","","新星出版社","2010-5","32.00元","7.1"
"25900302","农民何谓","","司徒朔","","中信出版社","2014-8","36.00元","7.4"
"3074762","记忆红楼","","欧阳奋强","","上海锦绣文章出版社","2008-5","36.00元","7.8"
"1946805","我的约翰","辛西娅·列侬回忆录","Cynthia Lennon","罗毅、成静","中信出版","2006-12","38.00元","7.6"
"1506964","苏联解体亲历记","","[美]小杰克.F.马特洛克","吴乃华、魏宗雷等","世界知识出版社","1996年5月","48.00","7.9"
"3299941","克格勃与政权","克格勃第一副主席的回忆","博布科夫","王仲宣","东方出版社","2008","26.00元","7.1"
"3565170","水","张家十姐弟的故事","张允和、张兆和","","安徽文艺出版社","2009-1","38.00元","7.5"
"20471896","师友记往","余英时怀旧集","余英时","","北京大学出版社","2013-1","25.00元","8.0"
"26284498","水流过，星月留下","王鼎钧纽约日记","王鼎钧","","人民文学出版社","2014-12","45.00元","7.8"
"3014367","寻找北大","温习一些故事和一种精神","钱理群","主编","中国长安出版社","2008年4月1日","29.80元","7.9"
"26673661","邓力群自述","1915—1974","邓力群","","人民出版社","2015-11-1","CNY 69.00","7.7"
"1088525","1957年的夏季","从百家争鸣到两家争鸣","朱正","","河南人民出版社","1998-5","26.00元","8.4"
"1907943","巨匠与情人","和毕加索在一起的日子","(法)弗朗索瓦兹.吉洛、卡尔顿.莱克","","周仲安等译","江苏人民出版社","1988.6","7.5"
"2015137","我是日军翻译官","伪满“江上军”亲历记","山大柏","","春风文艺出版社","2000-1","23.00元","8.1"
"24754279","第一次世界大战回忆录1","世界危机（1911—1914）","(英)温斯顿·丘吉尔","","吴良健","译林出版社","2013-9","8.6"
"3531673","吴清源回忆录","","吴清源","李中南、张建、孟小权","人民体育出版社","1990","4.50元","7.8"
"25814443","凌汛","朝内大街166号","冯骥才","","人民文学出版社","2013-12","24.00元","8.0"
"10826052","永远的苏珊","回忆苏珊·桑塔格","西格丽德·努涅斯","阿垚","上海译文出版社","2012-7","22.00元","7.4"
"3202123","大成就者之歌（上：法源篇）","祖古·乌金仁波切灵修回忆录","'西格丽德·努涅斯'","'阿垚'","'上海译文出版社'","'2012-7'","'22.00元'","9.0"
"1446166","背水一战","从纱厂小工到大学校长","孔宪铎","","三联书店","2005-10","24.00元","7.7"
"23081028","我与历史有个约会","入江昭治史心得","(日)入江昭","杨博雅","北京大学出版社","2013-3","18.00元","7.9"
"1419704","音乐移动群星:霍金传","霍金传","[英]简·霍金(Jane Hawking)","赵伯英等","当代世界出版社","2002-03-01","35.0","7.3"
"25728569","父子大学","","范福潮","","上海社会科学院出版社","2013-9-1","CNY 19.80","8.5"
"7067141","我的漫长岁月","","(美)魯賓斯坦","梁鏑、梁全炳、姚曼華","中央音樂學院出版社","2011-9-1","68.00元","8.4"
"20563018","1966－1970：暗淡岁月","","陈思和","","上海书店出版社","2013-1","25.00元","8.0"
"1913303","寻找英雄","抗日战争之民间调查","田川,林平芳","国别：中国大陆","广西师范大学出版社","2006-6","24.00元","8.8"
"3376233","80后","","来新夏","","北方文艺出版社","2008-9","26.00元","7.1"
"2106413","外语教育往事谈:教授们的回忆","","季羡林等","","上海外语教育出版社","1988-09-01","16.0","9.1"
"6438514","中老胡同三十二号","老北大宿舍纪事（1946—1952）","江丕栋、陈莹、闻立欣","","北京大学出版社","2011-7","66.00元","8.9"
"1052953","北大往事","","橡子 谷行","","新世界出版社","2002-1","20.00元","8.2"
"4882254","简·奥斯丁失落的回忆","","塞尔丽•詹姆斯、Syrie James","王越","人民文学出版社","2010.07","25.00元","7.8"
"19975229","时间之线","彼得·布鲁克回忆录","(英)彼得·布鲁克","张翔","新星出版社","2013-6","32.00元","8.8"
"1169374","梁漱溟自述","","郑大华 编","","河南人民","2004-1","16.00元","8.1"
"1018638","冬天里的尼克松","","'郑大华 编'","''","'河南人民'","'2004-1'","'16.00元'","7.6"
"1449606","未带地图的旅人","","萧乾","","中国文联","98-2第2版","23.2","8.4"
"1141156","李方桂先生口述史","","李方桂","王启龙","清华大学出版社","2003-9","18.0","8.6"
"26265843","我的疯狂世纪","","[捷克] 伊凡·克里玛","刘宏","花城出版社","2014-11","49.00","8.9"
"3258006","橡胶林的回忆","","'[捷克] 伊凡·克里玛'","'刘宏'","'花城出版社'","'2014-11'","'49.00'","8.8"
"1421030","我的配音生涯","","苏秀","","文汇出版社","2005-8","33.00元","8.1"
"3000449","我与道藩","","蒋碧微","","漓江出版社","2008-2-1","48.00元","7.5"
"3651501","海遗丛稿","","牟润孙","","中华书局","2009年","39.00元","8.4"
"5328088","血与铁","","老鬼","","新星出版社","2010-10","39.00元","8.3"
"20152485","昨日之河","","李黎","","中华书局","2012-10","26.00元","8.1"
"25926549","师友杂忆","","田余庆","","海豚出版社","2014-6-1","15.80元","7.2"
"1145354","典守故宫国宝七十年","","那志良","","紫禁城出版社","2004-1","39.00元","7.8"
"25731599","广禄回忆录","时任民国驻中亚总领事的回忆","广禄","","社会科学文献出版社","2013-7-1","CNY 39.00","7.7"
"1938572","Moab Is My Washpot","","Stephen Fry","","Soho Press","2003-7-1","USD 15.00","8.5"
"1033263","师承·补课·治学","","费孝通","","三联书店","2002-07","18.50","8.1"
"1079465","乱世学人","维格纳自传","（美）维格纳（Wigner,E.P.）／（美）桑顿民（Szanton,A.）","关洪","上海科技教育出版社","2001-9","24.00元","8.5"
"3337525","家国梦影","凌叔华与凌淑浩","魏淑凌（Sasha Welland）","张林杰译  李娟校译","百花文艺","2008年10月","34.00元","8.6"
"26299308","索尔·贝娄访谈录","在我离去之前，结清我的账目","'魏淑凌（Sasha Welland）'","'张林杰译  李娟校译'","'百花文艺'","'2008年10月'","'34.00元'","7.5"
"1160790","浮世万象","","孙曜东","","上海教育出版社","2004-4","25.00元","8.1"
"1639470","回顾香港电影三十年","","张彻","","三联书店(香港)有限公司","1989-7","HKD59","8.6"
"25921649","家书中的百年史","","萧功秦","","华夏出版社","2014-7","38.00元","7.9"
"4243141","沈醉回忆录","我的特务生涯","沈美娟","","中国文史出版社","2010-1","32.80元","7.5"
"5260524","我这九十年","1920-2010一段革命家庭的私人记忆","任均 口述、王克明 撰写","","华文出版社","2010-9","38.00元","7.3"
"1431675","索尔蒂回忆录","","索尔蒂","卜大炜","中国青年出版社","2002-9","23.00元","8.2"
"5472426","三十三年之梦","","[日] 宫崎滔天","林启彦","广西师范大学出版社","2011-3","36.00元","8.1"
"26598166","那趟从不停靠的列车","","钟文","","广西师范大学出版社","2015-8","38.00元","8.5"
"1547328","五十回忆","","黄绍竑","","岳麓书社","1999-1","24.50元","7.9"
"2992724","我与故宫五十年","","那志良","","黄山书社","2008-01","20.00元","7.6"
"1918491","往事点滴","","黄佐临","","上海书店出版社","2006-9-1","16.00元","7.8"
"3410713","三松堂自序","","冯友兰","","生活·读书·新知三联书店","2009年5月","39.80元","8.4"
"1089396","印卡王室述评","","(秘鲁）印卡·加西拉索·德拉维加","白凤森、杨衍永","商务印书馆","1993-6","25.40元","8.3"
"4238148","白石老人自述","","齐白石口述、张次溪笔录","","生活·读书·新知三联书店","2010-1-1","29.00元","8.4"
"24099183","哈钦斯的大学","芝加哥大学回忆录 1929-1950","威廉•H.麦克尼尔","肖明波","浙江大学出版社","2013-4","45.00元","7.6"
"1436487","故人·故乡·故事","","郁风","","三联书店","2005-10","25.00元","7.3"
"1028521","我的父亲邓小平","文革岁月","邓榕","","中央文献出版社","2000-10","50.00元","7.7"
"3635846","亦雲回憶","","沈亦雲","","傳記文學社","民国57年（1968）","TWD:200","8.2"
"21966326","国家威胁","中情局谍战亲历","亨利•A·克伦普顿 (Henry A. Crumpton)","","中信出版社","2014-9","49.00元","7.3"
"1949692","量守庐学记","黄侃的生平和学术","程千帆、唐文","","生活·读书·新知三联书店","2006-11","16.00","8.5"
"1274259","钱穆与中国文化","","余英时","","上海远东出版社","1994","15.00元","8.4"
"3757950","追忆王国维","","陈平原、王风","","生活·读书·新知三联书店","2009-5","45.00元","8.4"
"1060000","精神的雕像","西南联大纪实","李洪涛","","云南人民出版社","2001-06-01","22.00","8.4"
"25743869","我的唐顿庄园","阿尔米娜夫人与海克利尔城堡的往事","[英]卡纳文伯爵夫人","蒋诗萌","光明日报出版社","2013-11-10","36.00","7.7"
"24295883","时局的生意","霍英东自述","霍英东，冷夏","","凤凰出版社","2013-5-1","46.00元","7.9"
"1934729","江泽民在一汽的岁月","","一汽档案馆","","人民出版社","2006-10-1","35.00元","7.3"
"10427222","波伏瓦回忆录","第二卷：岁月的力量(上)","(法)西蒙娜·德·波伏瓦","黄荭、罗国林","作家出版社","2012-1","32.00元","8.2"
"2005464","往事","","毛彦文","","百花文艺出版社","2007-1","25.00元","7.4"
"1001013","杨绛散文","","杨绛","","浙江文艺出版社","1998-09","20.00","8.8"
"3321784","突围","国门初开的岁月","李岚清","","中央文献出版社","2008-11","78.00元","6.9"
"1962897","眼睛游戏","卡内蒂享誉世界的自传三部曲","埃利亚斯·卡内蒂","陈良梅","新星出版社","2006-12","32.00元","8.3"
"1369422","管惟炎口述歷史回憶錄","","李雅明（編），整理／何淑鈴","","清華大學","20041201","NT$ 500","9.2"
"25743938","周策纵作品集1：忆己怀人","","周策纵","","世界图书出版公司·后浪出版公司","2013-11","32.00元","8.2"
"1020382","吴德口述","我在北京工作的一些经历","朱元石","","当代中国出版社","2004-01","26.00","7.0"
"1309254","上海时代","","松本重治","曹振咸 沈中琦 等译","上海书店出版社","2005-03","50.00","8.8"
"25819541","爸爸丰子恺","","丰一吟","","中国青年出版社","2014-1-1","45.00元","7.8"
"1278147","张申府访谈录","","舒衡哲","李绍明","北京图书馆出版社","2001-3","18.00元","7.9"
"1046658","鲁迅的故家","","周作人","","河北教育出版社","2002-01","18.20","8.5"
"25915717","五四事件回忆","","陈占彪","","生活·读书·新知三联书店","2014-5-1","59.00元","7.5"
"1009049","牛棚日记","1966~1972","陈白尘","","三联书店","1995-05","8.80","7.5"
"1462424","Son of the Revolution","","Liang Heng、Judith Shapiro","","Vintage","1984-2-12","USD 17.00","8.2"
"1124907","未完成的旅行","梅纽因回忆录","[美] 耶胡迪·梅纽因","赵秀芬","东方出版","2001-1","32.50元","8.3"
"25886984","时光如此轻柔","爱上莎士比亚书店的理由","[加拿大] 杰里米·莫塞尔","冯静","上海三联书店","2015-5","35.00元","7.6"
"1943940","在希特勒身边12年","16开","(德)克里斯塔·施罗德","金龙格、王南颖","作家出版社","2006-11","18.00元","7.3"
"26262781","Do No Harm","Stories of Life, Death and Brain Surgery","Henry Marsh","","Phoenix","2014-10-9","GBP 8.99","8.4"
"3744129","我所亲历的中苏大论战","","崔奇","","人民日报","2009-4","39.80元","8.2"
"1949693","量守庐学记续编","黄侃的生平和学术","张晖","","生活·读书·新知三联书店","2006-11","20.00元","8.4"
"25789290","我的家庭回忆录","","钱理群","","漓江出版社","2014-1-1","28.00元","7.6"
"25832161","北大回忆","","张曼菱","生活·读书·新知三联书店","生活书店出版有限公司","2014-1","46.00元","7.6"
"1065828","为什么去中国","1923~1950年在中国的回忆","（澳）菲茨杰拉尔德","郇忠，李尧","山东画报出版社","2004-07","18.00元","7.8"
"25728115","母亲的六十年（郑鸿生作品）","洋裁岁月","郑鸿生","","生活·读书·新知三联书店","2013-8","45.00","7.5"
"1396454","国事忆述","","陈锦华","","中共党史出版社","2005-7","48.00元","8.0"
"1015349","末代皇帝的二十年：爱新觉罗・毓赡回忆录","","毓君固","","中国社会科学出版社","2000-09","19.00","7.4"
"3193482","游学生涯","","金克木、张定浩编选","","东方出版中心","2008.8","28.00元","8.2"
"1038147","北大旧事","","陈平原、夏晓虹","","生活·读书·新知三联书店","1998-01","27.50元","7.8"
"1028596","荆棘路","记忆中的反右派运动","牛汉、邓九平 主编","","经济日报出版社","1998-09","23.00元","8.6"
"3213862","鹰犬将军","宋希濂自述","宋希濂","","中国文史出版社","1993-2-1","6.95元","7.9"
"25736047","云深不知处","南怀瑾先生辞世周年纪念","刘雨虹","","上海书店出版社","2013-9-1","CNY 40.00","9.0"
"1066993","黄克诚自述","","黄克诚","","人民出版社","2004-12","26.00","7.9"
"25800398","浮生三记","","沈君山","","上海文艺出版社","2014-1","32.00元","8.1"
"3637476","民国密码战","","（美）雅德礼（Yardley,H.O.）著","巩予炎，罗荔丹","广西师范大学出版社","2009.4","29.00元","7.0"
"3179042","国民党将领淮海战役亲历记","","'（美）雅德礼（Yardley,H.O.）著'","'巩予炎，罗荔丹'","'广西师范大学出版社'","'2009.4'","'29.00元'","8.0"
"1288971","康定斯基回忆录","","康定斯基","","浙江文艺出版社","2005-1","28.00元","7.7"
"6511175","家贫苦寒","家贫苦寒","'康定斯基'","''","'浙江文艺出版社'","'2005-1'","'28.00元'","8.8"
"3694210","白崇禧口述自传（上下）","","白崇禧口述","郭廷以 注解","中国大百科全书出版社","2009","86.00元","6.7"
"3555654","谷牧回忆录","","谷牧","","中央文献出版社","2009-1","76.00元","7.2"
"25714762","吾家小史","","余秋雨","","作家出版社","2013-8","39.80元","7.9"
"1047635","生死恋歌","周信芳与裘丽琳","树棻","","文汇出版社","2003-07","25.00","7.7"
"4158060","影坛忆旧","","程步高","","中国电影出版社","1983年","0.88","7.7"
"1337308","零度以下五十年","","查爾斯‧布洛瓦","","作家出版社","2000年1月","22.0","8.8"
"1423469","就是这样走过来的","","庞熏琹","","生活·读书·新知三联书店","2005-07-01","36.00元","8.1"
"3202129","大成就者之歌（下：传承篇）","祖古．烏金仁波切靈修回憶錄","'庞熏琹'","''","'生活·读书·新知三联书店'","'2005-07-01'","'36.00元'","9.1"
"1142791","胡乔木回忆毛泽东","","胡乔木","","人民出版社","2003-12","45.00元","7.0"
"1090875","岁月","布哈林狱中绝笔","(苏)尼·布哈林","黄树南","译林出版社","2001-9","19.80","8.4"
"1261271","红色记忆","","沈容","","北京十月文艺出版社","2005-1","23.00元","7.6"
"10876303","晚年所思","","周有光","","江苏文艺出版社","2012-6","36.00元","7.9"
"26596558","呐喊——大屠杀回忆录","二战犹太大屠杀幸存者自述--一部震撼人心的自传，超越《辛德勒名单》","曼尼· 斯坦伯格","张佳敏、余林杰","Fiberead·浙版数媒","2015-7-13","9.99","8.3"
"26598314","江海平生","","唐翼明","","广东人民出版社","2015-8-12","59.00","7.6"
"1265218","永州旧事","","李茵","","东方出版社","2005-1","25.00元","8.9"
"1889294","Memoirs of the Second World War","","Winston S. Churchill","","Houghton Mifflin  Company","1991-8","USD 24.95","8.3"
"4160800","Days With My Father","","Phillip Toledano","","PQ Blackwell","2010-06-02","USD 19.95","9.6"
"2382372","逝水年华","","许渊冲","","生活·读书·新知三联书店","2008-1","21.00","7.4"
"2132175","侍卫官杂记","","宋乔","","福建人民出版社","1981","2.05","7.6"
"5325859","天下没有怀才不遇这回事","","包益民","","中信出版社","2010-10","26.00元","7.4"
"26698932","一臂之间","美国总统保镖回忆录","[美]丹·艾美特","江利华、毛莽","广西师范大学出版社","2016-1-1","48.00","7.0"
"25850144","百年世事","德国原总理施密特与美国历史学家斯特恩对话录","[德] 赫尔穆特•施密特（Helmut Schmidt）、[美] 弗里茨•斯特恩（Fritz Stern）","王容芬","中央编译出版社","2014-5","68.00元","7.8"
"2154271","What Is the What","The Autobiography of Valentino Achak Deng","Dave Eggers","","McSweeney's","2006-10-25","USD 26.00","8.8"
"26646298","回忆拿破仑","","[法]布里昂","郁飞","北京时代华文书局","2015-11","68.00元","7.5"
"25909079","奥岱翁街","","[法]阿德里安娜•莫尼耶","王恬","上海文艺出版社","2014-8","29.00","7.4"
"5335787","一个美国女孩在中国","","韩秀","","人民文学出版社","2010-9","32.00元","8.3"
"26658728","高墙深院里的科学大腕","","萨苏","","北京联合出版公司","2015-10","39.8","8.2"
"1276025","心香泪酒祭吴宓","","张紫葛","","广州出版社","1997-03","25.00","7.5"
"26671047","姜义华口述历史","","姜义华口述、熊月之撰稿","","上海书店出版社","2015-10","40","7.6"
"2355160","探索历史—白修德笔下的中国抗日战争","美国文化丛书","(美)白修德","马清槐、方生  译","生活·读书·新知三联书","1987.12","1.40","7.0"
"26300032","筑人间","汉宝德回忆录","'(美)白修德'","'马清槐、方生  译'","'生活·读书·新知三联书'","'1987.12'","'1.40'","7.3"
"3807484","不堪回首","我和章含之离婚前后","洪君彦","","河南文艺出版社","2009-6","25.00元","6.9"
"4187622","What I Talk About When I Talk About Running","","Haruki Murakami","","Vintage","2009-8","129.00元","8.9"
"25807550","少女","","［法］安娜•维亚泽姆斯基","王琳叶 译","南京大学出版社","2014-1","20.00","7.6"
"1313423","邓尼茨元帅战争回忆录","","邓尼茨","王星昌","解放军出版社","2005-3","36.00元","8.1"
"1659968","吴湖帆文稿","","吴湖帆","","中国美术学院出版社","2004-1","75.00元","8.4"
"2057529","阿佛洛狄特","感官回忆录","[智利] 伊莎贝尔·阿连德","张定绮","译林出版社","2007-4","38.50元","8.1"
"6540577","早年毛泽东","传记、史料与回忆","斯诺 等著、刘统 编注","","生活·读书·新知三联书店","2011-7","58.00元","7.6"
"3057116","真话能走多远","","季羡林 著","","新星出版社","2008","35.00元","8.3"
"2297874","三生有幸","","吴相湘","","中华书局","2007-10","38.00元","7.2"
"1287698","文强口述自传","","文强、刘延民","","中国社会科学出版社","2003-1-1","26.0","7.4"
"11587402","夭折的记忆","","吴亮","","商务印书馆","2012-8","34.00元","7.9"
"1950039","北平怀旧","","齐如山","","辽宁教育出版社","2006-11-1","29.00元","8.2"
"1489493","清宫二年记","","德龄","","江苏教育出版社","2006-1","18.80元","6.9"
"1464418","琴恋","钢琴夫人史兰倩斯卡青春回忆录","[美]露丝·史兰倩斯卡、[美]路易·毕昂柯里","王润婷 译","广西师范大学出版社","2005.12","25.00元","8.3"
"1008941","鲁迅与我七十年","","周海婴","","南海出版公司","2001-9","25.00元","7.1"
"4151211","天地一书生","周一良自传","周一良","","北京大学出版社","2009年12月","36.00元","7.6"
"3150423","索菲娅罗兰自述：生活和爱情","艺苑人物","A·E·霍契纳","舒展、王鼎华及黎力","漓江出版社","1982","0.88","8.3"
"1062189","弦裂：柏林爱乐乐团首席小提琴家斯特恩回忆录","","赫尔穆特·斯特恩","李士勋","人民文学出版社","2003-04-01","16.00","7.9"
"2125915","少年我心","","岳晓东","","上海人民","2007-5","14.00元","7.4"
"4289860","文学七七级的北大岁月","","岑献青 编","","新华出版社","2009-12","86.00元","8.9"
"26643941","吴建民谈外交","","吴建民","","中信出版社","2015-11-1","58.00元","8.1"
"6729189","假面舞会","","(美)迪瓦达·索罗斯","宋嘉","南海出版公司","2011-9","25.00元","8.1"
"1950850","梨园外纪","","徐慕云","","三联","2006-12","28.00元","7.9"
"1473346","This Boy's Life","A Memoir","Tobias Wolff","","Grove Press","2000-3","USD 15.95","8.1"
"5942453","九十春秋","敦煌五十年","常书鸿","","北京大学出版社","2011-1-1","41.00元","7.5"
"4882059","困学纪程","","曹道衡","","商务印书馆","2014-10","29.00","7.7"
"21318643","茅盾回忆录","","茅盾、韦韬","","华文出版社","2013-1","128.00元","7.6"
"1950985","励耘书屋问学记","史学家陈垣的治学","陈智超","","生活·读书·新知三联书店","2006-11-01","18.00元","8.3"
"3602421","基辛格越战回忆录","","享利基辛格","慕羽","海南","2009-3","56.00元","7.4"
"25969249","百岁拾忆","","马识途","","生活·读书·新知三联书店","2014-8-1","48.00","7.2"
"1312054","中年时代","","萨孟武","","广西师范大学出版社","2005-05","15.00元","8.0"
"10564883","On the Move","An Immigrant Child's Global Journey","'萨孟武'","''","'广西师范大学出版社'","'2005-05'","'15.00元'","8.6"
"1006528","苏联政治内幕","知情者的见证","[俄] 格·阿·阿尔巴托夫","徐葵 等","新华出版社","1998-10","28.00元","7.5"
"26608356","生命中的兵团（上下）","","朱维毅","","世界图书出版公司北京公司","2015-9-1","CNY 128.00","7.5"
"3678004","自由的滋味","彭明敏回憶錄","'朱维毅'","''","'世界图书出版公司北京公司'","'2015-9-1'","'CNY 128.00'","7.5"
"3693102","波诺谈波诺","","波诺（Bono）、米奇卡·阿塞亚（Michka Assayas）","徐振锋","江苏人民出版社","2009-7","28.00元","8.1"
"1057756","赛福鼎回忆录","","'波诺（Bono）、米奇卡·阿塞亚（Michka Assayas）'","'徐振锋'","'江苏人民出版社'","'2009-7'","'28.00元'","7.8"
"1057126","旧时宣武门前燕","","维一","","中国城市出版社","2001-09","16.80元","9.0"
"26344116","老先生","《书屋》六年书简过往录","周实","","华夏出版社  天地出版社","2015-4","48.00元","7.8"
"1438567","梅兰芳游美记","","齐如山","","辽宁教育出版社","2005-10-1","25.00元","7.6"
"1001104","张学良世纪传奇:口述实录(全二册)","","王书君","","山东友谊出版社","2002-04","69.00","7.6"
"26733120","伊杰娅","","[俄]米哈伊尔·波波夫","李宏梅","华东师范大学出版社","2016-2","30.00元","7.5"
"4907526","黑色雪绒花","","[德] 约翰·福斯","","云南科技出版社","2010-6","29.80元","8.0"
"1060168","我与古史辨","","顾颉刚","","上海文艺出版社","2001-01","10.00元","9.0"
"5377609","钱锺书先生百年诞辰纪念文集","","丁伟志 主编","","生活·读书·新知三联书店","2010-11","49.00元","7.3"
"25929084","燕南园往事","","汤一介、乐黛云等","","江苏凤凰文艺出版社","2014-8","42.00","7.7"
"6129284","宪益舅舅的最后十年","","赵蘅","","生活·读书·新知三联书店","2011-4","38.00元","7.4"
"1830595","李一氓回忆录","","李一氓","","人民出版社","2001年01月","28.00元","7.3"
"3075628","四院·沙滩·未名湖","60年北大生涯（1948-2008）","乐黛云","","北京大学出版社","2008年5月","32.00元","7.5"
"1461801","89年的秋天","东德最后一任领导人回忆录","埃贡·克伦茨","孙劲松","中央党校出版社","2005年","35.00元","7.9"
"17070190","历史的回声","格尔夏回忆录","格尔夏","","新疆生产建设兵团出版社","2012-4","28.00","7.7"
"3932427","秘密时光","秘密时光","马塞尔·帕尼奥尔","孙婷婷","浙江文艺出版社","2009-8","18.00元","8.5"
"1781231","王蒙自传（第1部）","半生多事","王蒙","","花城出版社","2006-5","39.80元","7.4"
"4267130","革命时代的私人记忆","","向继东 主编","","花城出版社","2010-1","28.00元","7.0"
"2344596","今井武夫回忆录","中国事变回忆录","今井武夫","《今井武夫回忆录》翻译组","上海译文出版社","1978年5月","1.40","8.1"
"1440435","母亲杨沫","","老鬼","","长江文艺出版社","2005-8","32.00元","7.3"
"4722164","鲁迅回忆录","手稿本","许广平 著、周海婴 主编","","长江文艺出版社","2010-3","32.00元","6.5"
"11650637","Unknown Pleasures","","'许广平 著、周海婴 主编'","''","'长江文艺出版社'","'2010-3'","'32.00元'","7.9"
"1081197","歌德谈话录","1823年-1832年","爱克曼 辑录","朱光潜","人民文学出版社","1978-9","13.50元","8.7"
"1494923","我与乔冠华","","章含之等","","中国青年出版社","1994-3","10.10元","7.0"
"1962123","画室──塞尚与加斯凱的对话","","[法]约阿基姆·加斯凱","章晓明、许菂","浙江文艺出版社","2007-1","28.00元","8.2"
"24862706","纽伦堡来信","","【美】克里斯多夫·多德 拉瑞·布鲁姆","周楠、李静","重庆出版社","2013-8","35.00","7.8"
"26437677","饥不择食","","薛冰","","中国青年出版社","2015-7","30.00元","7.6"
"1031102","巴顿将军战争回忆录","","'薛冰'","''","'中国青年出版社'","'2015-7'","'30.00元'","7.8"
"5263540","德国媳妇中国家","","[德]海珮春","","三聯書店","2010-9","39.00元","8.0"
"1127582","哲学生涯","我的回顾","伽达默尔","陈春文","商务","2003-1","14.00元","8.4"
"3449435","我的愤青岁月","革命青年的荒诞","（德）佳杰思 ( Adrian Geiges)","史竞舟","新星出版社","2009-02","28.00","7.4"
"1350097","The Woman Warrior","Memoirs of a Girlhood Among Ghosts","Maxine Hong Kingston","","Vintage","1989-4-23","USD 14.95","7.1"
"26425883","东鸣西应记","","王鼎钧 编著","","南京大学出版社","2015-6","32.00","7.7"
"6990237","大雅宝旧事","","张郎郎","","中华书局","2011-11","28.00元","8.3"
"1731683","王光美访谈录","","黄峥","","中央文献出版社","2006-1-1","45.00元","7.6"
"10508764","晚清侍卫追忆录","","富察·建功","","故宫出版社","2011-12","46.00元","7.5"
"1052245","访苏归来","","纪德","李玉民","广西师范大学出版社","2004-04","15.80元","8.6"
"3464386","我的人生档案","贾植芳回忆录","贾植芳","","江苏文艺出版社","2009","35.00元","8.0"
"24852561","真相：专机副驾驶亲历“九一三”","专机副驾驶亲历'九一三'","康庭梓","","中国青年版社","2013-7-1","42.00","7.3"
"5996732","追忆双亲","二十七段关于父母与时代的记忆","丁东","","中国工人出版社","2011-3","35.00元","9.0"
"1310129","学生时代","","萨孟武","","广西师范大学出版社","2005-4-1","16.80","7.8"
"3329793","第二次世界大战中的德国海军战略","对四十个问题的答复","卡尔.邓尼茨","","上海人民出版社","1976","0.47元","8.9"
"1275330","从上海市长到“台湾省主席”（1946-1953年）――吴国桢口述回忆","","(美)裴斐(Nathaniel Peffer) 韦慕庭(Martin Wilbur) 访问整理、马军 校注","吴修垣译、高云鹏 译审","上海人民出版社","1999-11","17.00","7.7"
"6832688","Orange Is the New Black","My Year in a Women's Prison","Piper Kerman","","Spiegel & Grau","2011-3","130.00元","7.2"
"3075289","知道","沈昌文口述自传","沈昌文、张冠生","","花城出版社","2008-4","16.00元","7.4"
"4243140","沈醉回忆录","人鬼之间","沈醉、沈美娟","","中国文史出版社","2010-1","34.50元","6.6"
"2270748","艾柯卡自白","","(美)艾柯卡等","","中信出版社","2007-10","42.00元","7.5"
"1127363","影尘回忆录","","倓虚","","宗教文化出版社","2003-12-1","20.0","9.2"
"25910821","黄沙与蓝天","常沙娜人生回忆","常沙娜","","清华大学出版社","2013-9-25","88.00元","8.2"
"4172991","学钝室回忆录","","'常沙娜'","''","'清华大学出版社'","'2013-9-25'","'88.00元'","7.9"
"1963583","与莫斯科决裂","","阿·舍甫琴柯","王观声、郭健哉、隋竹梅","世界知识出版社","1987年","2.65元","8.9"
"2249145","慕庐忆往：王叔岷回忆录","","王叔岷","","中华书局","2007-09","32","7.4"
"1326870","庚子使馆被围记","","[英] 普特南·威尔","","上海书店出版社","2000-1","13.50元","7.4"
"1796657","吃马铃薯的日子","","刘绍铭","","江苏教育出版社","2006-6","15.00元","7.8"
"2340328","蒋纬国口述自传","","刘凤翰整理、口述:蒋纬国","","中国百科全书出版社","2007.12.","38.00元","6.9"
"1409539","走在历史的路上","顾颉刚自述","顾颉刚","","江苏教育出版社","2005-07-01","12.80","8.4"
"3241978","坦克战","1939～1945
对第二次世界大战装甲兵作战使用的研究","[德]冯·梅林津","","战士出版社","1981年","1.90元","8.4"
"2298060","长相思","朱德煕其人","何孔敬","","中华书局","2007-01","36.00元","8.2"
"5977469","明月","顶果钦哲法王自传与访谈录","顶果钦哲仁波切","","劉婉俐","全佛文化","2010-10-29","9.5"
"2010598","走向混沌","","从维熙","","花城出版社","2007-1","33.00元","8.9"
"3048907","谍海搏杀-舒伦堡回忆录","老书新刊","[德] 舒伦堡","","群众出版社","2008","28.0","8.2"
"1420861","帝国的陷落","16开本","（德）容格","陈琬","文汇出版社","2005-08","26.00","7.8"
"10795445","波伏瓦回忆录","第二卷：岁月的力量(下)","(法)西蒙娜·德·波伏瓦","黄荭","作家出版社","2012-6","26.00元","7.8"
"21249103","我的父亲邓小平","'文革'岁月","邓蓉","","生活•读书•新知三联书店","2013-1-1","59.00元","7.7"
"3640684","追忆章太炎","","陈平原  杜玲玲编","","生活·读书·新知三联书店","2009-4","39.80元","7.7"
"1133616","总统笔记","","鲍里斯·叶利钦","李垂发","东方出版社","1995-10","35.00元","6.9"
"2081701","我的读书生涯","","赵萝蕤","","北京大学出版社","1998","12.50","8.0"
"5300555","我额头青枝绿叶","灰娃自述","灰娃","","人民文学出版社","2010-8","26.00","7.4"
"1030706","回首文革","中国十年'文革'分析与反思","张化 苏采青","","中共党史出版社","2004-04","108.00","6.8"
"6976545","辛亥革命及国民党的分裂","国民党湖北省主席口述历史","张知本","","九州出版社","2011-10-1","22.00元","7.7"
"1012720","反回忆录","","（法）安德烈・马尔罗","钱培鑫、沈国华","漓江出版社","2000-08-09","20.00","7.6"
"1013338","六月雪","记忆中的反右派运动","牛汉、邓九平 主编","","经济日报出版社","1998-9","25.00元","8.8"
"1055122","我亲历过的政治运动","","萧克 等","","中央编译出版社","1998-9","28.00元","7.8"
"6736438","八十溯往","","沈昌文","","海豚出版社","2011-8","26.00元","6.8"
"5905292","绮情楼杂记","","喻血轮 原著、眉睫 整理","","中国长安出版社","2011-1","29.80元","7.6"
"3848876","纳粹将领的自述","命运攸关的决定","维尔纳·克莱佩【德】、京特·布鲁门提特【德】、弗里茨·拜尔莱因【德】、库特·蔡兹勒【德】、博多·齐默尔曼【德】、哈索·冯·曼陀菲尔【德】","申庚","商务印书馆","1982-2","1.20","8.3"
"21364395","王国维家事","王国维长女王东明百年追忆","王东明","","安徽人民出版社","2013-3-1","39.00元","6.9"
"1003055","红色家族档案:罗瑞卿女儿的点点记忆","","罗点点","","南海出版公司","1999-01","22.0","7.0"
"26667893","艾哈德·劳斯大将东线回忆录","","艾哈德·劳斯 (Erhard Raus)","赵国星 (注释 解说词)、史蒂文·H.牛顿 (Steven H. Newton) (编译, 译者)、邓敏 (译者)","中国长安出版社","2015-11-15","59.80元","6.8"
"1442398","思念依然无尽","回忆父亲胡耀邦","满妹","","北京出版社","2005-11","39.00元","7.9"
"1852500","最危险的总编辑","","本·布莱德利","","中信出版社","2006-7","49.00元","7.2"
"6519142","旅苏纪事","","马员生","","群众出版社","1987-10-1","2.90","7.4"
"1169373","梁启超自述","","崔志海","","河南人民出版社","2004-5","16.00元","8.1"
"4720218","1900年：西方人的叙述","义和团运动亲历者的书信、日记和照片","弗雷德里克•A•沙夫、彼德•哈林顿","顾明","天津人民出版社","2010-1-1","28.00元","7.3"
"4189008","杨尚昆谈新中国若干历史问题","","苏维民","","四川人民出版社","2010-1","16.00元","7.1"
"10456136","楼廊闲话","","钱胡美琦","","九州出版社","2012-1","28.00元","7.8"
"6985690","八十逆旅","陈桥驿自传","陈桥驿","","中华书局","2011-11","58.00元","8.1"
"4704170","美国女画师的清宫回忆","","凯瑟琳·卡尔","王和平","紫禁城出版社","2009-12-1","32.00元","7.6"
"1313027","王蒙","不成样子的怀念","王蒙","","人民文学出版社","2005-01","21.00元","6.7"
"25904944","A Spy Among Friends","Kim Philby and the Great Betrayal","Ben Macintyre","","Crown","2014-7-29","USD 27.00","7.7"
"2005566","杜鲁门回忆录(上下)","","(美)哈里·杜鲁门","李石","东方出版社","2007-01-01","100.00元","8.0"
"1010123","背叛(《沧海》第一部)","","简繁","","人民文学出版社","2000-11","30.00","7.4"
"26114102","六十八年心路","1945-2012","杨振宁","杨建邺 等译","生活·读书·新知三联书店","2014-9","38.00元","7.8"
"1669811","政治沧桑六十年","冷石斋忆旧","吴江","","兰州大学出版社","2005-5","25.00元","7.6"
"26336862","逝者如斯集","","罗家伦、罗久芳","","商务印书馆","2015-3","35.00","7.3"
"4237539","生命之舞-邓肯自传","","伊莎朵拉·邓肯","蔡海燕、凌喆","浙江文艺出版社","2010-1","25.00元","8.7"
"25912272","沧桑岁月稠","","宋凤仪","","长江文艺出版社","2014-7-27","36","7.9"
"26348869","法官能为法治做什么","美国著名法官讲演录","[美]戴维·奥布莱恩（David M. O’Brien）编、小奥利弗·温德尔·霍姆斯、本杰明·N.卡多佐、威廉·H.伦奎斯特、理查德·A.波斯纳","何帆、姜强、刘媛、黄琳娜、林娜","北京大学出版社","2015-4-20","59","8.4"
"3259442","哈尔滨档案","","[澳]玛拉•穆斯塔芬","郇忠、李尧","中华书局","2008-10-16","28.00元","7.4"
"1212480","诗书人生","","许渊冲","","百花文艺出版社","2003-1-1","23.00","7.6"
"1793992","Survival In Auschwitz","","Primo Levi","","Touchstone","1996-9-1","USD 16.00","9.3"
"1915725","负暄续话","","张中行","","中华书局","2006-9","30.00元","8.4"
"2380952","隔代的声音","历史劲流中的知识人","范泓","","广西师范大学出版社","2008-1","29.00元","7.7"
"3879810","浦薛凤回忆录（全三册）","","浦薛凤","","黄山书社","2009-07-01","65.00元","7.8"
"4234243","我这一生","","季羡林","","中国青年","1970-1","60.00元","8.2"
"2703313","牢墙内的巴勒斯坦","","吉米·卡特","郭仲德","西北大学出版社","2007-11","26.00元","7.9"
"3314638","地下十二年与周恩来","","熊向晖","","中共中央党校出版社","1991.2","2.6","7.7"
"1282477","梁晓声自白","","梁晓声","","经济日报出版社","1996-12","13.80","8.4"
"10563199","国家记忆（2）","美国国家档案馆收藏中缅印战场影像","章东磐、晏欢、戈叔亚","晏欢、戈叔亚、安康","山西人民出版社","2012-5","88.00元","8.9"
"1648003","抗美援朝战争回忆","","洪学智","","解放军文艺出版社","1990-10","25.00元","7.7"
"3356346","爸爸黑泽明","","[日]黑泽和子","吴守钢","百花文艺出版社","2009-01-01","32.00元","7.5"
"4258893","百年金山","我的美籍华人家族奋斗史","泗丽莎","王金凯","广西师范大学出版社","2010-1","39.80元","7.3"
"1423470","里面的故事","","朱正琳","","三联书店","2005-7","15.00元","8.0"
"4214785","我的FBI生涯","","路易斯•J.弗里、Louis J. Freeh","姚 敏","社会科学文献出版社","2010-1","35.00元","7.3"
"4145396","阿朝来啦","","(日) 黑柳朝","戴琇峰","南海出版公司","2010-1","22.00元","8.2"
"3300772","郭廷以口述自传","","郭廷以","","中国大百科全书出版社","2009","32.00元","7.6"
"2227196","岫庐八十自述","","王云五 著、王学哲 编","","上海人民出版社","2007年8月","28.00元","7.7"
"1588120","文史资料存稿选编(全26卷)","","全国政协文史委员会","","中国文史出版社","1900-01-01","3200.0","8.1"
"2002740","那个年代中的我们","","者永平","","远方出版社","1998","48.80元","8.8"
"5982746","中国为什么要改革","思忆父亲胡耀邦","胡德平","","人民出版社","2011-1","48.00元","6.8"
"4727297","从奥斯威辛集中营到澳大利亚","一位纳粹大屠杀幸存者的记忆","[澳大利亚] 奥尔佳·霍拉克","高山","人民邮电出版社","2010-1","20.00元","7.6"
"4866985","李元伟篮坛风云路","","李元伟","","中国书店","2010-6","36.00元","8.7"
"1838400","儿时琐忆","一个中国人的童年","蒋彝","","第1版 (2005年8月1日)","2005-11","21.6","8.0"
"1033007","关系千万重","","黄仁宇","","生活·读书·新知三联书店","2007-04","15.00","7.7"
"4891534","傅雷书信选","","傅雷著、傅敏编","","生活·读书·新知三联书店","2010-06","26.80元","8.5"
"3160490","丽莉·布瑞斯珂的中国眼睛","","（美）帕特丽卡·劳伦斯","万江波、韦晓保、陈荣枝","上海书店出版社","2008-06-01","55.00","7.9"
"26421477","小狮子","","章小东","","上海世纪出版股份有限公司","2015-6","CNY 32.00","7.3"
"1886987","江南小镇","","徐迟","","作家出版社","1993年3月","14.90","8.5"
"4079417","蹇蹇录","","陆奥宗光","","伊舍石","商务印书馆","1929年","7.8"
"25808264","Duty","Memoirs of a Secretary at War","Robert Gates","","Knopf","2014-1-14","USD 35.00","8.2"
"10517689","顾颉刚自传","","顾颉刚","","北京大学出版社","2012-1","26.00元","7.9"
"3063698","毛家湾纪实","林彪秘书回忆录","张云生","","春秋出版社","1988-07","$4.00","7.0"
"3266376","在中国二十五年","","约翰·本杰明·鲍惠尔","尹雪曼、李宇晖、雷颐","黄山书社","2008-9","36.00元","7.7"
"2021094","我的丈夫溥仪","","李淑贤忆述","","团结","2007-1","32.80元","6.1"
"1067720","顾准自述","","顾准","","中国青年出版社","2002-1-1","22.00","8.5"
"23008971","平如美棠","我俩的故事","饶平如","","广西师范大学出版社","2013-5-1","CNY 39.80","9.0"
"10509933","去趟民国","1912-1949年间的私人生活","刘仰东 编著","","生活·读书·新知三联书店","2012-1","34.00元","7.0"
"1018236","鲁迅的青年时代","","周作人","","河北教育出版社","2002-01-01","6.60","8.3"
"3932426","爱恋时光","","马塞尔·帕尼奥尔","唐珍","浙江文艺出版社","2009-8","17.00元","8.4"
"3024038","搞垮巴林银行之后","","（英）尼克·利森","吴晟","新星出版社","2008-4","22.00元","7.2"
"25868232","齐如山回忆录：清宫史话","","齐如山","","中信出版社","2013-12","3.99元","7.4"
"2023591","我的八十五年","从西北到东北","张秀山","","中共党史出版社","2007年3月1日","43.0","7.2"
"6067413","中国最后一个大儒","记父亲梁漱溟","梁培恕","","江苏文艺出版社","2011-4-1","48.00元","8.1"
"25773944","胡汉民回忆录:谁识忧虞累此身","","胡汉民","","东方出版社","2013-11","32.80","7.9"
"11530543","波伏瓦回忆录","第三卷：事物的力量(1)","(法)西蒙娜·德·波伏瓦","陈筱卿","作家出版社","2012-12","30.00元","7.4"
"2255901","特工人生“深喉”回忆录","","马克·费尔特","信强　白璐　程涛","新星出版社","2007-9","28.00元","6.9"
"1438834","负暄三话","","张中行","","黑龙江人民出版社","1994.6","13.50","8.0"
"4832491","一个美国外交官使华记","1913——1919年美国驻华公使回忆录","[美]保罗·S·芮恩施","李抱宏、盛震溯","文化艺术出版社","2010-8","25.00元","7.9"
"1970916","我的生活","","冯玉祥","","世界知识出版社","2006-12","30.00元","7.5"
"4000087","耿飚回忆录","","耿飚","","中华书局","2009-8","65.00元","7.1"
"2273079","The Climb","Tragic Ambitions on Everest","Anatoli Boukreev、G. Weston DeWalt","","St. Martin's Paperbacks","1998-07-15","USD 7.99","7.5"
"2996899","风雨流亡路","","范小梵","","山东画报","2008-2","24.00元","7.5"
"4848744","实力与原则","1977—1981年国家安全顾问回忆录","布热津斯基","邱应觉、梅仁毅、王家湘、章含之、江云","世界知识出版社","1985","3.30元","7.6"
"1170854","飞行员","勇敢的真实故事","詹姆斯·布拉德利","段维玲","世界知识出版社","2004-6","26.00元","9.1"
"25931711","宝贝，宝贝","","周国平 著、贵图子 绘","","浙江文艺出版社","2014-7","39.80元","8.3"
"1187634","刘华清回忆录","","刘华清","","解放军出版社","2004-8","66.00元","7.3"
"3278374","梅兰芳舞台生活四十年","","梅兰芳述、许姬传，许源来，朱家溍记","","中国戏剧出版社","1987.1（1991年重印）","15.50","8.0"
"22003507","我不知道的那些事情","一部回忆录","[澳] 罗伯特·休斯","欧阳昱","南京大学出版社","2013-3","42.00元","7.3"
"2160973","谈文艺忆师友","","夏志清","","上海书店出版社","2007-4","19.00元","7.8"
"1924881","粉墨生涯六十年","","赵荣琛","","当代中国出版社","2006.10","32.00元","7.2"
"1879603","萨特、波伏瓦和我","","比安卡·朗布兰","吴岳添","中国三峡出版社","1998-6","19.80元","7.1"
"2286402","托洛茨基回忆录","","托洛茨基","王景生","社会科学文献出版社","1991","2.9","7.1"
"20365862","士兵系列004:士兵","一个德国士兵的二战回忆录(1936-1949)","（德）西格弗里德·克纳佩，（美）泰德·布鲁瑟","小小冰人","北京艺术与科学电子出版社","2012-11-30","39.8","7.9"
"5323606","公主回忆录","","玛丽亚·帕芙洛娃","陈婉婷","金城出版社","2010-10","39.80元","7.7"
"3162164","休恋逝水","顾正秋回忆录","'玛丽亚·帕芙洛娃'","'陈婉婷'","'金城出版社'","'2010-10'","'39.80元'","7.4"
"26646248","往事旧友 欲说还休","","汪子嵩","","生活·读书·新知三联书店","2015-8","35","6.7"
"4134641","集体回忆·特吕弗","","梁良、陈柏生 主编","","上海书店出版社","2009-11","25.00元","7.3"
"2074664","香港回归历程：钟士元回忆录","","鍾士元","","中文大學出版社","2001","104.00元","7.7"
"1029741","三生三世","","聂华苓","","百花文艺出版社","2004-01","22.00","8.1"
"26775923","留学改变我的世界","","欧美同学会2005委员会","","江苏凤凰科学技术出版社","2016-4","39.80元","7.0"
"20441823","走，回民国住两天","","徐志摩、林徽因、胡适","","长江文艺出版社","2013-1-1","32.80元","8.0"
"3236224","落难将军回忆录","","'徐志摩、林徽因、胡适'","''","'长江文艺出版社'","'2013-1-1'","'32.80元'","6.8"
"25720523","百岁溯往","","姚奠中 口述、张建安 采写","","生活·读书·新知三联书店","2013-8","29.00","6.9"
"1095637","沈醉狱中趣闻","","沈醉","","中国文史出版社","2002-1-1","21.00","8.5"
"23009793","英子的乡恋","","林海音","","人民文学出版社","2013-4","29.00元","8.0"
"25880222","抗战中 看河山","","杨钟健","","生活·读书·新知三联书店","2014-4","26.00","7.4"
"3269759","在志愿军司令部的岁月里","鲜为人知的真情实况","杨迪","","解放军出版社","2008-9-1","34.00元","7.9"
"10510751","王云五回忆录","","王云五","","九州","2012-1","39.00元","7.3"
"6854483","道一风同","一位美国医生在华30年","[美]胡美","杜丽红","中华书局","2011-9-14","29.00元","8.3"
"4926130","蒋介石私人医生回忆录","","陈三井","","团结出版社","2010-6-1","36.00元","7.5"
"3219111","胡蝶回忆录","","'陈三井'","''","'团结出版社'","'2010-6-1'","'36.00元'","7.6"
"1417473","一声千两","收藏家坂本五郎自传","坂本五郎","","湖北美术出版社","2005-6","30.00元","7.3"
"3274550","我与三联","生活·读书·新知三联书店成立六十周年纪念集：1948-2008","王世襄 等","","生活·读书·新知三联书店","2008-11","39.80元","7.6"
"4296257","Hitch-22","A Memoir","Christopher Hitchens","","Twelve","2010-6-2","USD 26.99","7.8"
"10508341","思亲补读录","走近父亲钱穆","钱行","","九州","2011-12","26.00元","7.7"
"1087964","上海东亚同文书院大旅行记录","","(日)沪友会","杨华","商务印书馆","2000-1","26.00元","7.4"
"2945289","One Bullet Away","The Making of a Marine Officer","Nathaniel C. Fick","","Mariner Books","2006-9-7","USD 14.95","9.4"
"2014093","张治中回忆录","","张治中","","华文出版社","2007-2","56.00元","6.4"
"3018006","乔冠华与龚澎","我的父亲母亲","乔松都","","中华书局","2008-3","46.00","6.8"
"6434232","维特伯爵回忆录","","[俄]维特伯爵","肖洋、柳思思","中国法制出版社","2011-5","56.00元","8.2"
"10522960","流动的盛宴","","海明威","陈燕敏","黄山书社","2012-2","15.00元","7.9"
"26711069","莫问他乡与故乡","","季羡林","","鹭江出版社","2016-1","38.00元","7.3"
"10737579","往事点滴","","黄佐临","","上海书店出版社","2012-5","16.00元","7.7"
"1067674","虽九死其犹未悔","","叶笃义","","北京十月文艺出版社","1999-03","15.0","7.9"
"26381177","那场爱情：我和杜拉斯","","（法）扬•安德烈亚","胡小跃","百花洲文艺出版社","2015-6-1","35.00元","7.4"
"6902588","一代奇人戴笠將軍","","王蒲臣","","東大圖書","2003-6-12","250NT","7.2"
"3601827","我的中国缘分","李立三夫人李莎回忆录","李莎","李英男、姜涛","外语教学与研究出版社","2009年","38.90元","7.8"
"1939511","肩后","萨冈最后的告白","弗朗索瓦兹·萨冈","吴康茹","广西师范大学出版社","2006","13.80","7.0"
"10494637","何廉回忆录","何廉回忆录","'弗朗索瓦兹·萨冈'","'吴康茹'","'广西师范大学出版社'","'2006'","'13.80'","7.6"
