1476651,社会心理学,（第8版）,[美] 戴维·迈尔斯,张智勇、乐国安、侯玉波 等,人民邮电出版社,2006-1,68.00元,9.0
1032501,心理学与生活,,[美] 理查德·格里格、菲利普·津巴多,王垒、王甦 等,人民邮电出版社,2003-10,88.00元,8.7
1775691,少有人走的路,心智成熟的旅程,[美] M·斯科特·派克,于海生,吉林文史出版社,2007-1,26.00元,8.3
10786473,自控力,斯坦福大学最受欢迎心理学课程,[美]  凯利·麦格尼格尔,王岑卉,文化发展出版社(原印刷工业出版社),2012-8,39.80元,8.2
26695174,灯塔,,[法] 克里斯多夫·夏布特,吕俊君,北京联合出版公司·后浪出版公司,2016-2,128.00元,9.0
1012611,乌合之众,大众心理研究,(法)古斯塔夫.勒庞,冯克利,中央编译出版社,1998-01,16.00元,8.3
26807400,成功心理学,发现工作与生活的意义（修订第5版）,[美] 丹尼斯‧韦特利,顾肃、刘森林,北京联合出版公司·后浪出版公司,2016-7,68.00元,8.8
1786387,影响力,,[美] 罗伯特·西奥迪尼,陈叙,中国人民大学出版社,2006-5,45.00元,8.6
2328458,社会性动物,（第九版）,Elliot Aronson,邢占军,华东师范大学出版社,2007-12,45.00元,9.1
3026879,爱的艺术,,[美] 艾·弗洛姆,李健鸣,上海译文出版社,2008-4,15.00元,8.8
4242172,天才在左 疯子在右,国内第一本精神病人访谈手记,高铭,,武汉大学出版社,2010-2,29.80元,8.3
1437973,亲密关系,,[美] 莎伦·布雷姆、丹尼尔·珀尔曼、罗兰·米勒、苏珊·坎贝尔,郭辉、肖斌,人民邮电出版社,2005-10,49.00元,8.7
26910673,巨婴国,,武志红,,浙江人民出版社,2016-12,58.00元,7.0
26909546,我们内心的冲突,,[美] 卡伦·霍妮,李娟,长江文艺出版社,2016-12,39.00,9.4
3533221,非暴力沟通,,[美] 马歇尔·卢森堡,阮胤华,华夏出版社,2009-1,29.00元,8.5
26921116,活着就很伟大,一个抑郁症患者的勇敢自述,[加] 凯文·布雷尔,余莉,北京联合出版公司,2016-12-1,36.00,9.6
10785583,思考，快与慢,,[美] 丹尼尔·卡尼曼,胡晓姣、李爱民、何梦莹,中信出版社,2012-7,69.00元,8.2
1534951,逃避自由,,[美] 埃里希·弗罗姆,刘林海,国际文化出版公司,2002-8,22.00元,8.9
26275861,沟通的艺术（插图修订第14版）,看入人里，看出人外,[美]罗纳德·B·阿德勒、拉塞尔·F·普罗科特,黄素菲、李恩,世界图书出版公司·后浪出版公司,2015-1,68.00元,8.6
26371317,24个比利,,[美] 丹尼尔·凯斯,邢世阳,外语教学与研究出版社,2015-6-30,39.00元,8.2
6952036,对伪心理学说不,,基思•斯坦诺维奇,窦东徽、刘肖岑,人民邮电出版社,2012-1-1,28.00元,9.2
2143904,进化心理学,心理的新科学（第二版）,David M.Buss,熊哲宏,华东师范大学出版社,2007-6,49.80元,8.9
26369699,被讨厌的勇气,“自我启发之父”阿德勒的哲学课,岸见一郎、古贺史健,渠海霞,机械工业出版社,2015-3-1,39.8,8.5
6511362,我们时代的神经症人格,,卡伦·霍尼,冯川,译林出版社,2011-5,18.00元,9.0
4864832,为什么学生不喜欢上学?,,(美) 威廉厄姆 (Willingham.D.T.) . 著,赵萌.,江苏教育出版社,2010-5,26.00元,9.4
4071842,路西法效应,好人是如何变成恶魔的,[美]菲利普·津巴多,孙佩妏、陈雅馨,生活·读书·新知三联书店,2010-03,48.00元,8.6
4180711,拖延心理学,向与生俱来的行为顽症宣战,[美] 简·博克(Jane B. Burka)、[美] 莱诺拉·袁(Lenora M. Yuen),蒋永强、陆正芳,中国人民大学出版社,2009-12,39.80元,8.2
3143537,津巴多普通心理学,,[美] 菲利普·津巴多、[美] 罗伯特·约翰逊、[美] 安·韦伯,王佳艺,中国人民大学出版社,2008-7,98.00元,9.3
1193621,决策与判断,,斯科特·普劳斯,施俊琦、王星,人民邮电出版社,2004-9,28.00元,8.5
26150549,人性中的善良天使,暴力为什么会减少,[美]斯蒂芬·平克,安雯,中信出版社,2015-7,128.00元,8.7
26805083,心理治疗之路,跟河合隼雄学习认识心灵,【日】河合隼雄,李静,东方出版中心,2016-6,28.00元,9.4
25782902,反脆弱,从不确定性中获益,[美]纳西姆•尼古拉斯•塔勒布,雨珂,中信出版社,2014-1-1,68.00元,8.3
26892353,蜥蜴脑法则,,(美)吉姆•柯明斯,刘海静,九州出版社,2016-11-1,48,9.1
26892222,生活的哲学,寻找人生意义的12堂哲学课,[英] 朱尔斯·埃文斯,贝小戎,中信出版社·新思文化,2016-11,48,8.1
1147347,改变心理学的40项研究,探索心理学研究的历史,〔美〕Roger R Hock著,白学军等,中国轻工业出版社,2004-1-1,26.00元,8.8
25763679,不确定世界的理性选择,判断与决策心理学,雷德·海斯蒂 (Reid Hastie)、罗宾·道斯 (Robyn M. Dawes),谢晓非、李纾,人民邮电出版社,2013-10-1,CNY 88.00,9.0
2328178,态度改变与社会影响,,[美]菲利普·津巴多、迈克尔·利佩,邓羽、肖莉、唐小艳 等,人民邮电出版社,2007-11-1,68.00元,9.0
1504957,学会提问,批判性思维指南,布朗,赵玉芳、向景辉,中国轻工业出版社,2006-1,18.00元,8.6
22994632,成功，动机与目标,,海蒂•格兰特•霍尔沃森 (Heidi Grant Halvorson),汤珑,译林出版社,2013-3-1,48.80元,9.0
20507212,习惯的力量,我们为什么会这样生活，那样工作？,[美] 查尔斯·杜希格 (Charles Duhigg),吴奕俊、曹烨,中信出版社,2013-3,42.00元,8.0
1444900,爱的五种语言,创造完美的两性沟通,盖瑞·查普曼,王云良,中国轻工业出版社,2006-1,20.00元,8.7
3223711,怪诞行为学,,[美] 丹·艾瑞里,赵德亮、夏蓓洁,中信出版社,2008-10,39.00,8.1
3006742,改变,问题形成和解决的原则,（美）瓦茨拉维克、（美）威克兰德、（美）菲什,夏林清、郑村棋,教育科学出版社,2007-11-1,18.00元,8.5
26605978,超越智商,为什么聪明人也会做蠢事,【美】基思 E. 斯坦诺维奇（Keith E. Stanovich）,张斌,机械工业出版社,2015-9-15,59.00元,8.3
1135734,追寻生命的意义,,[奥] 维克多·弗兰克,何忠强、杨凤池,新华出版社,2003-1,12.00元,8.6
1944205,追寻记忆的痕迹,,[美] 埃里克·坎德尔,罗跃嘉,中国轻工业出版社,2007-1,35.00,8.9
1874488,别做正常的傻瓜,,奚恺元,,机械工业出版社,2006-8,28.00元,8.1
26390426,比利战争,,[美] 丹尼尔·凯斯,邢世阳,外语教学与研究出版社,2016-4,39.00元,8.3
5940553,当尼采哭泣,,（美）欧文 D.亚隆（Irvin D.Yalom）,侯维之,机械工业出版社,2011-1-1,36.00元,8.8
10828002,游戏改变世界,游戏化如何让现实变得更美好,[美] 简•麦戈尼格尔（Jane McGonigal）,闾佳,浙江人民出版社,2012-9,59.90元,8.1
26808809,当我遇见一个人,母婴关系决定孩子的一切关系,李雪,,北京联合出版公司,2016-6-1,39,8.6
1761759,超越死亡,恩宠与勇气,[美] 肯·威尔伯,胡因梦、刘清彦 译、许金声 审校,生活·读书·新知三联书店,2006-3,39.00元,8.9
26178426,稀缺,我们是如何陷入贫穷与忙碌的,塞德希尔·穆来纳森、埃尔德·沙菲尔,魏薇、龙志勇,浙江人民出版社,2014-11,56.90元,7.7
4149893,每天懂一点好玩心理学,给普通人看的心理学,原田玲仁,郭勇,陕西师范大学出版社,2009-12-1,28.00元,7.0
1201821,梦的解析,揭开人类心灵的奥秘,[奥地利] 弗洛伊德,丹宁,国际文化出版公司,1998-5,19.80元,8.0
26742180,心智探奇,人类心智的起源与进化,[美]史蒂芬·平克（Steven Pinker）,郝耀伟,浙江人民出版社,2016-3,139.9,8.5
24721654,红书,,荣格、C.G. Jung,林子钧、张涛,中央编译出版社,2013-7-26,68,8.8
25832152,自尊的力量,带上不完美的自我，走向自由和幸福,克里斯托夫·安德烈,余春红、高巍,北京科学技术出版社有限公司,2014-3-1,CNY 38.00,8.8
3688489,异类,不一样的成功启示录,[美] 马尔科姆·格拉德威尔,季丽娜,中信出版社,2009-6,26.00,7.8
1056295,人性的弱点全集,,[美] 戴尔·卡耐基,袁玲,中国发展出版社,2008-1,25.00元,8.3
6709809,暗时间,,刘未鹏,,电子工业出版社,2011-7,35.00元,8.4
4953695,拆掉思维里的墙,原来我还可以这样活,古典,,中国书店,2010-9,29.80元,8.0
2259198,合作的进化,,罗伯特·阿克塞尔罗德,吴坚忠,上海人民出版社,2007-8,23.00元,9.0
1193622,自我,,(美)乔纳森·布朗,陈浩莺,人民邮电出版社,2004-09-01,29.00,8.3
2116916,动机与人格,,亚伯拉罕·马斯洛 (Abraham H.Maslow),许金声,中国人民大学出版社,2007-4-1,45.00元,8.8
3158482,新世界,灵性的觉醒,[德] 艾克哈特·托尔,张德芬,南方出版社,2012-2,28.00元,8.9
26924263,你就要很独特,牛津大学人气哲学教授人格魅力养成课,西蒙·布莱克本,陈拔萃,江苏凤凰文艺出版社,2017-1-1,CNY 38.00,9.5
1038292,精神分析引论,,[奥]西格蒙德·弗洛伊德,高觉敷,商务印书馆,1984-11-1,32.00元,8.6
3266968,秘密,,[澳] 朗达·拜恩,谢明宪,中国城市出版社,2008-11,32.00,7.3
3389960,自卑与超越,,阿尔弗雷德·阿德勒,曹晚红、魏雪萍,汕头大学出版社,2010-6,25.00元,8.0
26712787,可爱的诅咒,圣母型人格心理自助手册,[英] 雅基·马森,王丽,九州出版社·阳光博客,2016-2,36.00,8.2
26853742,疯子的自由,菲利普·皮内尔医生在1789—1795,[法] 弗朗索瓦·勒洛尔,郑园园,生活·读书·新知三联书店,2016-9,40.00元,8.5
2372450,改变，从心开始,学会情绪平衡的方法,罗伊•马丁纳,胡因梦,云南人民出版社,2009-8-1,32.00元,8.6
10539126,社会动物,爱、性格和成就的潜在根源,[美]戴维·布鲁克斯,佘引、严冬冬,中信出版社,2012-6-1,69.00元,8.5
5913475,高难度谈话,,[美] 道格拉斯·斯通、布鲁斯·佩顿、希拉·汉,王甜甜,中国城市出版社,2011-2,38.00元,8.2
26879144,落差,如何化解我们内心的失望,[法] 米歇尔·勒朱瓦耶,,江苏凤凰文艺出版社,2016-10,42.00,8.5
3057556,狂热分子,群众运动圣经,[美] 埃里克·霍弗,梁永安,广西师范大学出版社,2011-6,34.00元,9.0
26593192,思想本质,语言是洞察人类天性之窗,史蒂芬·平克 (Steven Pinker),张旭红、梅德明,浙江人民出版社,2015-8-1,CNY 129.90,8.7
3900987,引爆点,如何制造流行,[美] 马尔科姆·格拉德威尔,钱清、覃爱冬,中信出版社,2009-8,27.00元,7.7
3908032,怪诞心理学,揭秘不可思议的日常现象,[英] 理查德·怀斯曼,路本福,天津教育出版社,2009-07-01,25.00元,7.3
10773358,意志力,关于专注、自控与效率的心理学,[美] 罗伊·鲍迈斯特、[美] 约翰·蒂尔尼,丁丹,中信出版社,2012-6,39.00元,8.1
1218321,个人形成论,我的心理治疗观,卡尔・R・罗杰斯,杨广学、尤娜、潘福勤,中国人民大学出版社,2004-7-1,35.00元,9.1
26819479,小说药丸,,[英] 埃拉·伯绍德、[英] 苏珊·埃尔德金,汪芃,上海人民出版社,2016-10,59.00元,8.3
26911009,自信向左 自卑向右,,【美】克雷格•马尔金,赵逸奔,江苏凤凰文艺出版社,2016-11,38元,9.5
5914475,无价,洞悉大众心理玩转价格游戏,[美] 威廉·庞德斯通,闾佳,华文出版社,2011-1,49.80元,8.0
26842369,像我们一样疯狂,美式心理疾病的全球化,（美）亿森·沃特斯,,北京师范大学出版社,2016-8-1,54.00元,9.0
26944471,一个女孩的镜像世界,,[英] 加文·伊克斯坦,许靖烯,广西科学技术出版社,2017-1-1,38.00,9.1
2080764,为何家会伤人,揭示家庭中的心理真相,武志红,,世界图书出版公司,2007-5-1,27.00元,8.3
26855873,自我的智慧,哈佛大学格兰特幸福公式研究,乔治•范伦特、George Vaillant,张   洁、宋欣欣、童  俊,世界图书出版公司北京公司,2016-9,68.00元,9.1
1223845,男人来自火星 女人来自金星,,[美] 约翰·格雷,于海生,吉林文史出版社,2005-3,28.00元,7.6
1931769,心理学,,戴维·迈尔斯,,人民邮电,2006-10-01,99.00元,9.1
4929897,情商：为什么情商比智商更重要,Emotional Intelligence: Why It Can Matter More Than IQ,[美]丹尼尔·戈尔曼,,中信出版社,2010-08-01,58.00元,7.8
3869711,消费者行为学 （第8版·中国版）,,[美] 迈克尔·R. 所罗门,卢泰宏、杨晓燕,中国人民大学出版社,2009-7,69.00元,8.2
26846721,如何在爱中修行,,[美] 芭芭拉•安吉丽思,任永欣,北京日报出版社,2016-10-1,49.80元,8.8
1288844,设计心理学,,Donald Norman,梅琼,中信出版社,2003-10-1,23.00,8.2
3684193,叔本华的治疗,,Donald Norman,梅琼,中信出版社,2003-10-1,23.00,8.9
6800930,人格心理学,人性的科学探索,[美] 兰迪·拉森、[美] 戴维·巴斯,郭永玉,人民邮电出版社,2011-8-1,88.00元,9.0
1322992,理解人性,,阿尔弗雷德·阿德勒,陈太胜,国际文化出版公司,2007-3,22.00元,8.3
2980795,内向者优势,如何在外向的世界中获得成功,Marti Olsen Laney,杨秀君,华东师范大学出版社,2008-1,29.80元,7.7
2125973,心理学导论,思想与行为的认识之路,Dennis Coon、John O. Mitterer,郑钢,中国轻工业出版社,2007-6,98.00元,9.3
26590889,情绪急救:应对各种日常心理伤害的策略和方法,,【美】盖伊•温奇博士 Guy Winch，Ph.D,孙璐,上海社会科学院出版社,2015-8,35.00元,8.3
20269004,电影美学与心理学,经典影像丛书,（法） 让•米特里 (Mitry, J.),崔君衍,江苏文艺出版社,2012-9,72.00元,9.0
2183559,发展心理学,人的毕生发展,[美] 罗伯特·费尔德曼,苏彦捷 等,世界图书出版公司北京公司,2007-7,78.00元,8.6
1979199,批判性思维,思维、写作、沟通、应变、解决问题的根本技巧,（美）理查德·保罗、（美）琳达·埃尔德,,新星出版社,2006,38.00元,8.5
26412113,机器人叛乱,在达尔文时代找到意义,[加拿大]基思·斯坦诺维奇（Keith E.Stanovich）,吴宝沛,机械工业出版社,2015-5,69.00元,8.5
5980113,伯恩斯新情绪疗法,临床验证完全有效的非药物治愈抑郁症疗法,[美] 戴维·伯恩斯,李亚萍,中国城市出版社,2011-1,49.80元,8.8
6391211,给未来的记忆,河合隼雄回忆录,(日) 河合隼雄,李静,东方出版中心,2011-9,28.00元,8.7
4062809,改善情绪的正念疗法,,马克·威廉姆斯、约翰·蒂斯代尔,谭洁清,中国人民大学出版社,2009-10,39.80元,8.6
1007073,语言本能,探索人类语言进化的奥秘,史迪芬·平克,洪兰,汕头大学出版社,2004-01,39.80元,8.0
3236762,事事本无碍,,肯恩．威爾伯,,若水,光啟文化事業,NT$190,9.0
4934733,真实的幸福,,【美】马丁•塞利格曼（Martin E.P. Seligman ）,洪兰,万卷出版公司,2010.8,45.00元,8.3
1006614,我们内心的冲突,,卡伦・霍妮,王作虹,贵州人民出版社,2004-05,15.00,8.7
1475128,人的潜能和价值,人本主义心理学译文集,[美]马斯洛(Maslow A.H) 等著,林方 主编,华夏出版社,1987年2月一版一次,3.85元,8.8
6052834,亲密关系,通往灵魂的桥梁,[加] 克里斯多福·孟,余惠玲、张德芬,山西经济出版社,2011-3,28.00元,8.2
10773362,随机漫步的傻瓜,发现市场和人生中的隐藏机遇,纳西姆·尼古拉斯·塔勒布,盛逢时,中信出版社,2012-7,39.00元,8.2
26862325,人类的荣耀,是什么让我们独一无二,[美] 迈克尔•加扎尼加,彭雅伦,北京联合出版公司,2016-8,89.90元,8.9
26606002,恰如其分的自尊,,【法】克里斯托弗•安德烈、【法】弗朗索瓦•勒洛尔,周行,生活·读书·新知三联书店  生活书店出版有限公司,2015-8-1,42.00元,7.8
3171735,行为科学统计,,[美] F. J. Gravetter、[美] L. B. Wallnau,王爱民、李悦,中国轻工业出版社,2008-7,85.00元,9.3
26847674,狡猾的情感,为何愤怒、嫉妒、偏见让我们的决策更理性,Eyal Winter,王晓鹂,中信出版集团股份有限公司,2016-8,CNY 49.00,8.6
3823020,性、生态、灵性,,肯·威尔伯,李明,中国人民大学出版社,2009-6-1,88.00元,8.8
26851515,细节,如何轻松影响他人,[美]史蒂夫·马丁、[美]诺厄·戈尔茨坦、[美]罗伯特·西奥迪尼,苏西,中信出版社,2016-7,58.00,7.6
26665498,生命中最简单又最困难的事,日常生活就是我们的本身，既绝望又禅意,【美】大卫•福斯特•华莱士 著、焉沁 绘,龙彦、马磊,北京时代华文书局·阳光博客,2015-12,32.00,7.5
25867785,正义之心,为什么人们总是坚持"我对你错",[美] 乔纳森•海特(Jonathan Haidt),舒明月、胡晓旭,浙江人民出版社,2014-5-1,CNY 79.90,8.7
2376506,生命的轨迹,深度心理分析手册,史蒂芬•阿若优,胡因梦,云南人民出版社,2007年12月,38.00元,8.8
2033081,身份的焦虑,,[英] 阿兰·德波顿,陈广兴、南治国,上海译文出版社,2007-3,24.00元,8.2
3116096,象与骑象人,,（美）乔纳森·海特（Jonathan Haidt）,李静瑶,中国人民大学出版社,2008-07-01,45.00,8.4
20270670,为何爱会伤人,,武志红,,北京联合出版公司,2012-12-1,39.00元,8.2
1499410,The Blank Slate,The Modern Denial of Human Nature,Steven Pinker,,Penguin Books,2003-8,GBP 11.51,8.7
1313174,荣格自传,,[瑞士] 荣格,刘国彬、杨德友,国际文化出版公司,2005-6,38.00元,8.5
1105890,生命的重建,,露易丝·海,徐克茹,中国宇航出版社,2008-01-01,22.80元,8.2
5937126,认知神经科学,关于心智的生物学,Michael S. Gazzaniga、Richard B. Ivry、George R. Mangun,周晓林、高定国,中国轻工业出版社,2011-2,180.00元,9.2
1908685,精神焦虑症的自救（病理分析卷）,,克莱尔·威克斯,王泽彦、刘剑,新疆青少年出版社,2012-11,19.00元,8.2
26865498,医治受伤的自信,,[法]弗雷德里克•方热 著,王资 译,生活·读书·新知三联书店，生活书店出版有限公司,2016-8-1,42.00,8.6
3413836,当下的力量,,[德] 埃克哈特·托利,曹植,中信出版社,2009-1,26.00,8.4
6913343,理性乐观派,一部人类经济进步史,（美）马特·里德利（Matt Ridley）,闾佳,机械工业出版社,2011-12,45.00元,8.3
26815907,这样和世界相处,现代自我心理学之父的十五堂生活自修课,[奥]阿尔弗雷德•阿德勒,文韶华,江苏凤凰文艺出版社,2016-7-1,45.00元,7.1
3755086,发展心理学-儿童与青少年-第八版,儿童与青少年,David R. Shaffer、Katherine Kipp,邹泓,中国轻工业出版社,2009-7-1,70.00,8.9
26820338,从自我苛求中解放出来,,[法]弗雷德里克•方热,周行,生活•读书•新知三联书店 生活书店出版有限公司,2016-7-1,38.00元,7.8
19949881,绝非偶然,社会心理学家阿伦森自传,Elliot Aronson,沈捷,浙江人民出版社,2012-9,42.90元,8.8
1394365,教養的迷思,父母的教养能不能决定孩子的人格发展？,茱蒂.哈里斯 (Judith R.Harris),,洪蘭,商周出版,2000年06月01日,8.7
3033690,24重人格,,[美] 卡梅伦·韦斯特,李永平,上海译文出版社,2008-4,28.00元,8.0
25858916,感谢自己的不完美,,武志红,,中国华侨出版社,2014-4-1,CNY 32.80,8.3
26796536,身体从未忘记,心理创伤疗愈中的大脑、心智和身体,Bessel van der Kolk M.D. (范德考克),李智,机械工业出版社,2016-3,55.00,9.4
26767504,孤独,回归自我,【英】安东尼·斯托尔,凌春秀,人民邮电出版社,2016-6,45.00元,8.2
1178089,给心理治疗师的礼物,给新一代治疗师及其病人的公开信,[美]雅罗姆（Irvin D. Yalom）,张怡玲、甘怡群,中国轻工业出版社,2004-09-01,15.00元,9.0
1187550,人格心理学,万千心理,（美）伯格,陈会昌等,中国轻工业出版社,2004年9月第1版,48.00元,8.1
1477442,为自己的人,,[美] 埃·弗洛姆,孙依依,生活·读书·新知三联书店,1988-11,4.00元,9.0
2970296,情绪的解析,心理学专业必读书,[美]保罗·艾克曼,杨旭,南海出版公司,2008-1,25.00元,8.1
26304087,孩子：挑战,The Challenge/Simplified Chinese Edition,【美】鲁道夫·德雷克斯、【美】薇姬·索尔兹,甄颖,生活·读书·新知三联书店 生活书店出版有限公司,2015-1-1,48.00元,9.1
1018360,性心理学,,[英] 霭理士,潘光旦,商务印书馆,1999-04,46.00元,8.6
26806961,社交天性,人类社交的三大驱动力,[美] 马修·利伯曼（Matthew D. Lieberman）,贾拥民,浙江人民出版社,2016-6,69.90,8.1
1927902,九型人格,,[美] 海伦·帕尔默,徐扬,华夏出版社,2006-10,38.00元,7.6
1429566,变态心理学（第9版）,,[美] 劳伦·B.阿洛伊、约翰·H.雷斯金德、玛格丽特·J.玛诺斯,汤震宇、邱鹤飞、杨茜,上海社会科学院出版社,2005-7,86.00元,8.4
26697774,“错误”的行为,行为经济学关于世界的思考，从个人到商业和社会,理查德·泰勒,王晋,中信出版集团股份有限公司,2016-1,69,8.6
2070807,懂得爱,在亲密关系中成长,麦基卓、黄焕祥,易之新,深圳报业集团出版社,2007年5月,26.00元,8.5
1038977,谈判是什么,,(英)盖温.肯尼迪,陈述,中国宇航出版社,2004-10-1,29.00,8.6
26688605,认同感：用故事包装事实的艺术,,【美】吉姆·西诺雷利,刘巍巍、孟艳、李佳,九州出版社·阳光博客,2016-1,36.00,6.9
26935293,重塑自我：如何成为一个很幸福的人,与其彷徨不安，不如精确地走向强大和幸福。,尼尔•帕斯理查,王凯,江苏文艺出版社,2017-1-1,45.00元,8.9
26827391,如何应对愤怒的公众,,[美]劳伦斯·萨斯坎德、[美]帕特里克·菲尔德,霍文利,北京联合出版公司,2016-7-1,49.80,8.5
6510688,看见成长的自己,,卡罗尔·徳韦克,杨百彦、乔慧存、杨馨,中信出版社,2011-6,29.80元,8.0
5361804,焦虑的意义,,[美] 罗洛·梅,朱侃如,广西师范大学出版社,2010-11,37.00元,8.5
25697495,情感依附,为何家会影响我的一生,[美]亨利•马西、[美]内森•塞恩伯格,童俊，武怡堃，陈昉，韩丹,世界图书出版公司,2013-9-30,38.00元,8.7
26865732,纳粹医生,医学屠杀与种族灭绝心理学,[美] 罗伯特·杰伊·利夫顿,王毅、刘伟,江苏凤凰文艺出版社,2016-10,118.00元,8.8
25913619,理性动物,,[美]道格拉斯·T.肯里克,魏群,中信出版社,2014-8,39.00,7.9
1065003,中毒的父母,,苏珊·福沃德,许效礼,辽宁教育出版社,2003-7-1,22.00,8.4
5336008,瞬变,如何让你的世界变好一些,[美] 奇普.希思、[美] 丹.希思,焦建,中信出版社,2010-11-1,33.00元,8.3
20475794,身体知道答案,,武志红,,鹭江出版社,2013-1,36.00元,8.1
26285299,创造力,心流与创新心理学,Mihaly Csikszentmihalyi,黄珏苹,浙江人民出版社,2015-1-1,62.90,8.3
3035600,心灵的七种兵器,,武志红,,世界图书出版公司,2008-4,22.00元,8.5
1857295,荣格心理学入门,新知文库,c.s霍尔、v.j.诺德贝,冯川,三联书店,1987,1.15元,9.0
25867744,简单冥想术：激活你的潜在创造力,,[英] 安迪•普迪科姆（Andy Puddicombe）,林盛,电子工业出版社,2014-3,35.00,8.2
1936756,诊疗椅上的谎言,,[美]欧文·亚隆Irvin D. Yalom,鲁宓,四川大学出版社,2006-11-14,39.00元,8.6
11601993,安静,内向性格的竞争力,苏珊•凯恩,高洁,中信出版社,2012-9-1,39.00元,8.1
4934590,活出最乐观的自己,,【美】马丁•塞利格曼（Martin E.P. Seligman ）,洪兰,万卷出版公司,2010-8,45.00元,8.5
3786755,每天懂一点色彩心理学,,[日] 原田玲仁,郭勇,陕西师范大学出版社,2009-06-01,32.80元,7.2
25833051,幸福的婚姻,男人与女人的长期相处之道,[美] 约翰·戈特曼、[美] 娜恩·西尔弗,刘小敏,浙江人民出版社,2014-2,49.90元,8.6
26849228,心情词典,,[英]蒂凡尼•瓦特•史密斯,,江苏凤凰文艺出版社,2016-9,48.00元,8.4
1132110,谁在我家,海灵格家庭系统排列,海灵格(Hellinger. Bert),张虹桥,世界图书出版公司北京公司,2012-3-1,35.00元,8.4
1047205,性学三论・爱情心理学,,弗洛伊德,林克明,太白文艺出版社,2004-10,22.00,8.2
2285530,弗洛伊德及其后继者,心理治疗译丛,史蒂芬·A·米切尔、玛格丽特·J·布莱克,,商务印书馆,2007,34.00元,9.1
26647130,无处不在的人格,,【法】弗朗索瓦•勒洛尔、【法】克里斯托夫•安德烈,欧瑜,生活·读书·新知三联书店,2015-11-1,45.00元,8.1
26257557,热锅上的家庭,家庭问题背后的心理真相,[美]奥古斯都·纳皮尔、卡尔·惠特克,李瑞玲,北京联合出版公司·后浪出版公司,2015-1,42.00元,8.7
1101447,不要用爱控制我,,[美] 帕萃丝·埃文斯,郑春蕾、梅子,京华出版社,2012-2,24.80元,7.7
6859959,健全的社会,,[美]艾里希·弗洛姆,孙恺祥,上海译文出版社,2011-9,29.00元,9.1
3248660,语言的魔力,谈笑间转变信念之NLP技巧,罗伯特·迪尔茨,谭洪岗,世界图书出版公司,2008-10,35.00元,8.3
26304954,存在主义心理治疗,,(美) 亚隆,沈东郁,商务印书馆,2015-5,79.00,9.5
26782094,解决冲突的关键技巧,如何增加你的有效社交,[美] 达纳·卡斯帕森,王丽,九州出版社·阳光博客,2016-7,38.00,7.9
2307720,幸福的方法,,（以）泰勒•本-沙哈尔,汪冰、刘骏杰,当代中国出版社,2007-10,28.00元,8.2
4246667,粘住,为什么我们记住了这些，忘掉了那些,[美] 奇普·希思、[美] 丹·希思,雷静,中信出版社,2010-1,29.00元,7.6
24325270,道德动物,,罗伯特·赖特Robert Wright,周晓林,中信出版社,2013-5-1,68,8.2
24878420,明智行动的艺术,你最好让别人去犯的52种行为错误,[德]罗尔夫•多贝里（Rolf Dobelli）,刘菲菲,中信出版社,2013-7,35.00元,7.8
3865964,家庭与家庭治疗,,【美】萨尔瓦多·米纽庆,谢晓健,商务印书馆,2009-06,36.00,9.1
6861475,意识探秘,意识的神经生物学研究,(美) 科赫,顾凡及、侯晓迪,上海科学技术出版社,2012-6-1,75.00元,9.3
5248376,一味,超个人心理学大师肯•威尔伯札记,[美] 肯·威尔伯（Ken Wilber）,胡因梦,深圳报业集团出版社,2010.8,58.00元,8.6
2893591,King, Warrior, Magician, Lover,Rediscovering the Archetypes of the Mature Masculine,Robert Moore、Douglas Gillette,,HarperOne,1991-8-16,USD 15.99,8.5
2848329,Making up the Mind,How The Brain Creates Our Mental World,Frith, Chris,,Ladybird,2007-5,282.00元,9.1
26861524,The Undoing Project,A Friendship That Changed Our Minds,Michael Lewis,,W. W. Norton & Company,2016-12-6,USD 28.95,8.6
5373043,人情与面子,中国人的权力游戏,黄光国,,中国人民大学出版社,2010-11-1,26.80元,7.6
3822285,自我导向行为,,戴维·L.华生 (David L.Watson)、罗兰德·G.夏普 (Roland G.Tharp),陈侠、钟小族、陈丽,中国人民大学出版社,2009-7,48.00元,8.7
20473412,品牌洗脑,世界著名品牌只做不说的营销秘密,[美] 马丁·林斯特龙,赵萌萌,中信出版社,2013-1,45.00元,7.9
4032570,进化的大脑,赋予我们爱情、记忆和美梦,[美]戴维·J·林登,沈颖 等,上海人民出版社,2009-8,28.00,8.5
3062632,日常生活中的自我呈现,,[美] 欧文·戈夫曼,冯钢,北京大学出版社,2008-4-1,28.00元,8.6
26288194,权力与领导（第5版）,如何影响他人，怎样激发正能量,[美]詹姆斯·克劳森（James G. Clawson）,马昕,世界图书出版公司·后浪出版公司,2015-2,52.00元,9.1
20477116,对权威的服从,一次逼近人性真相的心理学实验,米尔格拉姆,赵萍萍、王利群,新华出版社,2013-1,29.00元,9.0
1788302,重塑心灵,NLP一门使人成功快乐的学问,李中莹,,世界图书出版公司,2006-4,36.00元,8.5
1509898,神经科学,探索脑,Mark F. Bear、Barry W. Connors、Michael A. Paradiso,王建军,高等教育出版社,2004-7,220.00元,9.5
26889013,看自己：现代症的心理解剖,,柯晗,,机械工业出版社,2016-11-1,35.00,8.4
20413742,不说，就真来不及了,纽约客的临终遗言,袁苡程,,新星出版社,2012-12-30,26.00元,7.5
1764940,爱是一种选择,,[美]汉姆菲特[Rob,王英,中国轻工业出版社,2006-3,22.00元,8.3
3224456,少有人走的路Ⅱ,与心灵对话,[美] M·斯科特·派克,刘素云、张兢,吉林文史出版社,2008-10,26.00,7.7
26702041,天生变态狂,TED心理学家的脑犯罪之旅,[美]詹姆斯·法隆,瞿名晏,群言出版社,2015-12,38.00元,7.6
1918220,性与性格,,奥托·魏宁格、Otto Weininger,肖聿,中国社会科学出版社,2006-9,33.00元,8.4
6773583,意识光谱,,【美】肯•威尔伯,杜伟华、苏健,万卷出版公司,2011-7-1,65.00元,9.0
24839553,拖拉一点也无妨,跟斯坦福萌教授学高效拖延术,[美] 约翰•佩里,苏西,浙江大学出版社,2013-7-1,28,7.3
2252637,诱惑的艺术,,罗伯特·格林,,东方出版中心,2007-9,38.00元,8.0
1183730,谈话的力量,,（美）艾伦・加纳,林华,中国水利水电出版社,2004-9,22.00,8.4
1315575,找寻逝去的自我,大脑、心灵和往事的记忆,[美]丹尼尔·夏克 (Daniel L.Schacter),高申春,吉林人民出版社,1998,26.00元,8.2
5253757,怪诞行为学2,非理性的积极力量,[美]丹·艾瑞里,赵德亮,中信出版社,2010-1-9,42.00元,7.9
26871348,只想和你过好这一生,,武志红、朱建军、李子勋、胡慎之、韩湘景,,长江文艺出版社,2016-10-1,39.80元,8.0
23708491,设计师要懂心理学,,[美] Susan Weinschenk,徐佳、马迪、余盈亿,人民邮电出版社,2013-5-1,49.00元,7.8
5906066,请理解我,凯尔西人格类型分析,[美] 大卫·凯尔西,王甜甜,中国城市出版社,2011-2,45.00元,8.2
3682751,谈判力,Getting To Yes 史上最为经典的谈判类书籍，哈佛谈判项目精华,[美] 罗杰·费希尔,王燕、罗昕,中信出版社,2009-4,22.00元,7.7
26929098,独白者,,向林,,江苏凤凰文艺出版社,2017-1,39.80元,8.9
6157548,房间里的大象,生活中的沉默和否认,向林,,江苏凤凰文艺出版社,2017-1,39.80元,7.6
26900445,像疯子一样思考 像天才一样行动,,[英]安迪•麦克纳布，[英]凯文•达顿,叶塑,重庆出版集团 北京华章同人,2016-11,39.8,8.9
10563555,恐惧,茨威格小说精选,[奥]斯蒂芬•茨威格,韩耀成、沈锡良,陕西师范大学出版总社,2013-5,25.00元,8.9
3432953,爱情刽子手,,欧文·亚龙（Irvin D.Yalom）,张美惠,希望出版社,2008,50.00元,8.9
4053315,一念之转,四句话改变你的人生,[美] 拜伦·凯蒂、史蒂芬·米切尔,周玲莹,华文出版社,2009-9,28.00元,8.3
26593221,精神分析诊断（万千心理）,理解人格结构,（美）麦克威廉斯（McWilliams, N.）,鲁小华、郑诚,中国轻工业出版社,2015-7-1,98.00,9.4
26319527,性学三论,,(奥) 西格蒙德·弗洛伊德,徐胤,浙江文艺出版社,2015-4,32.00元,8.0
3298988,直视骄阳,征服死亡恐惧,Irvin D. Yalom,张亚,中国轻工业出版社,2009-1-1,19.80元,8.5
26838015,对于自己，你还是个陌生人,,大将军郭,,江苏凤凰文艺出版社,2016-8-1,36,8.4
25753137,心理治疗中的依恋,从养育到治愈，从理论到实践,威廉 (David J.Wallin),巴彤、李斌彬、施以德、杨希洁,中国轻工业出版社,2014-1-1,70.00,9.3
26921335,读完本书，才有力气完成剩下的梦想,,[法]玛琳·斯基亚帕、[法]塞德里克·布吕吉埃,张静,江苏凤凰文艺出版社,2017-2-1,38.00元,8.7
25920297,丘吉尔的黑狗,忧郁症及人类心灵的其他现象,[英]安东尼·斯托尔,邓伯宸,北京大学出版社,2014-8,42.00元,7.7
26840504,人人都有妄想症,101个脑洞大开的爆笑妄想漫画集,[美] 弗兰·克劳斯,谢倩雪,中信出版社,2016-10,32.00,7.6
1879497,新家庭如何塑造人,,维吉尼亚·萨提亚,,世界图书出版公司,2006-8-1,32.00元,8.5
4742971,错把妻子当帽子,,[美] 奥利弗·萨克斯,黄文涛,中信出版社,2010-5,26.00元,7.9
2984241,思维改变生活,积极而实用的认知行为疗法,[澳]埃德尔曼,黄志强、殷明,华东师范大学出版社,2008-1,38.00元,8.6
2344105,把妹達人之謎男方法,,謎男（Mystery）,李建興,大辣出版股份有限公司,2007,280元,8.1
4275052,九型人格,了解自我.洞悉他人的秘诀,（美）里索、（美）赫德森,徐晶,南海出版公司,2010-2,38.00元,8.1
2282946,直面内心的恐惧,分裂、忧郁、强迫、歇斯底里四大人格心理分析,[德] 弗里兹·李曼,杨梦茹,山西人民出版社,2007-10,25.00元,7.8
26296233,重塑大脑，重塑人生,奥利弗·萨克斯之后最会讲故事的科学作家，神经可塑性领域不可取代的,：（美）诺曼•道伊奇（Norman Doidge）,洪兰,机械工业出版社,2015-1-20,45.00元,8.4
26894686,棉花糖实验,自控力养成圣经,[美] 沃尔特·米歇尔（Walter Mischel）,任俊、闫欢,北京联合出版公司,2016-10-1,CNY 59.90,8.3
1024279,普通心理学,,彭聃龄,,北京师范大学出版社,2001-08,55.00元,8.0
5916004,欲望的演化,,David M.Buss,谭黎、王叶,中国人民大学出版社,2011-1-1,59.00元,8.5
26603828,我们与生俱来的七情,,【法】弗朗索瓦•勒洛尔、【法】克里斯托弗•安德烈,,生活·读书·新知三联书店  生活书店出版有限公司,2015-8-1,45.00元,8.1
2340059,心理控制术,改变自我意象，改变你的人生,[美] 麦克斯威尔·马尔茨,洪友,群言出版社,2007-11,29.80元,7.6
1291194,The Society of Mind,,Marvin Minsky,,Simon & Schuster,1988-3-15,USD 20.00,9.0
21346249,选择的悖论,用心理学解读人的经济行为,巴里•施瓦茨 (Barry Schwartz),梁嘉歆、黄子威、彭珊怡,浙江人民出版社,2013-3-1,45.90元,7.7
4216680,心理类型,心理类型,荣格,吴康,上海三联,2009-12,58.00元,9.0
1008949,分裂的自我,对健全与疯狂的生存论研究,R.D.莱恩(英),林和生,贵州人民出版社,1994-04,9.80,9.1
3222291,意识的解释,,丹尼尔·丹尼特,苏德超、李涤非、陈虎平,北京理工大学出版社,2008-9-1,39.00元,8.5
1065156,我生活的种种模式,赫尔伯特·A·西蒙自传,丹尼尔·丹尼特,苏德超、李涤非、陈虎平,北京理工大学出版社,2008-9-1,39.00元,8.0
26823208,离经叛道,不按常理出牌的人如何改变世界,亚当·格兰特、Adam Grant,王璐,浙江大学出版社,2016-7-1,49.00,8.3
1220789,爱上双人舞,,李中莹,,世界图书出版公司,2005-1-1,18.00元,8.1
4309584,孩子的宇宙,,河合隼雄,王俊,东方出版中心,2010-1,29.00元,8.6
26733302,自控力：和压力做朋友,斯坦福大学最实用的心理学课程,[美]凯利·麦格尼格尔,王鹏程,北京联合出版公司,2016-3-1,39.80元,7.5
4165838,接纳不完美的自己,,[美]黛比·福特(Ford.D.),严冬冬,吉林文史出版社,2009-11-1,27.00元,8.0
26334506,正常的另一面,美貌、信任与养育的生物学,乔丹 斯莫勒 著,郑嬿 译,生活·读书·新知三联书店,2015-7,39.00,8.9
1930235,社会心理学,,E. Aronson,侯玉波,中国轻工业出版社,2007-1,58.00元,9.0
3425151,焦虑情绪调节手册,,大卫·伯恩斯,李迎潮、李孟潮、徐维东,学林,2009-1,45.00元,8.9
3422625,幸福的真意,,[美]米哈里·契克森米哈赖,张定绮,中信出版社,2009-1,25.00元,8.5
26042854,理智向左 疯狂向右,连环杀手的怪诞行为学,[加]彼得·佛伦斯基,宁晨、于曦,江苏文艺出版社,2014-11,38.00元,7.5
23037911,正念禅修,在喧嚣的世界中获取安宁,【美】马克•威廉姆斯、【美】丹尼•彭曼,刘海青,九州出版社,2013-3,32.00元,9.1
2341848,身体语言密码,,（英）皮斯　等著，王甜甜 黄佼　译,王甜甜、黄佼,中国城市出版社,2007-12,39.00元,7.9
1599035,简捷启发式,让我们更精明,[德] 哥德·吉戈伦尔、[德] 彼得·M. 托德,刘永芳,华东师范大学出版社,2002-9,25.00元,8.4
26769136,为什么长大？,,[美] 苏珊·奈曼,刘建芳,上海文艺出版社,2016-4,38.00元,8.7
3248694,不确定状况下的判断,启发式和偏差,[美] 丹尼尔·卡尼曼、[美] 保罗·斯洛维奇、[美] 阿莫斯·特沃斯基,方文、吴新利、张擘 等,中国人民大学出版社,2008-9,79.80元,8.4
26694945,抗压力,逆境重生法则,[日]久世浩司,贾耀平,北京联合出版公司·后浪出版公司,2016-1,32.00元,7.7
6797700,自我与本我,,[奥]西格蒙德·弗洛伊德,林尘、张唤民、陈伟奇,上海译文出版社,2011-10,28.00元,8.4
3318174,这书能让你戒烟,,亚伦•卡尔,严冬冬,吉林文史出版社,2008,29.00元,8.2
26861583,不正常人类症候群,,张寒寺,四川文艺出版社,ONE BOOK,2016-9,36.00元,7.7
5339693,母爱的羁绊,,卡瑞尔·麦克布莱德(Karyl McBride),于玲娜,机械工业,2010-10,30.00元,8.4
26335187,The Road to Character,,David Brooks,,Random House,2015-4-14,USD 28.00,7.1
6061658,幸福超越完美,,泰勒•本-沙哈尔博士,倪子君,机械工业出版社,2011-4-1,39.00元,8.7
26647114,太聪明所以不幸福？,,【法】让娜•西奥－法金,梅涛,生活·读书·新知三联书店  生活书店出版有限公司,2015-11-1,42.00元,7.9
3681639,正念,身心安顿的禅修之道,[美] 乔·卡巴金,雷叔云,海南出版社,2009-5,25.00元,8.2
6507262,如何让你爱的人爱上你,,[美] 莉尔·朗兹,毛燕鸿,新世界出版社,2011-6,38.50元,7.5
2122637,20世纪最伟大的心理学实验,,[美] 劳伦·斯莱特,郑雅方,中国人民大学出版社,2007-5,39.80元,8.1
26761696,精进,如何成为一个很厉害的人,采铜,,江苏凤凰文艺出版社,2016-4-1,38.00元,7.8
5372542,情感勒索,,【美】苏珊·福沃德 博士、【美】唐娜·弗雷泽,王斌,金城出版社,2010-12,29.80元,8.1
1324893,犯罪心理画像,行为证据分析入门,布伦特·E.特维,李玫瑾 等,中国人民公安大学出版社,2005-4-1,88.00元,8.1
3327830,前世今生：16堂生死启蒙课,,（美）布莱恩·魏斯,谭智华,江苏人民出版社,2008-11-1,25.00元,7.7
2241168,内在的探索,钻石途径系列之一,阿玛斯,胡因梦,深圳报业集团出版社,2009-8,26.00元,8.4
7052007,心理学入门,,[德]格尔德米策尔,,中央编译出版社,2011-11,88.00元,8.6
26296901,一日浮生: 十個探問生命意義的故事,,歐文.亞隆(Irvin Yalom),鄧伯宸,心靈工坊文化,2015-2,NT$380,9.0
3874168,零极限,创造健康、平静与财富的夏威夷疗法,[美] 乔·维泰利、[美] 伊贺列卡拉·修·蓝,宋馨蓉,华夏出版社,2009-8,29.00,8.1
1051659,我与你,,[德] 马丁·布伯,陈维纲,生活·读书·新知三联书店,2002-1,7.80元,8.9
24859467,谁说了算？,自由意志的心理学解读,[美]迈克尔·S.加扎尼加（Michael S. Gazzaniga）,闾佳,浙江人民出版社,2013-7,49.90元,8.7
22993829,我们这儿是精神病院,,小安,,广西师范大学出版社,2013-4,32.00元,7.6
6784219,生物心理学,,[美]詹姆斯·卡拉特、James W. Kalat,苏彦捷,人民邮电出版社,2011-8-10,198.00元,9.4
6065757,FBI心理分析术,我在FBI的20年,罗伯特·K·雷斯勒、汤姆·夏希特曼,马玉卿、王晓雪,江苏文艺出版社,2011-4,29.80元,7.2
6807767,拥抱你的内在小孩,以爱疗愈内在的恐惧,克里希那南达&阿曼娜,方志华等,漓江出版社,2011-8,32.00元,8.6
26677439,儿童精神分析,,[英]梅兰妮•克莱茵,林玉华,世界图书出版公司北京公司,2016-1-1,52.00元,9.3
7067149,认知心理学及其启示,,约翰•R•安德森,秦裕林、程瑶、周海燕,人民邮电出版社,2012-1-1,88.00元,9.0
2340100,遇见未知的自己,,张德芬,,华夏出版社,2008-1,29.00,8.1
26616951,WOOP思维心理学,开启梦想与成功的秘密,[美]加布里埃尔•厄廷根,吴国锦,中国友谊出版公司,2015-8,36.80元,7.7
1443662,拒斥死亡,,[美] 恩斯特·贝克尔,林和生,华夏出版社,2000-1,20.00元,9.2
10736800,重口味心理学,怎样证明你不是神经病？,姚尧,,中国友谊出版公司,2012-5-1,32.80元,6.7
25773343,伯克毕生发展心理学：从0岁到青少年（第4版）,,[美]劳拉·E·伯克 Laura E. Berk,,中国人民大学出版社,2014-1,79.8,9.0
24845389,潜意识,控制你行为的秘密,[美] 列纳德·蒙洛迪诺,赵崧惠,中国青年出版社,2013-5,39.00元,7.7
3016247,抑郁症的内观认知疗法,,辛德尔·西格尔,刘兴华,世界图书出版公司,2008-2,36.00元,7.9
3346153,成败就在刹那间,,歌德·吉仁泽,聂晶,中国人民大学出版社,2009-1,38.00元,6.9
26954744,人性的弱点：如何赢得友谊并影响他人（完整版插图本),卡耐基经典原版珍藏！人际与社交圣经！迅速提升情商的必读经典！）作,[美]戴尔·卡耐基,韩文桥,浙江文艺出版社,2017-1-1,39.80,9.1
4151190,完美的爱，不完美的关系,完美的爱只在内心当中，唯有它能改善不完美的关系,约翰·威尔伍德,雷叔云,深圳报业集团出版社,2009-11,28.00元,8.2
1310112,诫律,全球最经典恋爱圣经,艾伦・费恩、雪莉・施赖伯、陈茗芬,陈茗芬,辽宁教育出版社,2005-5-1,18.00元,8.3
6957796,爱得太多的女人,给所有为爱迷茫的女人,[美] 罗宾·诺伍德,庞湃,北京联合出版公司,2011-11,28.00元,8.4
2015536,消费者行为学,行动影响力,利昂·G·希夫曼,江林,中国人民大学出版社,2007-1,58.00元,8.1
7054138,洗脑术,思想控制的荒唐史,[英]多米尼克·斯垂特菲尔德,张孝铎,中国青年出版社,2011-12,32.00元,7.3
1929918,心理学的邀请,,卡萝尔·韦德、卡萝尔·塔佛瑞斯,白学军等,北京大学出版社,2006-09,68.00元,8.9
3345059,心理医生为什么没有告诉我,,Edmund  Bourne,邹枝玲 等译,重庆大学出版社,2009-1,59.00元,8.6
4843911,魔鬼搭讪学,这样追女孩真的很容易,魔鬼咨询师,,长江文艺出版社,2010-7-1,25.00元,7.0
6516304,分心不是我的错,,[美] 爱德华•哈洛韦尔、[美] 约翰•瑞提,丁凡,山西教育出版社,2011-6-1,39.80元,7.8
26333444,精神分析治疗：实践指导（万千心理）,,（美）麦克威廉斯（McWilliams, N.）,曹晓鸥、古淑青,中国轻工业出版社,2015-2-1,88.00,9.1
2054246,你的误区,如何摆脱负面思维掌控你的生活,韦恩.W.戴尔,崔京瑞、王南,群言出版社,2007年4月,20.80元,8.0
5917265,心理学,主题曲和变奏曲,[美] 韦恩·韦登,彭聃龄,机械工业出版社,2011-1-1,92.00元,9.5
25953748,FBI危险人格识别术,,[美]乔·纳瓦罗 Joe Navarro、[美]托妮·斯艾拉·波茵特Toni Sciarra Poynter,吴果锦,九州出版社,2014-8-1,36.80元,6.7
1712354,家庭治疗概论,,[美] 戈登堡,李正云,陕西师范大学出版社（南京事业部）,2005-1,48.0,8.6
25848493,猿猴的把戏,动物学家眼中的人类关系,Dario Maestripieri,吴宝沛,电子工业出版社,2014-2-1,CNY 49.00,8.4
10571219,必要的丧失,,[美] 朱迪思·维奥斯特,吴春玲、江滨,江苏人民出版社,2012-6-1,35.00元,8.2
1042832,走出抑郁,走出抑郁,吉尔伯特,宫宇轩、施承孙,中国轻工业出版社,2000-1,20.00元,8.3
5417235,失败的逻辑,事情因何出错，世间有无妙策,迪特里希·德尔纳,王志刚,上海科技教育出版社,2010-12,23.00元,7.9
3321968,说谎,揭穿商界、政治与婚姻中的骗局,[美] 保罗·埃克曼,邓伯宸、徐国强,生活·读书·新知三联书店,2008-12,32.00元,7.7
6861142,心灵的面具,101种心理防御,（美）布莱克曼,郭道寰　等译,华东师范大学出版社,2011-9-1,29.80元,8.1
3265827,人的自我寻求,,罗洛·梅,,中国人民大学出版社,2008-9,45.00元,8.9
26388011,隐性动机,日常生活中的经济学和人类行为背后的动机,[美]尤里·格尼茨（Uri Gneezy）、[美]约翰·李斯特（John List）,鲁冬旭,中信出版社,2015-5,49.00元,7.4
3427154,犯罪心理学,万千心理,巴特尔 (Curt R.Bartol),杨波、李林,中国轻工业出版社,2009-02-01,50.00,7.8
6890201,我知道你不知道的自己在想什么,,果壳,,浙江大学出版社,2011-10,32.00元,7.1
4159753,Your Brain at Work,Strategies for Overcoming Distraction, Regaining Focus, and Working Smarter All Day Long,David Rock,,Collins Business,2009-10-6,GBP 17.99,9.3
26937209,遇见弗洛伊德的眼泪,,盈风,,湖南文艺出版社,2016-12,35.00元,7.9
1697556,Principles of Neural Science,Fourth Edition,Eric Kandel、James Schwartz、Thomas Jessell,,McGraw-Hill Medical,2000-1-1,$103.41,9.8
26718687,双脑记,认知神经科学之父加扎尼加自传,[美] Michael S. Gazzaniga,罗路,北京联合出版公司,2016-2-29,89.90,8.0
25885205,记忆的风景,我们为什么想起，又为什么遗忘？,[荷]杜威·德拉埃斯马,张朝霞,北京联合出版公司·后浪出版公司,2014-7,42.00元,7.9
1913947,万物简史,心理学译丛学术系列,[美] 肯·威尔伯,许金声,中国人民大学出版社,2006-9,32.00元,8.3
6851587,神话的力量,在诸神与英雄的世界中发现自我,[美] 约瑟夫•坎贝尔、[美] 比尔•莫耶斯,朱侃如,万卷出版公司,2011-9-1,49.80元,8.3
25885237,编剧心理学,在剧本中建构冲突,[美]威廉·尹迪克(William Indick),井迎兆,北京联合出版公司·后浪出版公司,2014-7,38.00元,7.9
1965977,我的抑郁症,,[美] 伊丽莎白·斯瓦多,王安忆,新星出版社,2007-1,25.00元,7.4
26838508,具身认知：身体如何影响思维和行为,身体如何影响思维和行为,[美]西恩·贝洛克（Sian Beilock）,李盼,机械工业出版社,2016-7,39.00,7.7
3004272,天资差异,人格类型的理解,伊莎贝尔·布里格斯·迈尔斯,张荣建,重庆出版社,2008-1,28.00元,8.3
1292428,神经症与人的成长,,卡伦 荷妮,陈放,国际文化出版公司,2000,22.00,8.6
4137809,让大脑自由,释放天赋的12条定律,约翰•梅迪纳,,湛庐文化策划 中国人民大学出版社,2009.11,39.80元,7.8
24700106,硅谷最受欢迎的情商课,,[新] 陈一鸣,汤冬冬、柴丹,中信出版社,2013-6-5,42,7.8
1450606,爱的序位,家庭系统排列个案集,伯特·海灵格,霍宝莲,世界图书出版公司,2005-10,38.00元,8.3
1007667,心理学的故事,源起与演变,墨顿·亨特,李斯 等,海南出版社,2006,49.80元,8.2
3601801,变态心理学,变化世界中的视角,Jeffrey S.、Nevid Spencer A、Rathus Beverly Greene,梁宝勇、吉峰、杨丽、卢国华、蔡颖、周亚娟,华东师范大学出版社,2009-3,98.00元,8.7
1085007,敏感的人:如何面对外界压力,,伊莱恩·N·阿伦,,上海译文出版社,2001.12,17.60元,8.1
26836252,你一动，我就懂,身体知道答案,[德] 乌尔里希•索罗曼,,世界图书出版公司北京公司,2016-7,29.80,9.3
5361568,获得幸福婚姻的7法则,,[美] 约翰·戈特曼、纳恩·西尔弗,刘小敏,万卷出版公司,2010-11,36.00元,8.4
10586741,关键对话,如何高效能沟通（原书第2版）,（美）科里·帕特森（Kerry Patterson）、约瑟夫·格雷尼（Joseph Grenny）、罗恩·麦克米兰（Ron McMillan）,毕崇毅,机械工业出版社,2012-4,39.00元,8.3
26821903,精神科的故事：空中秋千,,[日] 奥田英朗,王维幸,南海出版公司,2016-8,39.50元,7.8
2222424,女人的起源,,[英]伊莲·摩根,刘筠,上海译文出版社,2007-8,19.00元,7.5
2141865,家庭会伤人,,[美]约翰·布雷萧,,四川大学出版社,2007-4,31.00元,8.6
26357297,记忆之术,,[英]弗朗西丝·叶芝（Frances A. Yates）,钱彦、姚了了,中信出版社,2015-5,52.00元,8.2
1266211,论意识操纵（上下）,,卡拉-穆尔扎  编,徐昌翰,社会科学文献出版社,2004-1,66.00元,9.1
26293066,你是一切的答案,,简里里,,中信出版社,2015-1-10,36,7.7
26782080,用安静改变世界,如何科学又艺术地冥想,【美】拉塞尔•西蒙斯（Russell Simmons) 著,杨蓓,九州出版社,2016-7,38.00,7.6
26873207,爱是唯一的真相,,【美】拉塞尔•西蒙斯（Russell Simmons) 著,杨蓓,九州出版社,2016-7,38.00,8.8
1006005,过犹不及,如何建立你的心理界限,（美）克劳德、（美）汤森德,蔡岱安,四川大学出版社,2003-11-01,26.00,8.5
24868861,倾听术,轻松实现高效能沟通的秘密,(日) 松桥良纪,千太阳,中信出版社,2013-7-30,32.00,7.6
3016336,我们为什么不说话,以自闭者的奥秘解码动物行为之迷,Temple Grandin、约翰逊,马百亮,华东师范大学出版社,2008,29.80元,8.5
2250289,一个人不要怕,,素黑,,安徽教育出版社,2007-8,25.00元,7.9
10484712,驱动力,在奖励与惩罚都已失效的当下 如何焕发人的热情,[美] 丹尼尔•平克,龚怡屏,中国人民大学出版社,2012-2,42.00元,7.7
5976544,交易心理分析,,马克·道格拉斯,刘真如,电子工业出版社,2011-3,58.00元,8.1
26895993,刻意练习,如何从新手到大师,[美] 安德斯·艾利克森（Anders Ericsson）、罗伯特·普尔（Robert Pool）,王正林,机械工业出版社,2016-11-6,39.00元,8.2
20563266,社会认知,洞悉人心的科学,齐瓦·孔达,周治金、朱新秤,人民邮电出版社·新曲线,2013-2,88.00元,8.7
26774616,你就是答案（情怀版）,活出独一无二的自己,武志红,,北京联合出版公司,2016-6-6,45.00,8.6
25848953,群体性孤独,为什么我们对科技期待更多，对彼此却不能更亲密？,[美] 雪莉·特克尔,周逵、刘菁荆,浙江人民出版社,2014-3-1,CNY 66.90,7.0
25744065,决断力,如何在生活与工作中做出更好的选择,[美] 奇普·希思、[美] 丹·希思,宝静雅,中信出版社,2014-1-1,48.00元,8.2
26285423,亲密关系的秘密,,[美] 奇普·希思、[美] 丹·希思,宝静雅,中信出版社,2014-1-1,48.00元,8.1
5910460,看不见的大猩猩,无处不在的6大错觉,克里斯托弗•查布利斯（Christopher Chabris）   丹尼尔•西蒙斯（Daniel Simons）、丹尼尔•西蒙斯（Daniel Simons）,段然,中国人民大学出版社,2011-1-1,39.80元,7.5
26434548,别和她说话,,遇瑾,,中国友谊出版公司,2015-7,32.80,8.0
1507437,人格裂变的姑娘,,[美]F·R·施赖勃,孙宗鲁、陈梅安,北京大学出版社,1973,3.95,8.4
25905227,你的生存本能正在杀死你,为什么你容易焦虑、不安、恐慌和被激怒？,[美]马克·舍恩,蒋宗强,中信出版社,2014-6,39.00,7.5
2244869,瞬間贏得信任的冷讀術,圖解版,石井裕之,樂伊珍,天下遠見出版股份有限公司,2007,NT$220,7.4
4151204,心理学导论,心理学导论,【美】本杰明·B. 莱希著,吴庆麟,上海人民出版社,2010年01月,78.00元,9.1
26865040,发展与罪恶,关于发展的心理学及其限制,[意]鲁格▪肇嘉,李 琼  王振东  高 岚  译、申荷永   杨登乐  审校,世界图书出版公司北京公司,2016-9,52,8.9
1581309,神经衰弱和强迫观念的根治法,,[日] 森田正马,臧修智,人民卫生出版社,2006-9,15.00元,8.3
26718553,追随直觉之路,,[美] 约瑟夫·坎贝尔,朱侃如,浙江人民出版社,2016-2,62.90元,8.8
3712855,为何越爱越孤独,,武志红,,化学工业出版社,2009,32.00元,8.3
26697242,钓愚,操纵与欺骗的经济学,[美]乔治·阿克洛夫、罗伯特·席勒,张军,中信出版社,2016-2,59.00元,7.0
2145946,萨提亚家庭治疗模式,,（美）萨提亚,聂晶,世界图书出版公司,2007-6,36.00元,8.4
21676595,狐狸与刺猬,专家的政治判断,菲利普·E·泰特洛克 (Philip E.Tetlock),季乃礼,中国人民大学出版社,2013-3-1,35.00元,8.3
26664265,Grit,The Power of Passion and Perseverance,Angela Duckworth,,Scribner,2016-5-3,USD 28.00,8.0
19941064,自私的父母,如何治愈你的童年创伤2,尼娜·布朗,,李寒,2012-10,32.00元,7.8
25750617,嫉羡和感恩,梅兰妮·克莱因后期著作选,梅兰妮·克莱因,姚峰、李新雨,中国轻工业出版社,2014-1-1,60,8.6
3035606,七个心理寓言,武志红的心理沫沫茶,武志红,,世界图书出版公司,2008-4,26.00元,8.5
25985811,非暴力沟通实践篇,任何场合都能平和而高效地沟通,[美]马歇尔·卢森堡,梁欣琢,江苏人民出版社,2014-10-1,32.00,7.9
26737908,你好，抑郁,,许莎莎,,中信出版社,2016-3,38.00,8.3
3654465,少有人走的路III,心灵地图,摩尔,严冬冬,吉林文史出版社,2009-4,28.00元,7.7
26328457,童话心理学,,[日]河合隼雄,赵仲明,南海出版公司,2015-5,39.00元,8.4
2157346,笛卡尔的错误,情绪、推理和人脑,安东尼奥·R.达马西奥,毛彩凤,教育科学出版社,2007-6,30.00元,8.3
1141543,金融心理学,掌握市场波动的真谛,拉斯·特维德,周为群,中国人民大学出版社,2003-11,29.00元,7.8
25763661,积极心理学,探索人类优势的科学与实践,C.R.斯奈德 (Snyder C.R.)、沙恩·洛佩斯 (Lopez S.J.),王彦、席居哲、王艳梅,人民邮电出版社,2013-10-1,CNY 128.00,8.5
1053405,人类的破坏性剖析,,弗洛姆,孟禅林,中央民族大学出版社,1998-01,39.80,8.9
6139564,雅克•拉康,阅读你的症状,吴琼,,中国人民大学出版社,2011-5,136.00元,8.9
1950407,客体关系心理治疗,,[美]Sheldon Cashdan,鲁小华,中国水利水电出版社,2006年12月,32.00元,9.0
1214804,未发现的自我,,卡尔・古斯塔夫・荣格,张敦福,国际文化出版公司,2007-3,28.00元,8.6
4924898,群体的智慧,如何做出最聪明的决策,[美] 詹姆斯·索罗维基,王宝泉,中信出版社,2010-10,33.00元,7.1
25752076,贪婪的大脑,为何人类会无止境地寻求意义,【英】丹尼尔·博尔,林旭文,机械工业出版社,2013-10,39.00,7.9
24720021,权力与无知：寻求暴力的根源,寻求暴力的根源,罗洛·梅,,中国人民大学出版社,2013-5,55.00元,8.7
1778062,荣格文集,让我们重返精神的家园,（瑞士）荣格,,改革出版社,1997-4,29.8元,8.9
6009051,爱上双人舞,如何拥有和谐的恋爱、婚姻生活,李中莹,,世界图书出版公司,2011-1,29.00元,8.2
3149514,战胜拖拉,,[美] 尼尔·菲奥里,张心琴,东方出版社,2008-6,29.00元,8.0
3613841,自信的秘密,,罗伯特·安东尼,,卢晓兰,2009-3,22.00元,8.1
1071941,怎样适应生活,,罗伯特·安东尼,,卢晓兰,2009-3,22.00元,8.5
1067830,人对抗自己,自杀心理研究,（美）门林格尔,冯川,贵州人民出版社,2004-05,29.00,8.9
3277343,生命四元素,占星与心理学,[美] 史蒂芬·阿若优,胡因梦,云南人民出版社,2008-11,35.00元,8.1
1112447,群氓的时代,,(法)塞奇·莫斯科维奇,许列民、薛丹云、李继红,江苏人民出版社,2006-5,35.00,8.1
3772058,吸引力法则,随你所想，如你所愿,杰克•坎菲尔德  D.D. 沃特金,张彩,中国城市出版社,2009年6月,25.00元,7.5
1057378,非同寻常的大众幻想与群众性癫狂,,（英）麦基,李绍光等,中国金融出版社,2000-05,29.00,7.8
26851858,画的力量,,[韩]金善贤,徐湘,北京联合出版公司·后浪出版公司,2016-9,128.00,8.9
5300082,亲爱的，我们别吵了,,[美] 苏珊•约翰逊,江舒,万卷出版公司,2010-9,39.80元,7.7
3094686,銀座媽媽桑說話術,會說話的女人 男人愛！,小太郎,莊旻翰,三采文化出版事業有限公司,2008-4-2,NT$260,7.6
5246820,津巴多时间心理学,,[美]菲利普·津巴多、[美]约翰·博伊德,段鑫星,万卷出版公司,2010-8-1,49.80元,7.5
25925226,强势,如何在工作、恋爱和人际交往中快速取得主导权？,（美）曼纽尔 • J • 史密斯,欧阳瑾、陈 兰,江苏文艺出版社,2014-8,42.00元,8.5
1908684,精神焦虑症的自救 演讲访谈卷,英国著名焦虑症专家演讲及访谈录,[英] 克莱尔·威克斯,王鹏、王玉英,新疆青少年出版社,2012-11,15.00元,7.9
1459390,弗洛姆文集：我相信人有实现自己的权利,我相信人有实现自己的权利,[美]弗罗姆,冯川 等,改革出版社,1997-08,29.80,9.4
1331882,存在心理治療（上）,死亡,歐文·亞隆,易之新,張老師文化事業股份有限公司,2003-10,NT$300,9.3
25910698,迷人的假象,光影中的心理学秘密,魏知超（疯狂钻石）,,电子工业出版社,2014-8-1,39.80元,8.2
3695857,我与躁郁症共处的30年,一位患躁郁症的女精神科医生的回忆录,[美] 凯·雷德菲尔德·杰米森（Kay Redfield Jamison）,聂晶,中国人民大学出版社,2009-4,32.00元,8.0
2241170,自我的真相,钻石途径系列之三,阿玛斯,胡因梦,深圳报业集团出版社,2007-8-1,24.00元,8.6
6309931,自我·群体·社会,进入西奥迪尼的社会心理学课堂,【美】道格拉斯•肯里克等,谢晓非等,中国人民大学出版社,2011-4-1,69.80元,8.6
24722609,催眠师手记,国内第一部心理推理纪实档案,高铭,,中信出版社,2013-7-1,36.00元,7.6
7174792,千面英雄,,约瑟夫•坎贝尔 (Joseph Campbell),朱侃如,金城出版社,2012-2-1,45.00元,8.5
20616993,洗脑术,怎样有逻辑地说服他人,高德,,江苏文艺出版社,2013-3-1,35.00元,6.6
2338638,预知社会,群体行为的内在法则,菲利普·鲍尔,暴永宁,当代中国出版社,2007-11,45.00元,8.2
25839107,魔鬼约会学,,魔鬼咨询师,,同心出版社,2014-4-1,CNY 32.00,7.4
1784676,占有还是生存,一个新社会的精神基础,[美] 埃里希·弗罗姆,关山,生活·读书·新知三联书店,1989-6,4.90元,8.9
25834256,培养高情商的孩子,让孩子受益一生的情绪管理法,约翰 戈特曼,付瑞娟,浙江人民出版社,2014-2-1,CNY 46.90,8.5
10537771,登天之梯,一个儿童心理咨询师的诊疗笔记,Bruce Perry、Maia Szalavitz,曾早垒,重庆大学出版社,2012-1,27.00元,8.9
19894314,自体的分析,一种系统化处理自恋人格障碍的精神分析治疗,海因茨·科胡特,,世界图书出版公司,2012-9-1,52.00元,8.9
26894664,看脸,,华沙,,湖南文艺出版社,2016-10-20,CNY 45.00,8.0
3671442,修炼当下的力量,,（德）艾克哈特·托利,张德芬,辽宁教育出版社,2009年4月,25.00元,8.5
26299530,善恶之源,,[美] 保罗•布卢姆,青涂,浙江人民出版社,2015-3-1,49.90,8.0
26743743,穿越孤独,精神分析师眼中的孤独与孤单,[美]阿琳•克莱默•理查兹、[美]露西尔•斯派拉、[美]亚瑟•林奇,曹思聪、蓝薇 童俊,世界图书出版公司,2016-4,58.00元,8.3
20480678,逆转,弱者如何找到优势，反败为胜,[加] 马尔科姆•格拉德威尔,,中信出版社,2014-6,36.00元,7.0
4199618,做梦的艺术,,卡罗斯·卡斯塔尼达,鲁宓,深圳报业集团出版社,2010-1,28.00元,8.2
6510682,脑的阅读,破解人类阅读之谜,（法）迪昂,周加仙等,中信出版社,2011-6,46.00元,7.9
26636365,偏执狂,“疯子”创造历史,[意]鲁格▪肇嘉,高岚、董建中,世界图书出版公司,2015-12,68.00元,8.7
1280205,宗教经验种种,人性的研究,詹姆斯 (James William),尚新建,华夏出版社,2005-1,39.00元,8.8
21241284,我穿越疯狂的旅程,一个精神分裂症患者的故事,[美] Elyn R.Saks,李慧君、王建平,中国轻工业出版社,2013-2,40.00元,8.9
26853740,你好，焦虑分子!,,[法] 阿兰·布拉克尼耶（Alain Braconnier）,欧瑜,生活•读书•新知三联书店  生活书店出版有限公司,2016-9,48.00元,7.0
11509401,正能量,坚持正能量，人生不畏惧,理查德·怀斯曼,,湖南文艺出版社,2012-8-1,29.80元,6.9
1444813,灵魂的黑夜,,托马斯·摩尔,,上海科学普及出版社,2005-7,28.00元,8.4
2293880,生涯咨询与辅导,,金树人,,高等教育,2007-6,30.40元,8.7
1053711,自我分析,,(美)霍妮(Homey,K.),许泽民,贵州人民出版社,2004-05,18.00,8.4
1072606,艺术与错觉,图画再现的心理学研究,[英] E.H.贡布里希,林夕、李本正、范景中,湖南科学技术出版社,1999-09,48.00元,8.9
1275195,恶,在人类暴力与残酷之中,罗伊·F·鲍迈斯特尔,崔洪建,东方出版社,1998-12,30.50,8.8
4010184,本能,为什么我们管不住自己?,[美]特里·伯纳姆,李存娜,中信出版社,2009-10,28.00元,7.4
1020427,爱与意志,,（美）罗洛·梅,冯川,国际文化出版公司,1998-06,24.00,8.6
1829801,忧郁,走出忧郁,(美)安德鲁·所罗门,李凤翔,重庆出版社,2006-7,29.80,8.2
3441145,自尊的6大支柱,寻找：实现自我的游戏规则,纳撒尼尔·布兰登、Nathaniel Branden,吴齐,红旗出版社,1998年2月,19.8,8.2
26752847,整理情绪的力量,,[日]有川真由美,牛晓雨,后浪出版公司·鹭江出版社,2016-4,32.00元,7.4
4821765,火星上的人类学家,,[美国]奥利弗·萨克斯,赵海波,中信出版社,2010-6,28.00元,8.0
3123690,旷野无人,一个抑郁症患者的精神档案,李兰妮,,人民文学出版社,2008年6月,35.00元,7.9
1337933,西方心理咨询经典案例集,,徐光兴,,上海教育出版社,2003-6-1,40.00元,7.9
6014434,心理统计学（第3版）,,[美] B. H. 科恩,高定国、周欣悦,华东师范大学出版社,2011-2,98.00元,9.2
26705662,心理营养,林文采博士的亲子教育课,【马来西亚】林文采、伍娜,,上海社会科学院出版社,2016-1,42.80元,9.2
6084402,游戏力,随时随地激活孩子天性中的合作与勇气,Lawrence J. Cohen, Ph.D.,李岩,军事谊文出版社,2011-5-1,39.00元,8.7
2209663,孤独的性,手淫文化史,[美] 托马斯·拉科尔,杨俊峰、黄洁芳、王丹,上海人民出版社,2007-8,36.00元,7.2
26797268,养育的选择,,陈忻,,中信出版版,2016-6,36.00元,8.7
26781653,弗洛伊德遇见佛陀,精神分析和佛教论欲望,[美] 马克•爱普斯坦（Mark Epstein）,梁永安,世界图书出版公司,2016-5,39.8,8.4
2281620,艾瑞克森催眠治疗理论,,斯蒂芬·吉利根,,世界图书出版公司,2007-10-1,36.00元,8.5
1921568,奖励的惩罚,,(美)埃尔菲·艾恩,程寅、艾斐,三联书店上海分店,2006-1,20.00元,8.1
11524925,阿斯伯格综合征完全指南,,[英]Tony Attwood,燕原、冯斌,华夏出版社,2012-8-1,48.00元,9.2
2823823,Marva Collins' Way,,Marva Collins,,Tarcher,1990-9-1,USD 14.95,9.2
1315234,图腾与禁忌,,西格蒙德·弗洛伊德,赵立玮,上海人民出版社,2005-05,16.00元,8.1
25809012,爱的博弈,建立信任、避免背叛与不忠,约翰·戈特曼 (John Gottman)、娜恩·西尔弗 (Nan Silver),穆君、伏维,浙江人民出版社,2014-1-1,49.90,8.1
20485924,Give and Take,A Revolutionary Approach to Success,Adam M. Grant Ph.D.,,Viking Adult,2013-4-9,USD 27.95,8.4
26850526,追时间的人,信息过载时代的知识解决方案,阳志平、刘建鸿、吴宝沛、周亮、程乐华、陈虎平、赵昱鲲、卢立、王崇巍、陈忻、解慧超、安替、王佩、魏坤琳、戴俊毅,,中信出版社,2016-8-26,58.00,8.3
20259499,忧郁的解剖,,罗伯特·伯顿,冯环,金城出版社,2012-11,32.00元,7.4
21214091,人生的十二个面向,,霍华德·萨司波塔斯,韩沁林 译  胡因梦 审订,中国广播电视出版社,2013-1,68.00元,9.0
26740257,内在革命：一本关于成长的书,成长过程中的转折点，就是在你发现治愈所有伤痛的核心力量存在于自己,[美] 芭芭拉·安吉丽思,龙彦,北京日报出版社·阳光博客,2016-4,36.00,7.9
24532754,认知疗法基础与应用,万千心理,Judith S．Beck,王建平,中国轻工业出版社,2013-6,58.00元,8.9
4889277,爱情心理学,,Robert J.Steinberg,,世界图书出版公司,2010-5-1,39.00元,7.7
1843275,超越自由与尊严,,B.F.斯金纳,,贵州人民出版社,2006-6,16.00元,8.4
11442509,读懂恋人心,如何在未知中相爱，在懂得后相守,〔美〕阿米尔•莱文　雷切尔•S.F.海勒,刘　静,广东人民出版社,2012-8,32.00元,8.4
26183848,完美关系的秘密,如何得到你想要的爱人与爱情,杨冰阳,,中信出版社,2014-11-1,42.00元,7.3
1291535,Blink,By the author of 《THE TIPPING POINT》,Malcolm Gladwell,,Little, Brown and Company,2005-1-11,USD 25.95,7.6
1476458,自我实现的人,,马斯洛,许金声、刘锋,生活.读书.新知三联书店,1987,0.85,8.5
1684120,思维的版图,,理查德.尼斯贝特,,中信出版社,2006-5,25.00元,7.6
3424068,生命的心流,,[美]米哈里·契克森米哈赖,陈秀娟,中信出版社,2009-1,18.00元,7.6
1173442,精神分析案例解析,,麦克威廉姆斯 编,钟慧,中国轻工业出版社,2004-7,24.00元,8.9
2990695,爱，上了瘾,抚平因爱受伤的心灵,伊东明,,广梅芳,2008-1,28.00元,8.3
5291811,认识自己，接纳自己,,马丁·塞利格曼,任俊,万卷出版公司,2010-9,39.80元,7.6
26865924,精神病态者的科学,不是我杀的人，是我的大脑和基因！,肯特·基尔,,湖南科学技术出版社,2016-10,48,9.1
10794605,超级恋爱催眠术,男心を意のままに操る瞬殺心理,林贞年,张文青,世界图书出版公司,2012-6-1,29.00元,7.8
2327264,日益亲近,心理治疗师与来访者的心灵对话,欧文·亚隆,童慧琦,中国轻工业出版社,2008-1,36.00元,8.5
25917542,共情时代,,弗朗斯•德瓦尔,刘旸,湖南科学技术出版社,2014-8-10,36.00,8.1
1135754,你的灯亮着吗?,发现问题的真正所在,(美国)唐纳德・高斯等著,章柏幸、刘敏,清华大学出版社,2003-1,25.00元,8.1
1219421,实验心理学,通过实例入门,张奇、M.Kimberly MacLin、Robert L.Solso,张奇,中国轻工业出版社,2004-9,28.00元,8.2
25817021,20岁，光阴不再来,,[美]梅格·杰伊,陈磊、袁靖亚,广西科学技术出版社,2014-1-10,35.00元,8.2
3696966,踏上心灵幽径,,杰克·康菲尔德,易之新、黄璧惠、释自鼎,深圳报业集团出版社,2009-5,38.00元,8.9
4022709,助推,我们如何做出最佳选择,[美] 理查德·H·泰勒、[美] 卡斯·H·桑斯坦,刘宁,中信出版社,2009-12-1,39.00元,7.4
24872319,理性的非理性,谁都逃不过的 10 大心理陷阱,郑毓煌、苏丹,,中国商业出版社,2013-8,39.9,8.1
2303751,家庭与夫妻治疗,案例与分析,[美] Salvador Minuchin、[美] Michael P. Nichols,李维榕、胡赤怡、卢建平、陈珏,华东理工大学出版社,2007-11,39.00元,9.3
1823968,西尔格德心理学,,Edward E.Smith,,世界圖書出版公司,2006-01-01,78.00元,9.0
4187225,59秒,少一秒，心理学才更有魔力！,（英）理查德 怀斯曼,冯杨,山西人民出版社发行部,2009-12,28.00元,7.6
6990052,哈佛幸福课,,[美] 丹尼尔•吉尔伯特,张岩、时宏,中信出版社,2011-11,39.00元,7.6
25808733,爱·恨与修复,梅兰妮·克莱因与琼·里维埃演讲录,梅兰妮·克莱因 (Melanie Klein)、琼·里维埃 (Joan Riviere),吴艳茹,中国轻工业出版社,2014-2,18.00元,9.2
26352480,魔法岁月,0-6岁孩子的精神世界,[美]塞尔玛·弗雷伯格（Selma H.Fraiberg）,江兰,浙江人民出版社,2015-4,46.90元,9.0
2193673,心理和脑,脑与心智历程100项,Tom Stafford、Matt Webb,O’Reilly Taiwan 公司,科学出版社,2011-3,48.00元,7.9
3622446,FBI教你破解身体语言,,[美] 乔·纳瓦罗、[美] 马文·卡尔林斯,王丽,吉林文史出版社,2009-4,26.00,6.9
20506638,自体心理学的理论与实践,,怀特、韦纳,,吉莉,2013-2,32.00元,9.0
24708172,自控力2,瑜伽实操篇,凯利•麦格尼格尔,王岑卉,印刷工业出版社,2013-5,39.8,7.3
1869638,The Inner Game of Tennis,Inner Game of Tennis,W. Timothy Gallwey,,Random House,1997-05-27,USD 16.95,8.9
1539735,自觉和领悟之路,,森田正马,,复旦大学出版社,2002-1,16.00元,8.2
20471507,九种忧伤,,鲁敏,,花城出版社,2013-3,29.80元,7.9
1425813,儿童心理学,,鲁道夫·谢弗,王莉,第1版 (2005年9月1日),2005-9,30.00元,7.8
1425985,心理学的故事,彩图版,李汉松,,光明日报出版社,2009-5,25.80元,6.3
2141624,躁狂抑郁多才俊,,[美]朱立安·李布、D.杰布罗·赫士曼,郭永茂,上海三联书店,2007-6,35.00,7.5
6852021,与内心的小孩对话,如何治愈你的童年创伤,【美】金伯利•罗斯、弗雷达•弗兰德曼博士,王小亮,金城出版社,2011-8,26.80元,7.6
22224887,全脑教养法,拓展儿童思维的12项革命性策略,丹尼尔·西格尔,,浙江人民出版社,2013-4,39.90元,8.5
5377234,情商2,影响你一生的社交商,［美］丹尼尔·戈尔曼,,中信出版社,2010-12-1,49.00元,7.6
26645313,不正常人类研究所,,[日]冈田尊司,曹逸冰,天津社会科学院出版社,2015-11-15,29.80,8.0
10755668,自我观察,第四道入门手册,雷德·霍克,,孙霖,2012-4,28.00元,8.6
5299980,教出乐观的孩子,,【美】马丁•塞利格曼,洪莉,万卷出版公司,20100920,39.80元,8.3
25810164,心理学百科,,英国DK出版社,徐玥,电子工业出版社,2014-1-1,128.00,8.6
1053204,弗洛伊德心理哲学,,弗洛伊德,杨韶刚,九洲图书出版社,2003-07,26.00,7.7
4062735,对生命说是,,[澳] 阿南朵,翠思,珠海出版社,2009-10,29.80元,8.4
2072469,死亡回忆,濒死体验访谈录/Life After Life,Raymond A.Moody,夏乐,吉林文史出版社,2007-5,28.00元,8.0
25834607,自由的进化,,丹尼尔•丹内特（Daniel C.Dennett）,辉格,山西人民出版社,2014-3,58.00,8.0
26383818,父性,,[意]鲁格·肇嘉（Luigi Zoja）,张敏、王锦霞、米卫文,世界图书出版公司,2015-6,58.00元,8.2
26769282,如何作出正确决策,直击决策真相，揭秘是什么在影响你作决定,[美] Gary Klein,黄蔚,中国青年出版社,2016-4-1,58.00元,8.0
26803304,为什么受伤的总是聪明人,,[美]埃里克·麦瑟尔（Eric Maisel）,张珺颖、韩文恺,机械工业出版社,2016-6,39.00,7.7
26663916,沟通圣经,听说读写全方位沟通技巧（修订第5版）,[英]尼基·斯坦顿,罗慕谦,北京联合出版公司·后浪出版公司,2015-12,45.00元,8.3
26342463,你就是脸皮太薄！,克服羞怯心理的85个实用心理学法则,[美]莉儿·朗蒂,辛献云,北京时代华文书局,2015-4-1,39.90元,7.0
23752241,自体的重建,,海因茨·科胡特,许豪冲,世界图书出版公司,2013-4,52.00元,8.3
3405756,生活的暗面,日常生活的社会学透视,[美]迈克尔・施瓦布,汪丽华,北京大学出版社,2008-12,30.00元,7.9
25976094,普鲁斯特是个神经学家,艺术与科学的交融,【美】乔纳·莱勒,庄云路,浙江人民出版社,2014-9,52.90元,8.1
26248157,你能写出好故事,写作的诀窍、大脑的奥秘、认知的陷阱,[美]丽萨·克龙（Lisa Cron）,秦竞竞,陕西人民出版社,2014-12,32.80元,8.5
25894861,跟任何人都聊得来,写给内向者的沟通心理学,( 美) 迈克•贝克特尔（Mike Bechtle）,陈芳芳,九州出版社·阳光博客,2014-7-1,36.00,6.5
25755874,运动改造大脑,,[美] 约翰•瑞迪（John Ratey）、埃里克•哈格曼（Eric Hagerman）,浦溶,浙江人民出版社,2013-11,49.90元,7.6
6537368,中国人的关系原理,时空秩序、生活欲念及其流变,翟学伟,,北京大学出版社,2011-6,45.00元,8.5
6515939,世界如此险恶，你要内心强大,,石勇,,印刷工业出版社,2011-7,29.80元,6.8
6759677,走出恐惧,,克里希那南达&阿曼娜,王静娟,漓江出版社,2011-8,28.00元,8.6
3171969,认知心理学,,R. L. Solso、M. K. MacLin、O. H. MacLin,,邵志芳、李林,2008-7,58.00元,8.1
4087584,害羞心理学,,菲利普·津巴多,段鑫星,中国人民大学出版社,2009-10,39.80元,7.4
2383735,How We Know What Isn't So,The Fallibility of Human Reason in Everyday Life,Thomas Gilovich,,Free Press,1993-3-5,USD 18.95,8.8
4087655,注意力曲线,打败分心与焦虑,露西·乔·帕拉迪诺,苗娜,中国人民大学出版社,2009-9,29.80元,7.9
26689692,不完美，才美,,海蓝博士,,北京联合出版公司,2016-1-1,39.9,8.3
25760338,万千心理：心理治疗实战录,,巴史克（Michael Franz Basch）,寿彤军、薛畅,中国轻工业出版社,2014-1,45,9.4
26723536,争辩力,10%的沟通决定你的成败,[日]和田秀树,张瑞丰,北京科学技术出版社,2016-3-31,32.00,7.3
2158889,权力的48条法则,75种最使人睿智的必读书之一,罗伯特·格林,金马、卢安安　张小玲,东方出版中心,2007-7,38.00元,8.3
26354161,爱人、情人和怪人,人类情欲的心理画像,吴宝沛,,电子工业出版社,2015-4-19,49.00元,8.1
25961690,梦的解析,,西格蒙德·弗洛伊德,殷世钞,江西人民出版社,2014-8,39.80元,8.1
5335820,心理动力学心理治疗简明指南,短程、间断和长程心理动力学心理治疗的原则和技术,Robert J.Ursano.M.D.、Stephen M.Sonnenberg.M.D.、Susan G.Lazar.M.D.,林涛、王丽颖,人民卫生出版社,2010-10-1,22.00元,8.9
1002815,登天的感觉,我在哈佛大学做心理咨询,岳晓东,,上海人民出版社,2004-11,16.00,7.7
6538416,微表情,如何识别他人脸面真假？,姜振宇,,凤凰出版社,2011-8,34.00元,7.4
5356341,男人来自火星，女人来自金星2,恋爱篇,[美] 约翰·格雷,白莲,吉林文史出版社,2010-11,29.80元,8.0
26769662,雄性衰落,,[美]菲利普·津巴多、[美]尼基塔·库隆布,徐卓,北京联合出版公司,2016-4-1,69.90元,7.5
26266926,写给失眠者的心理学,,[日]加藤谛三,孙谭玲,广西科学技术出版社,2014-12-31,32.00,7.6
1232744,神经质的实质与治疗,精神生活的康复,森田正马,臧修智,人民卫生出版社,1992-5,10.50元,8.8
3312040,谁会认错,,卡罗尔·塔夫里斯、艾略特·阿伦森,邢占军等,华东师范大学出版社,2008-11,29.00元,8.1
3854718,认知心理学,(第五版),(英)艾森克、基恩,高定国,华东师范大学出版社,2009-7-1,88.00元,8.2
26839427,慢思考：大脑超载时代的思考学,欧洲工商管理学院最受欢迎的思维课,[美] 特奥·康普诺利,阳曦,九州出版社·阳光博客,2016-9,38.00,8.1
20271283,人类沟通的起源,,[美]迈克尔•托马塞洛,蔡雅菁,商务印书馆,2012-9,29.00元,8.6
26790125,注意力,专注的科学与训练,让-菲利普·拉夏 (Jean-Philippe Lachaux),刘彦,人民邮电出版社,2016-5-1,CNY 49.00,7.8
3834938,与神对话（第一卷）,,尼尔·唐纳德·沃尔什,李继宏,上海书店出版社,2009年7月,28.00元,8.3
26775040,完美母女关系的秘密,,[日]五百田达成、樱场江利子,,宋晓煜,后浪出版公司·北京联合出版公司,2016-5,7.9
4208898,心灵种种,对意识的探索,[日]五百田达成、樱场江利子,,宋晓煜,后浪出版公司·北京联合出版公司,2016-5,8.4
10344527,妈妈的心灵课,孩子、家庭与外面的世界,唐纳德•W.温尼科特 (Donald W. Winnicott),赵悦,南方出版社,2011-11-1,29.80元,8.3
1393911,漢斯.柯赫與自體心理學,,Allen M Siegel（西耶哥）,叶宇记,遠流,2005年06月16日,NT$ 550,9.8
26220853,论人的成长,,[美] 卡尔•罗杰斯,石孟磊 等,世界图书出版公司北京公司,2015-1,68.00元,8.8
26261585,反洗脑,,艾瑞克,,同心出版社,2015-1-1,38.00,5.7
24706032,本能,突破瓶颈 改变命运,【英】贝尔.格里尔斯,刘屈雯曦,同心出版社,2013-6-1,32.80元,7.4
10809149,别忽视上帝的提醒,一个外科医生的黄金忠告,（美）艾伦•汉密尔顿,谢瑶玲,中信出版社,2012-8-1,32.00元,8.1
26735206,亲密伴侣,爱和婚姻的模式,[美] 麦琪•斯卡夫,谢春波,北京联合出版公司,2016-3-1,45.00,9.3
20434430,你要如何衡量你的人生,,[美]克莱顿•克里斯坦森、[澳]詹姆斯•奥沃斯、[美]凯伦•迪伦,丁晓辉,吉林出版集团有限责任公司,2013-1-1,29.80元,8.0
4262003,掌握家庭治疗,家庭成长与转变之路,高隽,,世界图书出版公司,2010-1,39.00元,9.2
1159821,意识的宇宙,物质如何转变为精神,[美] 杰拉尔德·埃德尔曼、[美] 朱利欧·托诺尼,顾凡及,上海科学技术出版社,2004-1,27.00元,8.4
3216250,认知、脑与意识,,Bernard J. Baars、Nicole M. Gage,,科学出版社,2008-8,280.00元,9.1
24527645,心的处方笺,,[日]  河合隼雄,吴倩,广西科学技术出版社,2013-5-25,35.00,8.1
26866061,让孩子不恐惧、不焦虑、不拖延,创建和谐的亲子关系,童利菁,,九州出版社,2016-10-1,36.00元,8.7
26822490,我们在为什么样的广告买单,,[英]罗伯特·希思,,任永欣、郑昊沫,世界图书出版公司,2016-7,8.9
21868971,隐藏的自我,大脑的秘密生活,大卫·伊格曼,唐璐,湖南科学技术出版社,2013-1,39.00元,8.8
26780966,生活中的大脑骗局,,谢伯让,,中信出版社,2016-4-1,36,7.7
1225971,谁在操纵你？,大众心理专家译丛,布瑞克,付蕾,中国水利水电出版社,2005-1,25.00元,7.4
3000055,五十分钟的一小时,,罗伯特·林达,,吴陋,2008-2,22.00元,8.0
2082044,金赛性学报告,男人篇&女人篇,(美)阿尔弗雷德·C.金赛,潘绥铭,海南出版社 三环出版社,2007-5,49.80元,8.1
11589950,沃顿商学院最受欢迎的谈判课,,[美] 斯图尔特·戴蒙德,杨晓红,中信出版社,2012-8,69.00元,7.7
2021604,管理决策中的判断,,马克斯·巴泽曼 (Max H.Bazerman),,人民邮电出版社,2007-1-1,58.00元,8.5
4771145,The Tell-tale Brain,A Neuroscientist's Quest for What Makes Us Human,V. S. Ramachandran,,W. W. Norton & Co.,2011-1-17,GBP 17.99,9.2
1171256,教育心理学,,(美)罗伯特.斯莱文(Robert E.Slavin),姚梅林,人民邮电出版社,2004-7-1,59.00元,8.2
2061421,语言心理学,,(美)D·W·卡罗尔,缪小春,华东师范大学出版社,2007,49.80元,8.0
24295802,由内而外的教养,做好父母,从接纳自己开始,丹尼尔•西格尔 (Daniel J.Siegel)、玛丽•哈策尔 (Mary Hartzell),李昂,浙江人民出版社,2013-5-1,39.90元,8.1
1764721,心灵的激情（上）,西格蒙德 弗洛伊德传记小说,丹尼尔•西格尔 (Daniel J.Siegel)、玛丽•哈策尔 (Mary Hartzell),李昂,浙江人民出版社,2013-5-1,39.90元,8.5
25805226,控制焦虑,百年诞辰纪念版,（美）阿尔伯特•埃利斯（Albert Ellis）,李卫娟,机械工业出版社,2014-1,35.00,7.5
2871453,The Origin of Consciousness in the Breakdown of the Bicameral Mind,,Julian Jaynes,,Houghton Mifflin,2000-8-15,156.00元,7.8
6810273,我即我脑,在子宫中孕育，于阿茨海默氏病中消亡,迪克·斯瓦伯,王奕瑶、陈琰璟、包爱民,中国人民大学出版社,2011-9,65.00元,8.5
26220337,元认知：改变大脑的顽固思维,改变大脑顽固思维、解决负面情绪和实际问题的自助技巧,（美）大卫•迪绍夫（David DiSalvo）,陈舒,机械工业出版社,2014-10,35.00,6.6
2299775,Musicophilia,Tales of Music and the Brain,Oliver Sacks,,Knopf Publishing Group,2007-10-16,GBP 9.99,8.3
7064464,音乐、语言与脑,,（美）Aniruddh D. Patel,杨玉芳、蔡丹超,华东师范大学出版社,2011-12,49.80元,8.4
1315269,心灵、自我与社会,,[美] 乔治·H. 米德,赵月瑟,上海译文出版社,2005-05,39.00,8.3
26617241,渡过,抑郁症治愈笔记,张进,,中国工人出版社,2015-9-1,CNY 29.80,7.5
4210847,潜意识与心灵成长,,[瑞士] 荣格,张月,上海三联书店,2009-12,38.00元,8.3
1257434,马斯洛人本哲学,马斯洛人本哲学,马斯洛,成明,九州出版社,2003-8,26.00元,7.9
20271917,持续的幸福,,[美]马丁•塞利格曼（Martin E.P. Seligman）,赵昱鲲,浙江人民出版社,2012-11,49.90元,7.6
26377695,自知心理学,为什么我们这么想，那么做,壹心理,,中信出版社,2015-5-1,46,7.6
1775895,心的出路,,伊莉莎白•库伯勒•罗斯、戴维·凯思乐,张美惠,国际文化出版公司,2006-4,25.00元,8.5
1443869,人类的性存在,,（美）海德，（美）德拉马特  著，贺岭峰  等译,,上海社会科学院出版社,2005-9,68.00元,8.5
6011081,冥想5分钟，等于熟睡一小时,,[美] 里克·汉森、理查德·蒙迪思,姜勇,上海锦绣文章出版社,2011-4,29.80元,6.9
6194593,人类性幻想,,(英)B·卡尔,耿文秀,华东师范大学出版社,2011-6-25,39.80元,7.5
1039222,荣格性格哲学,,Carl Gustav Jung,,九州出版社,2003-8,26.00,7.8
2063029,销售中的心理学,,崔西,,中国人民大学出版社,2007-4,32.00元,7.5
1162945,弗洛伊德文集（全8册）,,[奥] 弗洛伊德 著、车文博 主编,,长春出版社,2004-5,320.00元,8.6
26365755,精神分析案例解析（万千心理）,,麦克威廉姆斯 编,,钟慧,中国轻工业出版社,78.00,9.4
6394591,心理学史,,戴维·霍瑟萨尔,郭本禹,人民邮电出版社,2011-5,88.00元,8.5
1000697,天才的思考,,格雷厄姆.沃拉斯,,企业管理出版,2001-05,20.00,9.1
2374426,Bounded Rationality,The Adaptive Toolbox,Gerd Gigerenzer、Reinhard Selten,,The MIT Press,2002-7,USD 36.00,8.0
6068005,原型与集体无意识-荣格文集（第五卷）,,卡尔·古斯塔夫·荣格,徐德林,国际文化,2011-4,45.00元,8.6
24714253,世界会抛弃你吗,和不安的自己聊聊未来的路,塔玛·琼斯基,吴书榆,江苏文艺出版社,2013-6,29.80元,7.2
3314537,婴儿、儿童和青少年,,[美]劳拉·E.贝克,桑标 等,上海人民,2008-11,98.00元,9.0
24380575,FBI行为分析学,注意！有人在盯着你,[美] 玛丽•艾伦•奥图尔 [美]艾丽莎•鲍曼,吴超,江苏文艺出版社,2013-6-1,29.80,6.9
10557754,荣格与炼金术,,[美] 杰佛瑞·芮夫,廖世德,湖南人民出版社,2012-4,25.00元,8.2
2241169,解脱之道,钻石途径系列之二,阿玛斯,胡因梦,深圳报业集团出版社,2009-8,24.00元,8.7
1868555,阻力最小之路,用创造力寻找生命出口,[US] Robert Fritz,,徐炳勋,天下文化出版社,1996-6-25,8.8
4233221,双相情感障碍,你和你家人需要知道的,戴维 米克洛维茨,陈幼堂,重庆大学出版社,2010-01,38.50元,8.5
4159343,潜意识的力量,,约瑟夫墨菲,吴忌寒,中国城市出版社,2009.11,28.00元,7.7
4256998,爱情心理学,,莎伦·布雷姆(Sharon S.Brehm),郭辉,人民邮电出版社,2010-1-1,38.00元,7.5
25765450,如何控制自己的情绪,最有效的22个情绪管理定律,[美]奇普•康利 （Chip Conley）,[美]谢传刚,中信出版社,2013-11-1,38.00元,7.2
20390477,Far From the Tree,Parents, Children and the Search for Identity,Andrew Solomon,,Scribner,2012-11-13,$ 18 U.S.,9.1
25718139,每个人都会死，但我总以为自己不会,,Thomas Cathcart、Daniel Klein,胡燕娟,人民邮电出版社,2013-10,32.00,7.4
6750510,设计心理学2,如何管理复杂,[美] 唐纳德·A·诺曼,张磊,中信出版社,2011-8-1,38.00元,7.9
1031857,虐恋亚文化,,李银河,,今日中国出版社,1998-01,26.00,7.8
3593985,情商,,克里斯汀·韦尔丁,,尧俊芳,2009-3,22.00元,7.4
3666720,儿童心理学手册,第1卷,William Damon（美）戴蒙、Richard M.Lerner（美）勒纳,林崇德、李其维、董奇,华东师范大学出版社,2009-3-1,225.00元,9.2
6784027,金花的秘密,,卫礼贤、荣格,邓小松,黄山书社,2011-8,25.00元,8.4
20476804,不诚实的诚实真相,,丹·艾瑞里,胡晓姣、李爱民、何梦莹,中信出版社,2013-1,39.00元,7.7
1734002,你不知道的自己,,曾奇峰,,希望出版社,2006-1,35.00元,8.0
3324610,摇摆,难以抗拒的非理性诱惑,（美）奥瑞·布莱福曼、（美）罗姆·布莱福曼,鲁刚伟、何伟,中信出版社,2009-01,29.00元,7.4
2362451,感受发生的一切,意识产生中的身体和情绪,安东尼奥·R.达马西奥,杨韶刚,教育科学,2007-1,38.00元,8.7
1338662,艾瑞克森：天生的催眠大師,天生的催眠大師,傑弗瑞.,陳厚愷,心靈工坊,2004年04月06日,NT$ 280,8.9
26728916,决策与理性,,（加）基思·斯坦诺维奇（Keith E. Stanovich ）,施俊琦,机械工业出版社,2016-3,59.00,7.7
2345245,Synaptic Self,How Our Brains Become Who We Are,Joseph LeDoux,,Penguin Books,2003-1-28,USD 18.00,9.2
1327007,悲剧心理学,,朱光潜,,安徽教育,1989-4,25.00元,8.6
1020110,丘比特之箭,穿越时间的爱情历程,（美）罗伯特・J・斯滕伯格,潘传发，潘素,辽宁教育出版社,2000-10,15.00,7.9
2296845,专注力,,（美）埃伦·兰格,徐佳,中国人民大学出版社,2007-9,29.80元,6.9
25710178,情感堵塞,民主德国的心理转型,[德] 汉斯-约阿希姆·马茨,徐珺,中央编译出版社,2013-11-1,CNY 49.00,8.5
11583939,行动科学,探究与介入的概念方法与技能,[美] 克里斯·阿吉里斯、罗伯特·帕特南、戴安娜·麦克莱恩·史密斯,夏林清,教育科学出版社,2012-8,56.00元,8.0
1931681,罗杰斯著作精粹,,卡尔·R·罗杰斯,钟华、刘毅,中国人民大学出版社,2006-10-01,49.80元,8.9
1879344,精神分析与宗教,,埃·弗洛姆,孙向晨,上海人民出版社,2006-8,12.00元,8.8
11403211,Daring Greatly,How the Courage to Be Vulnerable Transforms the Way We Live, Love, Parent, and Lead,Brene Brown,,Portfolio Penguin,2012-9,USD 29.38,8.2
5398985,积极情绪的力量,,【美】芭芭拉•弗雷德里克森,王珺、阳志平 校,中国人民大学,2010-12,39.80元,7.8
3030535,自我训练,改变焦虑和抑郁的习惯,[美] Joseph J. Luciani,曾早垒,重庆大学出版社,2008-3,27.00元,7.8
24867884,变态心理学,变态心理学,（美）德博拉 C.贝德尔 （Deborah C. Beidel）、辛西娅 M. 布利克（Cynthia M. Bulik）、梅琳达•斯坦利（Melinda A. Stanley）,袁立壮,机械工业出版社,2013-8,79.00,8.3
2074773,把妹達人,Penetrating the Secret Society of Pickup Artists ('Ba Mei Da Ren', in Traditional Chinese),尼爾．史特勞斯,貓學步,大辣出版股份有限公司,20070505,NT$380,7.8
4015086,“现在全明白了！”－你我他的自我认识之路,,威廉·J.斯托克顿,,轻工,2009-10,38.00元,8.2
10541306,墨菲定律,,（美）阿瑟·布洛赫,曾晓涛,山西人民出版社,2012-4,28.00元,6.5
25774384,冥想,,【法】克里斯托夫•安德烈 著,郭可、黄艳红,生活·读书·新知三联书店,2014-5,53.00,8.5
10560212,边缘型人格障碍,,[美]杰罗德.克雷斯曼、[美]哈尔.斯特劳斯,徐红,群言出版社,2012-3,32.00元,7.8
5999507,妈妈及生命的意义,,（美）欧文 D.亚隆（Irvin D.Yalom）,庄安祺,机械工业出版社,2011-2-1,30.00元,8.4
1274469,自杀论,社会学研究,[法] 埃米尔·迪尔凯姆,冯韵文,商务印书馆,1996-12,27.00元,8.4
25707650,别想那只大象,,乔治•莱考夫 (George Lakoff),闾佳,浙江人民出版社,2013-9-1,CNY 42.90,7.0
3542657,思维与决策（第四版）,,Jonathan Baron,李纾、梁竹苑,轻工业出版社,2009,58.00元,8.2
26324187,每一种孤独都有陪伴,,武志红,,中国华侨出版社,2015-3,36.00元,7.7
3423225,寻找斯宾诺莎,快乐、悲伤和感受着的脑,(美)安东尼奥·R.达马西奥,孙延军,教育科学出版社,2009-1,32.00元,8.6
10520050,Tiny Beautiful Things,Advice on Love and Life from Dear Sugar,Cheryl Strayed,,Vintage,2012-7-10,USD 15.95,8.7
25931208,反直觉思考,斯坦福大学思维自修课,【美】迈克尔·莫布森,王昭力,中国友谊出版公司,2014-8-10,39.80元,7.2
1964884,为什么幸运的人总幸运倒霉的人老倒霉,,(美)斯宾塞·约翰逊,周晶,南海出版公司,2007-1,20.00,7.4
5325861,气场,,皮克•菲尔,章岩,重庆出版社,2010-10-1,28.00元,6.5
10598181,随机生存的智慧,黑天鹅语录,[美] 纳西姆·尼古拉斯·塔勒布,严冬冬,中信出版社,2012-6-20,35.00元,7.3
25876499,女人的性爱动机,,【美】辛迪•梅斯顿、【美】戴维•巴斯,海兰,中信出版社,2014-5,32.00元,7.2
20272118,儿童大脑开窍手册,,（美）桑德拉•阿莫特（Sandra Aamodt）、王声宏（Sam Wang）,卢春明,中信出版社,2012-11,38.00元,8.3
1053709,禅宗与精神分析,,铃木大拙、弗洛姆、马蒂诺,王雷泉、冯川,贵州人民出版社,1998-01,10.80,8.3
4312829,亲密行为,《裸猿》三部曲之三,德斯蒙德·莫利斯,何道宽,复旦大学出版社,2010-3,30.00元,8.3
4863620,长程心理动力学心理治疗,基础读本,Glen O.Gabbard（甘伯德）,,人民卫生出版社,2010-5,26.00元,9.5
5398731,童话的心理分析,,[瑞士] 维雷娜·卡斯特,,生活·读书·新知三联书店,2010-12,29.80元,7.4
11605861,客体关系家庭治疗,Object Relations Family Therapy,【美】大卫•萨夫、【美】吉儿•萨夫,童俊、丁瑞佳,世界图书出版公司北京公司,2012-7,78.00元,9.6
10758030,让孩子的大脑自由,,（美）约翰•梅迪纳,王佳艺,浙江人民出版社,2012-6,42.90元,8.8
6430918,20几岁要懂得的手段和心计大全集,,若谷,,中国华侨,2011-5,24.80元,7.3
4258808,还我本来面目,如何接纳自我和欣赏生命,赛安慈,吴至青,华夏出版社,2010年01月,39.80元,8.3
6712304,怪诞心理学2,探索你的超能力,[英] 理查德·怀斯曼,蒋涛,湖南文艺出版社,2011-8,29.80元,7.3
25961266,宝宝也是哲学家,学习与思考的惊奇发现,艾莉森·高普尼克 (Alison Gopnik),杨彦捷,浙江人民出版社,2014-9-1,49.90元,8.4
5262349,心理治疗之路,,[日] 河合隼雄,李静,东方出版中心,2010-8,25.00元,9.1
26759534,我想飞进天空,,(日) 东田直树,张怀强,中信出版集团,2016-4,36.00元,8.8
25975450,积极恋爱心理学,知名情感教练赵永久的恋爱课,赵永久,,北京联合出版社,2014-8-1,39.80元,8.4
26214776,实力、运气与成功,斯坦福大学经济思维课,[美]迈克尔·莫布森,张婷婷、杜松丹,中国友谊出版公司,2014-11-25,39.80元,7.6
1478704,心理治疗入门,,巴史克,易之新,四川大学出版社,2005-10,36.00元,9.1
26790813,黑羊效应,一群好人欺负一个好人，其他好人却坐视不管的诡谲现象,陈俊钦,,团结出版社,2016-6-1,39.8,8.4
4188027,活在爱中的秘诀,亲密关系三堂课,黄维仁,,中国轻工业出版社,2010-1,29.00元,8.5
3140334,无快乐的经济:人类获得满足的心理学,社会学译丛·学术经典系列,(美)提勃尔.西托夫斯基(Tibor de Scitovsky),高永平,中国人民大学出版社,2008-5,49.80元,8.6
1974521,变态心理学与心理治疗,（第 3 版）,苏姗·诺伦-霍克西玛,刘川、周冠英、王学成,世界图书出版公司,2007-1,89.00元,8.7
2887830,Hope and Help for Your Nerves,,Claire Weekes,,Signet,1990-9-4,USD 7.99,8.3
1799255,精神分析入门,,查尔斯·布伦纳,杨华渝,北京出版社,2000-7-1,14,8.5
1836957,痊愈的本能,摆脱压力、焦虑和抑郁的7种自然疗法,大卫·塞尔旺-施莱伯,黄钰书,中国轻工业出版社,2006-6,25.00元,8.4
4710580,智慧的觉醒,二十世纪最卓越心灵导师的人生智慧觉醒课,(印) 克里希那穆提,宋颜,重庆出版社,2010-5,39.80元,8.7
4836697,看见真相的男孩,,(英) 斯科特,冯倩珠,广西师范大学出版社,2010.7,25.00元,8.3
22229485,需求,缔造伟大商业传奇的根本力量,[美] 亚德里安•斯莱沃斯基（Adrian J. Slywotzky）、[美]卡尔•韦伯 （Karl Weber）,魏薇、龙志勇,浙江人民出版社,2013-6,64.9,7.8
4892883,爱是一切的答案,,芭芭拉·安吉丽思 (Barbara De Angelis）,汪芸,华文出版社,2010-5,29.00元,8.5
1843070,儿童的人格教育,,阿德勒,彭正梅,第1版 (2006年6月1日),2006年6月1日,16.0,8.5
3813981,極端自我就是王,奸的好人系列6,李民傑,江健勇,平凡企管,2009,HK$147,8.6
5293924,美国的弑母文化,20世纪美国大众心态史,孙隆基,,江苏人民出版社,2010-9,45.00元,7.5
26667961,温尼科特传,,[美] 罗伯特•罗德曼,吴建芝、刘书岑,世界图书出版公司北京公司,2016-2-1,78.00元,7.9
1762619,弗洛姆著作精选：人性、社会、拯救,,弗洛姆,,黄颂杰编,上海人民出版社,1989,9.2
2327273,我好-你好,改善我们的人际关系,[美] Thomas A.Harris,林丹华、周司丽,中国轻工业出版社,2008-1,25.00元,8.4
4882155,关于爱与性的一切，你全错了,,[美] 佩珀·舒瓦茨,唐小达,上海人民出版社,2010年10月,28.00元,7.0
5939058,别拿男人不当动物,,杨冰阳,,时代文艺出版社,2011-2,33.00元,7.5
1429564,心理咨询的技巧和策略,,(美）艾伦·艾维,,上海社会科学院出版社,2005-6,48.00元,8.3
3075277,隐疾,名人与人格障碍,[德]博尔温·班德洛,麦湛雄,生活·读书·新知三联书店,2008-5,19.80元,7.0
6999545,男人的伎俩 女人的道行,,赵永久,,时代文艺出版社,2011-11-29,29.80元,8.1
23058339,认知设计,提升学习体验的艺术,Julie Dirksen,简驾,机械工业出版社,2013-4,69.00元,8.3
4045849,无可摧毁的纯真,钻石途径之四,阿玛斯,胡因梦,深圳报业集团出版社,2009-9,32.00元,8.8
3642050,宽恕就是爱,,保罗·费里尼,,中国友谊出版公司,2009-3,28.00元,8.3
26628226,达尔文告诉你，为什么男人不坏女人不爱,,(比) 马克·内利森,孙远,江苏文艺出版社,2015-11-1,29.9,7.4
1440342,发生认识论原理,,[瑞士]皮亚杰,王宪钿等,商务印书馆,1981-9,5.60元,8.6
6858459,当下的力量Ⅱ,找回每时每刻的自己,埃克哈特·托利,魏姣,中国友谊出版社,2011-11,29.80元,8.1
25875190,眨眼之间,不假思索的决断力,【加】马尔科姆•格拉德威尔,,靳婷婷,中信出版社,2014-4,7.4
26782156,安静的力量,通往止境的冒险,[美]皮克•耶尔（Pico Iyer）,叶富华,中信出版社,2016-4-20,36.00,7.7
26869050,影像中的生死课,,陆晓娅,,北京师范大学出版社,2016-8,57.00元,6.9
1004506,就业宝典,根据性格选择职业,[美] 保罗·D. 蒂戈尔、巴巴拉·巴伦-蒂戈尔,李楠 等,中信出版社,2002-3,29.00元,8.1
10769712,爆发,大数据时代预见未来的新思维,[美] 艾伯特-拉斯洛·巴拉巴西,马慧,中国人民大学出版社,2012-6,59.90元,6.3
4619523,回家,,（美）萨尔瓦多·米纽秦、麦克·尼克,刘琼瑛  黄汉耀,希望出版社,2010年1月 2010年1月第1次印刷,35.00元,8.6
26641750,我战胜了抑郁症,九个抑郁症患者真实感人的自愈故事,【澳】格雷姆•考恩（Graeme Cowan）,凌春秀,人民邮电出版社,2015-12,45.00,7.9
3771081,为什么男人爱说谎 女人爱哭,,[澳] 亚伦·皮斯、芭芭拉•皮斯,罗玲妃、陈丽娟,中国城市出版社,2009-6,28.80,7.6
3662227,私密的神话,梦之解析,[英]史蒂文斯,薛绚,三联书店,2009-7,32.00元,8.4
25809383,怪诞现象学（插图第6版）,21世纪科学防骗指南,[美]小西奥多·席克、刘易斯·沃恩,张志敏、武晓蓓、武宏志,世界图书出版公司·后浪出版公司,2014-3,39.80元,8.3
2006868,人我之間,客體關係理論實務,N.Hamilton,楊添圍、周仁宇,心理出版社,1999年7月1日,500,9.3
26602466,安全感,7个心理学视角，附赠5个科学心理量表，全方位解剖、测量、提高人的安,Paul G.、孙向东,,湖南文艺出版社,2015-9-1,38,8.1
26132615,寻找遗失的美好,,郎世玮,,东方出版社,2014-10,32.00元,8.3
26933946,如何才能不焦虑,,[美]克里斯多夫‧柯特曼、[美]哈洛‧辛尼斯基、[美]劳里•安•奥康娜,李春花,北京联合出版公司,2017-2,38.00,8.5
26430576,为什么我们爱得这么累,,[日]加藤谛三,吴倩,新星出版社,2015-8,38.00元,7.9
1046135,克服焦虑,,[瑞士]维雷娜·卡斯特,陈瑛,生活·读书·新知三联书店,2003-01,15.80元,7.6
3192038,广告心理,,[日]仁科贞文,,外语教学与研究出版社,2008-7,30.00元,7.8
3690451,我遗失了时间,,[美] 理查德·贝尔,栖子,上海译文出版社,2009-4,28.00,8.3
3290954,弗洛伊德心理学入门,,C.S.霍尔,,陈维正,商务印书馆,1985年,8.7
25917623,女巫一定得死,童话如何塑造性格,(美)谢尔登·卡什丹,李淑珺,机械工业出版社,2014-8,39.00元,7.6
4330526,幻想即现实,,曾奇峰,,希望,2010-1,28.00元,8.4
25778576,魅力,,（美国）奥利维亚•福克斯•卡巴恩,汤珑,译林出版社,2014-1-31,32.80元,8.6
6810303,终结拖延症,,(美)威廉·克瑙斯（William Knaus）,陶婧 于海成 卢伊丽 等,机械工业出版社,2011-9,36.00元,7.2
26611852,害羞与社交焦虑症,CBT治疗与社交技能训练,【美】林恩•亨德森（Lynne Henderson）,姜佟琳,人民邮电出版社,2015-10,59.00元,7.6
7154320,与爱因斯坦月球漫步,美国记忆力冠军教你记忆一切,乔舒亚•福尔,王旭,中信出版社,2012-1-1,39.00元,7.5
1064649,分析心理学的理论与实践,塔维斯托克讲演,[瑞士] 荣格,成穷、王作虹,生活·读书·新知三联书店,1991-10,6.80元,8.8
1775813,存在的勇气,,P.蒂利希,唐蓓,贵州人民出版社,2009-6,26.00元,8.3
1439458,心我论,对自我和灵魂的奇思冥想,[美] 道格拉斯.R.霍夫施塔特(Douglas R.Hofstadter)、[美] 丹尼尔·C.丹尼特(D.C.Dennett),陈鲁明,上海译文出版社,1999,15.40元,8.6
3800022,活出全新的自己,唤醒、疗愈与创造,张德芬,,上海锦绣文章出版社,2009-7,29.00元,8.2
3115378,NLP自我重塑计划-21天塑造全新自我,,史蒂夫·安德鲁斯、查尔斯·福克纳,胡蓝云,高等教育,2008-1,35.00元,7.6
1316723,日常生活的精神病理学,,(奥)西格蒙德·弗洛伊德、[彭丽新等],彭丽新,国际文化出版公司,2000-10-1,17元,8.4
1479072,消费者行为学,（第七版）,（美）卡纽克,,华东师大,2002-04-01,63.0,8.1
2979734,Nonsense,A Handbook of Logical Fallacies,Robert J. Gula,,Axios Press,2002-9-6,USD 12.00,9.0
10876941,心理动力学疗法,万千心理,Deborah L.Cabaniss,徐玥,中国轻工业出版社,2012-7,58.00元,8.8
4100363,人类和动物的表情,,达尔文,周邦立,北京大学出版社,2009-11,39.00元,8.6
5408894,你需要多少朋友,神秘的邓巴数字与遗传密码,[美] 罗宾·邓巴,马睿、朱邦芊,中信出版社,2011-1-20,32.00元,7.5
19940447,为什么不杀光？,种族大屠杀的反思,[美] 丹尼尔·希罗、克拉克·麦考利,薛绚,生活·读书·新知三联书店,2012-9,28.00元,7.4
10517695,你以为你以为的就是你以为的吗,12道检测思考清晰度的逻辑谜题,[英]  朱利安•巴吉尼, 杰里米•斯唐鲁姆,游伟,中国人民大学出版社,2012-3-1,39.80元,6.7
25863575,不是读心术不是心理学不是魔法,,[英] 达伦·布朗 著,毛燕鸿、朱朝晖,新星出版社,2014-5,38.00元,8.6
26429949,原来，懂比爱更重要,,[英] 达伦·布朗 著,毛燕鸿、朱朝晖,新星出版社,2014-5,38.00元,8.6
25764531,性别是条毛毛虫,,（美）凯特·伯恩斯坦,廖爱晚,新星出版社,2013-11,28.00元,7.4
4934611,九型人格心灵密码学,,胡挹芬,,团结出版社,2010-9,28.00元,7.2
26429188,基因战争,一切家庭冲突的根源,[美]罗宾﹒贝克、[美] 伊丽莎白﹒奥拉姆,方怡雯,广东旅游出版社,2015-5-1,48.00元,7.9
3858060,心理咨询师的问诊策略,万千心理,[美]罗宾﹒贝克、[美] 伊丽莎白﹒奥拉姆,方怡雯,广东旅游出版社,2015-5-1,48.00元,8.8
1970825,自杀与美好生活,,吴飞,,上海三联书店,2007-1,36.00,8.3
6125682,力量,,[澳] 朗达·拜恩,王莉莉,湖南文艺出版社,2011-6,35.00元,7.5
26314386,心灵的未来,,加来道雄 (Michio Kaku),伍义生、付满、谢琳琳,重庆出版社,2015-1-1,48.80,8.3
3023149,狂喜之后,,杰克•康菲尔德,周和君,云南人民出版社,2008-3,35.00元,8.5
26721477,创伤与复原,,朱迪思·赫尔曼,施宏达、陈文琪,机械工业出版社,2015-8,45.00元,8.9
5935767,皮格马利翁效应,,朱瑟琳·乔塞尔森,高榕、温旻,机械工业,2011-1,29.00元,8.3
20509730,生活就像练习,肯•威尔伯整合实践之道,肯·威尔伯、特里·帕滕、亚当·莱昂纳德、马尔科·莫雷利,金凡,北京出版集团,同心出版社,2013-1,48.00元,8.2
6714584,轮回,前世今生来生缘,布莱恩•魏斯博士,施诺,机械工业出版社,2011-7-18,32.00元,8.2
1320151,人是如何学习的,大脑、心理、经验及学校,[美] 布兰思福特 约翰·D.  等编著,程可拉 等,华东师范大学出版社,2002-9-1,29.00元,8.1
1444091,认知心理学,心理学导读系列,[美]斯滕伯格（Sternberg R.J.）,杨炳钧、陈燕、邹枝玲,中国轻工业出版社,2006-01-01,55.00,7.8
1487698,创造力手册,,罗伯特·J·斯滕博格,施建农,北京理工大学出版社,2005-9,65.00元,8.5
2382924,色彩的性格,,爱娃•海勒、Eva Heller,吴彤,中央编译出版社,2008,158.00元,8.1
6902720,意念力,激发你的潜在力量,[美]大卫·R·霍金斯,李楠,中国城市出版社,2012-1,28.00元,8.4
25976876,轻疗愈,15分钟快速减压、实现身心平衡,［美］尼克•奥特纳（Nick Ortner）,美 同,当代中国出版社,2014-9-1,35.00元,7.8
1445816,不必火星撞地球,避开交际中的性格陷阱,（美）泰戈尔（Tieger P.D.),,机械工业出版社,2006-1,25.00元,8.3
25827340,战胜拖延症,,（加）蒂莫西·A·皮切尔、（加）保罗·曼森,金波,湖北教育出版社,2014-3,36.8,7.7
2174650,地理学的犯罪心理画像,,[美] 迪·金·罗斯姆,李玫瑾 等,中国人民公安大学出版社,2007-4,50.00元,8.3
24371637,盲目心理学,日常生活中荒诞行为的心理学解读,玛格丽特·赫夫曼,黄延峰,江苏文艺出版社,2013-6,32.80元,6.9
2229649,童年的秘密,,[意]玛丽亚·蒙台梭利,梁海涛,上海人民出版社,2007年8月,18.00元,8.3
2054643,生理心理学,,Neil R.Carlson,苏彦捷,中国轻工业出版社,2007-05-01,60.00元,8.5
24284032,危险方法,荣格、弗洛伊德和一个女病人的真实传奇,约翰·克尔,成颢,译林出版社,2013-5,58.00元,8.1
4736432,羞涩与社交焦虑,,马丁 安东尼 等,王鹏飞、李桃,重庆大学出版社,2010-4,28.00元,7.4
5395411,习得性无助,,：（美）克里斯托弗·彼得森 （Christopher Peterson）史蒂文·迈尔（Steven F.Maier）　　　马丁·塞利格曼（Martin E.P.Seligman）,戴俊毅,机械工业出版社,2010-12-20,42.00元,7.5
1168575,爱和自由,孙瑞雪幼儿教育演讲录（第三版）,孙瑞雪,,新蕾出版社,2004-5,22.80元,8.6
1829139,“色”眼识人,FPA 性格色彩密码解读,乐嘉,,文汇出版社,2006-8,35.00元,7.2
1141154,程序开发心理学,软件与系统思想家温伯格精粹译丛,（美）杰拉尔德·温伯格,邓俊辉,清华大学出版社,2004-1-1,39.00元,8.4
3373894,说服力,说服他人的50个秘密,罗伯特•西奥迪尼,冯银银,天津教育出版社,2009-1,32.00元,7.3
26315808,童话的魅力,童话的心理意义与价值,[美] 布鲁诺·贝特尔海姆,舒伟、丁素萍、樊高月,社会科学文献出版社,2015-7,69.00元,8.2
25961421,情绪自控力：把消极变积极的力量,把消极变积极的力量,朴用喆,千太阳,中信出版社,2014-8-1,32.00,8.4
4911319,积极心理学,,克里斯托弗·彼得森,徐红,群言出版社,2010-6,35.00元,7.3
25729298,你是在恋爱，还是在发神经,,丛扬洋,,武汉大学出版社,2013-9-29,36.00元,7.2
2845839,The Psychology of Problem Solving,,Davidson, Janet E. (EDT),Sternberg, Robert J. (EDT),Cambridge University Press,2003-6-9,USD 41.00,8.5
3891855,第56号教室的奇迹,让孩子变成爱学习的天使,雷夫•艾斯奎斯（Rafe Espuith）,卞娜娜,中国城市出版社,2009,28.00元,8.7
2125536,懂得生命,在和谐关系中创造,麦基卓、黄焕祥,陶晓清等,深圳报业集团出版社,2007-5,32.00元,8.5
6019667,选择的艺术,为什么我选的不是我要的?,席娜•伊加尔（Sheena Iyengar）,林雅婷,中信出版社,2011-4,49.00元,7.5
2173025,放下。爱,,素黑,,安徽教育出版社,2007-7,25.00元,7.5
3824134,动物精神,,乔治·阿克洛夫、罗伯特·席勒,黄志强、徐卫宇、金岚,中信出版社,2009-7,34.00元,7.4
21294724,人格解码,,[美]塞缪尔•巴伦德斯,陶红梅 译、许燕 校,商务印书馆,2013-2,35.00元,7.2
24383564,性格的力量,勇气、好奇心、乐观精神与孩子的未来,保罗·图赫 (Paul Tough),,机械工业出版社,2013-5,36.00元,7.6
10764917,不与自己对抗你就会更强大,你就会更强大,克里斯托弗·肯·吉莫,李龙,吉林文史出版社,2012-6,29.00元,8.4
3574846,辩证行为疗法,掌握正念、改善人际效能、调节情绪和承受痛苦的技巧,马修•麦克凯,王鹏飞,重庆大学出版社,2009-03,29.00元,8.3
21966337,论关系,克里希那穆提系列文集,[印]克里希那穆提,李瑞芳,中信出版社,2013-4,38.00元,8.9
1712350,动机心理学,,皮特里,郭本禹,陕西师大,2005-10,52.00元,7.7
25917736,情种起源,,海伦·费舍尔,小庄,湖南科学技术出版社,2014-8-10,36.00,7.4
3712854,梦知道答案,,武志红,,化学工业出版社,2009-5,29.00元,7.8
3896758,参谋助手论,为首长服务的艺术,王怀志、郭政,,西北大学出版社,1994-8,6.50元,8.4
20472028,我们为何如此不安,哈佛导师给迷茫者的心灵地图,【日】加藤谛三,吴倩,广西科学技术出版社,2013-1,29.80元,7.9
1880079,弗洛伊德,,诺伊,,生活.读书.新知三联书店,2006-6,30.0,8.8
1551550,格式塔心理学原理（上下）,,[德] 库尔特·考夫卡,黎炜,浙江教育出版社,1997-9,32.00元,7.9
26671406,儿童健康讲记：一个中医眼中的儿童健康、心理与教育,,李辛,,四川科学技术出版社,2015-12-1,48.00,9.3
3334723,谣言,世界最古老的传媒,[法] 让－诺埃尔·卡普费雷,郑若麟,上海人民出版社,2008-12,36.00元,7.7
10825209,在电影院遇见弗洛伊德,在电影里找回最真实的自己,李孟潮,,中国华侨出版社,2012-7-1,39.80元,7.6
1084711,谣言心理学,,奥尔波特,刘水平、梁元元、黄鹂,辽宁教育出版社,2003-03,9.0,7.7
25727582,发展心理学,从生命早期到青春期,黛安娜·帕帕拉 (Diane E.Papalia)、萨莉·奥尔茨 (Sally Wendkos Olds)、露丝·费尔德曼 (Ruth Duskin Feldman),李西营  等、申继亮  审校,人民邮电出版社,2013-9-1,CNY 88.00,8.4
6832303,别相信任何人,,[英]华特森,胡绯,中信出版社,2011-10,29.00元,6.9
20445340,16型人格的自我修炼,用MBTI准确认识自己，发挥优势，控制弱点,彭萦,,中国商业出版社,2012-12,32.80元,6.6
26705846,剪刀石头布,如何成为超级预测者,威廉•庞德斯通 (William Poundstone),闾佳,浙江人民出版社,2016-3-1,CNY 69.90,7.6
3352074,萨提亚冥想－内在和谐、人际和睦与世界和平,,约翰·贝曼,,钟谷兰,2009-1,16.00元,8.1
1132712,NLP简快心理疗法,,李中莹,,世界图书出版公司,2003-10-01,28.00元,7.6
2041429,注意缺陷障碍,,Thomas E.Brown,ph.D.,王玉凤,北京大学医学出版社,2007-3,38.00元,8.9
2080389,人心,人的善恶天性,埃里希·弗洛姆,范瑞平、牟斌、孙春晨,福建人民出版社,1988.8,1.55,8.9
10581953,边缘性人格障碍的移情焦点治疗,万千心理,克拉金,许维素,中国轻工业出版社,2012-4-1,52.00元,8.7
6960540,情商魔法训练营,,[比利时] 米杉,倪男奇,译林出版社,2011-10,32.80元,8.1
5975975,无边的恐惧,,【美】段义孚,徐文宁,北京大学出版社,2011-1,24.00元,7.6
1064298,海蒂性学报告：男人篇,,[美] 雪儿·海蒂,林瑞庭、谭智华,海南出版社,2002-9,56.00元,7.6
1184873,阿德勒人格哲学,,罗玉林、阿德勒,罗玉林,九州出版社,2004-9,29.80元,8.1
1909385,人间游戏,,伯恩,,中国轻工业出版社,2006-9,25.00元,6.8
1676619,智慧与魔咒,塔勒布的黑天鹅哲学,[美] 纳西姆•尼古拉斯•塔勒布,,中信出版社,2016-9-1,39.00元,8.7
25712066,当哲学家遇上心理医生,,[英]朱利安·巴吉尼、[英]安东尼娅·麦卡洛,裘白莲,中信出版社,2013-9,36.00,7.7
1428482,心理神探,美国联邦调查局系列犯罪破案揭秘,[美] 约翰·道格拉斯、[美] 马克·奥尔谢克,阎卫平、王春生,译林出版社,1999,15.50元,8.6
1033273,海蒂性学报告,,[美] 雪儿·海蒂,林淑贞,海南出版社,2002-9,58.00元,7.8
1686221,The Norton Reader,An Anthology of Nonfiction, Shorter Eleventh Edition,Linda Peterson (Editor)、John C. Brereton (Editor),,W. W. Norton,2003-12-19,USD 45.00,9.0
25837839,人的七张面孔,人际关系背后的心理奥秘,[美]约翰•戈特曼、[美]琼•德克莱尔,李兰兰,浙江人民出版社·湛庐文化,2014-3-1,52.90元,7.5
3084973,心理治疗师的问答艺术,,[美] 苏珊·班德、[美] 爱德华·麦斯纳,钟慧 等,世界图书出版公司,2008-4,36.00元,8.9
25917098,精神障碍诊断与统计手册(案头参考书)(第五版),,美国精神医学学会,,北京大学出版社,2014-7-5,80.00,8.8
3656423,我的那条叫做“抑郁症”的黑狗/与抑郁症相伴的日子,,马修·约翰斯顿,韩焱,中国人民大学出版社,2009-3,39.80元,7.7
26600223,幸福的三个真相,,[印]萨古鲁,吴佳、郭冰虹,中国青年出版社,2015-8,39,8.5
5408896,不焦虑的活法,,（美）罗伯特•L•莱希,肖亭,中信,2011-1-18,32.00元,8.3
6087544,登天的感觉,我在哈佛大学做心理咨询（最新修订本）,[中国]岳晓东,,安徽人民出版社,2011-4,28.00元,7.9
21764541,爱的五种能力,爱情与婚姻中的情商课,赵永久,,中国华侨出版社,2013-4,29.80元,8.7
24697576,第3选择,解决所有难题的关键思维,史蒂芬•柯维 (Stephen R Covey),李莉、石继志,中信出版社,2013-6,CNY 69.00,7.5
4230636,不平等的童年,阶层，种族和家庭生活,[美] 安妮特·拉鲁,张旭,北京大学出版社,2009-12,30.00元,8.2
25858893,心理学最佳入门（原书第2版）,,[美]桑德拉•切卡莱丽（Saundra K. Ciccarelli）、[美]诺兰•怀特（J. Noland White）,周仁来,中国人民大学出版社,2014-4,99.90,8.0
10799765,盖洛普优势识别器2.0,《现在,发现你的优势》升级版,汤姆•拉思 (Tom Rath),,中国青年出版社,2016-1-1,68.00元,7.6
1420502,爱欲与文明,对弗洛伊德思想的哲学探讨,(美)赫伯特·马尔库塞,黄勇、薛民,上海译文出版社,2005-07,19.00,8.1
26647363,设计心理学4,未来设计,［美］唐纳德•A•诺曼,小柯,中信出版社,2015-11,42,7.9
1331881,存在心理治療（下）,自由、孤獨、無意義,歐文·亞隆,易之新,張老師文化事業股份有限公司,2003-9-19,NT$380,9.4
10600374,拖延心理学2,用拖延方程式战胜与生俱来的行为顽症,【加】皮尔斯·斯蒂尔,陶婧 周玥 曹媛媛 等,浙江人民,2012-5,39.99元,7.6
1421346,森田心理疗法实践,顺应自然的人生学,高良武久,,人民卫生出版社,2004-10,9.50元,8.2
4001778,Emotional Intelligence 2.0,,Travis Bradberry、Jean Greaves,,TalentSmart,2009-6-16,USD 24.99,8.2
1823961,适应性思维,现实世界中的理性,吉仁泽,刘永芳,上海教育出版社,2006-6,26.00元,8.3
2282133,一种幻想的未来 文明及其不满,,弗洛伊德,严志军、张沫,上海人民出版社,2007-10,22.00,8.1
4834600,自由与命运,,[美]罗洛·梅,杨韶刚,中国人民大学出版社,2010-04-30,45.00元,8.3
25832740,咨询室的秘密,倾听你的人生故事,斯蒂芬·格罗斯 (Stephen Grosz),高雯,电子工业出版社,2014-1-14,35.00元,8.3
26891167,红楼梦圆,,朱建军,,江西人民出版社,2016-10,49.00,8.5
4722181,小心，无良是一种病,,【美】玛莎·斯托特,陈雅汝,中信出版社,2010年4月,26.00元,7.5
4030556,哈佛经典谈判术,,迪帕克·马尔霍特拉（Deepak Malhotra）、马克斯·巴泽曼（Max H. Bazerman）,吴奕俊,中国人民大学出版社,2009-9,42.00元,8.5
19967799,失控的正向思考,,Barbara Ehrenreich,高紫文,左岸,2012-10,NT$320,8.1
1945390,法西斯主义群众心理学,,(奥)赖 希(Reich,W.)著,张峰,重庆出版社,1993-8,11.25元,8.1
26876510,你为什么而工作,价值型员工进阶指南,[美]巴里•施瓦茨,易安静,中信出版集团,2016-9-10,36.00,7.8
26856945,音爆,声音的场景影响力,[美]乔尔·贝克曼、[美]泰勒·格雷,郭雪,北京联合出版公司,2016-9-1,59.90,7.9
26888775,那些怪诞又实用的日常心理学,,理查德•怀斯曼,,湖南文艺出版社,2016-10,35.00元,6.6
25695309,超越自我之道,超个人心理学的大趋势,【美】罗杰·沃什&法兰西斯·方恩,胡因梦、易之新,中华工商联合出版社,2013-9,42.00,8.6
3540367,印象洗脑术,,李民傑、江健勇,,平凡企業顧問有限公司,2008-05-14,$350,8.4
2122937,在幻想锁链的彼岸,我所理解的马克思和弗洛伊德,【美】埃里希·弗洛姆,张燕(译)、赵鑫珊(校),湖南人民出版社,1986-7,1.15,8.8
6717149,分心也有好人生,,(美)爱德华·哈洛韦尔、约翰·瑞提,丁凡,山西教育出版社,2011-6,39.80元,8.3
6869079,但愿婚前我知道,12件预备婚姻的大事,[美] 盖瑞·查普曼,孙为鲲,江西人民出版社,2011-9,22.00元,8.1
25806938,怪癖心理学,发现潜伏在你身体里的另一个你,冈田尊司,颜静,湖南文艺出版社,2013-12-1,29.80元,7.2
25704620,理解孩子的语言,孩子的笑、哭泣和害怕,伊莎贝拉•费利奥沙,黄君艳,北京科学技术出版社有限公司,2013-9-1,39.00,8.3
26836245,当我遇见一个人,维吉尼亚·萨提亚演讲集,[美国]维吉尼亚·萨提亚、[加拿大]约翰·贝曼,,世界图书出版公司北京公司,2016-7,49.00,8.2
23160215,第七感,心理、大脑与人际关系的新观念,丹尼尔·西格尔,黄珏苹、王友富,浙江人民出版社,2013-5,49.90元,8.1
4039365,爱的最佳距离,,罗伯特 F. 伯恩斯坦、玛丽 A. 朗古兰德,欧阳敏、石孟磊,化学工业出版社,2009-9,29.80元,7.9
1444100,实验心理学教程,勘破心理世界的侦探,（美）史密斯,郭秀艳 等,中国轻工业出版社,2006-1-1,40.00元,8.5
3123668,人際溝通分析練習法,,Ian Stewart、Vann Joines,易之新,張老師文化事業股份有限公司,1999年,420台幣,9.2
1323769,被遗忘的语言,,[美] 埃里希·弗罗姆,郭乙瑶、宋晓萍,国际文化出版公司,2007-3,18.00元,8.2
3185636,天才儿童的悲剧,别让自己毁了孩子的人生,爱丽丝·米勒,袁海婴,哈尔滨出版社,2008-7,19.80元,8.8
26770312,自我分析,,[美] 卡伦·霍妮（Karen Horney）,徐娜,世界图书出版有限公司,2016-5,52.00元,8.6
5904143,犯罪者与动机,,[美] 卡伦·霍妮（Karen Horney）,徐娜,世界图书出版有限公司,2016-5,52.00元,7.5
1065750,我是谁,心理咨询与意象对话技术,朱建军,,中国城市出版社,2001-8,18.80元,8.2
4715270,读心术,怎样在不为人知的情况下了解和影响他人,亨利克•费克萨斯 (Henrik Fexeus),冯扬,山西人民出版社发行部,2010-4-1,25.00元,6.8
6857343,内向孩子的潜在优势,,【美】马蒂·兰妮,赵曦、刘洋,吉林出版集团 北方妇女儿童出版社,2011-9,29.80元,9.0
26790128,小集团思维,决策及其失败的心理学研究,[美]欧文·L. 贾尼斯,张清敏、孙天旭、王姝奇,中央编译出版社,2016-5,89.00元,7.9
25978468,遇见孩子，遇见更好的自己,,【美】赛西•高夫、戴维•托马斯、梅丽莎•切瓦特桑,刘华、陈立,新世界出版社·阳光博客,2014-10-1,36.00,7.8
1393623,实验心理学,掌握心理学的研究,Barry H. Kantowitz、III, Henry L. Roediger、David G. Elmes,杨治良,华东师大出版社,2004-9,62.00元,8.3
1879499,罗杰斯心理治疗,经典个案及专家点评,法伯,,中国轻工,2006-9,36.00元,8.6
26443173,石头剪刀布博弈心理学,,[日]木瓜制造,,郭勇,湖南文艺出版社,35.00,7.4
1912252,理解孩子的成长,,[英] 彼得·史密斯、[英] 海伦·考伊、[英] 马克·布莱兹,寇彧 等,人民邮电出版社,2006-9,68.00元,8.7
1320298,超越恐惧和贪婪,行为金融学与投资心理诠释[高级财务管理经典译丛],赫什·舍夫林,贺学会,上海财经大学出版社,2005-4,37.00元,7.9
26574996,赛斯书：个人与群体事件的本质,,[美]珍·罗伯兹,王季庆,世界图书出版公司,2015-6-24,52.00,8.5
25818131,论移情问题,,[德]艾迪特•施泰因,张浩军,华东师范大学出版社·六点分社,2014-8,42,8.2
26312412,发现你的天赋,天分与热情成就幸福人生,【英】肯•罗宾逊（Ken Robinson）、【美】卢•阿罗尼卡（Lou Aronica）,李慧中,浙江人民出版社,2015-3,49.90元,7.9
6773363,教养大震撼,,【美】波•布朗森、【美】阿什利•梅里曼,夏婧,万卷出版公司,2011-7-1,45.00,8.2
2193674,心理和脑与生活,训练脑与心智的75项窍门,Ron Hale-Evans,宫宇轩、刘兰,科学出版社,2007,48.00元,8.0
5398882,爱灵魂自我教程,爱之水,庞思奋（Stephen R. Palmquist）,翟鹏霄,广西师范大学出版社,2010-12-1,33.80元,9.0
26919468,高情商沟通术,99%的说服在你开口前就已完成,桦旦纯,,团结出版社,2016-11-1,32.8,8.0
6758642,怎样做研究,心理学家实用指南,乔纳森·埃文斯、Jonathan Evans,邵志芳、杜逸旻、施轶,上海教育出版社,2011-8,20.00元,8.7
11626743,看不见的影响力,,戴维·迈尔斯,,人民邮电出版社; 第1版,2012-9,28.00元,8.2
26683602,情感机器,,[美] 马文•明斯基（Marvin Minsky）,王文革、程玉婷、李小刚,浙江人民出版社,2016-1,99.90元,7.1
10443011,活出你的小宇宙,,武志红,,南方日报出版社,2011-4,20.00元,8.6
10537773,良知泯灭,心理变态者的混沌世界,罗伯特·D.黑尔,刘毅,重庆大学出版社,2011-11,25.00元,7.7
25866894,疯狂行为学,来自猩猩的你，为什么总会失去理智,戴维•迪萨尔沃,王岑卉,中国友谊出版公司,2014-5-4,39.8元,6.9
2678774,模仿律,当代世界学术名著/新闻与传播学译丛/大师经典系列,（法）加布里埃尔·塔尔德,何道宽,中国人民大学出版社,2008年1月,45.00元,8.1
25794568,伯克毕生发展心理学：从青年到老年（第4版）,从青年到老年（第4版）,劳拉·E·伯克 Laura E. Berk,陈会昌,中国人民大学出版社,2014-1,45.00,8.6
25925049,那些伤，为什么我还放不下：斯坦福大学最重要的一堂情绪管理课,斯坦福大学最深的一堂情绪管理课,【美】Jim Dincalci,袁小茶,广西科学技术出版社,2014-7,35.00元,6.9
2303128,简析荣格,Jung: A Very Short Introduction,安东尼·史蒂文斯,杨韶刚,外语教学与研究出版社,2007-10,18.00元,8.5
4931586,荣格文集（全九册）,,卡尔·古斯塔夫·荣格,王永生,国际文化出版公司,2011-4,480.00元,8.5
20386245,情商,新发现——从“情商更重要”到如何提高情商,丹尼尔•戈尔曼,杨春晓,中信出版社,2012-12-1,36.00元,6.5
5924575,The Gifts of Imperfection,Let Go of Who You Think You're Supposed to Be and Embrace Who You Are,Brene Brown,,Hazelden,2010-8-27,USD 16.89,7.9
1050762,10秒钟让自己不同凡响,,[美] 莉儿·朗帝,罗倩宜,海南出版社,2001-5,19.80元,7.9
4265573,赌客信条,你不可不知的行为经济学,孙惟微,,电子工业出版社,2010-3,35.00元,8.1
1819835,弗洛伊德传(上、下),,（美）彼得·盖伊,龚卓军、高志仁、梁永安,鹭江出版社,2006-6,98.00元,8.5
20283580,乐观的偏见,激发理性乐观的潜在力量,【英】塔莉• 沙罗特（Tali Sharot）,孙成昊,中信出版社,2013-3,39.00元,7.5
26261080,破窗效应（新知文库）,失序世界的关键影响力（新知文库）,［美］乔治·凯林、［美］凯瑟琳·科尔斯,陈智文,生活·读书·新知三联书店,2014-11,34.00,7.5
1005193,重新认识你自己,,（印）克里希那穆提,若水,群言出版社,2004-10,22.00,8.6
3717178,错觉,为什么我们视而不见、转身就忘或自命不凡？,[美] 约瑟夫·哈里南(Joseph T.Hallinan),赵海波,中信出版社,2009-6,28.00元,7.0
10759777,秘密副作用,,李欣频,,中信出版社,2012-6,29.00元,7.9
26718873,一切都不是你的错,走出心理困局，摆脱愤怒、怨恨和痛苦的自我修复疗法,[美]史蒂芬•史多兹（Steven Stosny）,洪萃晖,天津人民出版社,2016-4-1,36.00元,9.1
1444253,赢在性格,,[美] 奥托·克劳格、[美] 珍妮特·M·苏森、[美] 希尔·路特莱奇,王善平 [等],浙江人民出版社,2005-10,26.00元,8.1
24749389,指引生命的神话,永续生存的力量,约瑟夫•坎贝尔 (Joseph Campbell),张洪友、李瑶、祖晓伟,浙江人民出版社,2013-6-1,CNY 49.90,8.3
26919762,畅销的原理,为什么好观念、好产品会一炮而红？,[爱尔兰] 马修·威尔科克斯（Matthew Willcox）,包云波,北京联合出版公司·后浪出版公司,2016-12,45.00元,8.5
1393343,回归内在,与你的内在小孩对话,[美] 约翰·布雷萧(John Bradshaw),傅湘雯,内蒙古人民出版社,1999-03,24.80元,8.6
25963532,理性情绪,,（美）阿尔伯特•埃利斯（Albert Ellis）,李巍、张丽,机械工业出版社,2014-9,35.00,7.7
4258923,穿越歧路花园,司马贺传,亨特·克劳瑟-海克,黄军英、蔡荣海、任洪波 等,上海科技教育出版社,2009-12,35.00元,9.0
25714450,自恋主义文化,心理危机时代的美国生活,[美] 克里斯托弗•拉什,陈红雯 吕明,上海译文出版社,2013-8,35,8.3
5502402,哈佛积极心理学笔记,哈佛教授的幸福处方,[美] 克里斯托弗•拉什,陈红雯 吕明,上海译文出版社,2013-8,35,8.0
1223943,拉康选集,,[法] 拉康,褚孝泉,上海三联出版社,2001-1,46.00元,7.8
26612166,同理心文明,在危机四伏的世界中建立全球意识,[美]杰里米·里夫金（Jeremy Rifkin）,蒋宗强,中信出版社,2015-10,69.00元,8.0
1868282,Phantoms in the Brain,Probing the Mysteries of the Human Mind,V. S. Ramachandran、Sandra Blakeslee,,William Morrow Paperbacks,1999-8-18,USD 16.99,8.9
4816556,焦虑症和恐惧症,一种认知的观点,V. S. Ramachandran、Sandra Blakeslee,,William Morrow Paperbacks,1999-8-18,USD 16.99,8.1
25750516,潜意识与心灵成长,,(瑞士)荣格(JungC. G. )等,张月,译林出版社,2014-3,32.8,9.0
4917079,人性能达到的境界,,亚伯位罕·哈罗德·马斯洛,马良诚,陕西师大,2010-6,28.00元,7.7
1380541,心理学,,Richard Gerrig、Philip Zimbardo,游恆山,Pearson Education, Inc,2004,323.0,8.1
10761494,女心理师,,毕淑敏,,重庆出版社,2012-6,45.00元,7.4
26253775,超级询问术,如何通过交谈获得你想要的任何信息,[美]吉米•派欧、[美]玛丽安•卡琳奇,蓝小修,武汉大学出版社,2015-1,36.00,7.0
26657452,眼神不败术,让你职场、情场、菜市场都无往不利的视觉接触心理学,[美] 迈克尔•埃尔斯伯格,刘怡女、陈清晖,世界图书出版公司北京公司,2016-1,32.00元,7.6
6114839,睡人,,[美] 奥利弗·萨克斯,宋伟,中信出版社,2011-6,29.00元,8.1
1441417,实验心理学史,,(美)E·G·波林,,高觉敷,商务印书馆,1981,9.0
3420606,正面管教,如何不惩罚、不娇纵地有效管教孩子,[美] 简·尼尔森 (Jane Nelsen),玉冰,京华出版社,2009-1,29.00元,8.7
21346248,遗失的智慧,除了抱怨制度，我们还能做什么？,巴里•施瓦茨,杜伟华,浙江人民出版社,2013-3,49.90元,7.2
5063383,我为什么看不懂你,天呢，让人看懂这是多么难的事情啊？！,李海峰,,中国文联出版社,2010年9月,32.00元,7.9
2299635,意识新探,,[英]苏珊·布莱克莫尔,薛贵,外语教学与研究出版社,2007-10,18.00元,8.3
25864006,亲密的陌生人,我们如何与边缘型人格障碍者相处,[美]保罗•梅森、[美]兰迪•克雷格,葛缨,浙江人民出版社,2014-4,46.90,7.5
1040096,天生情人16种,,亚历山大・阿维拉,史兰亭,辽宁教育出版社,2003-08,19.00,7.4
1879498,萨提亚治疗实录,,（美）萨提亚（Satir，V.）,聂晶、章晓云,世界图书出版公司,2006-8-1,24.00元,8.2
3742938,銀座紅牌馭男術,男人都愛小魔女,蝴蝶,蕭雲菁,三采文化出版事業有限公司,2009-5-20,NT$280,7.8
6076154,跟乐嘉学性格色彩,,乐嘉 著、张伟迪 绘,,湖南文艺出版社,2011-5,34.80元,6.4
6861176,精神分析治愈之道,精神分析治愈之道,乐嘉 著、张伟迪 绘,,湖南文艺出版社,2011-5,34.80元,8.6
1261320,微精神分析学,,（瑞士）S·方迪,,三联书店,1997-08,16.80,7.7
1267621,感觉的分析,,马赫,洪谦、唐钺、梁志学,商务印书馆,1997-2,16.60元,8.5
3077186,群氓之族,群体认同与政治变迁,[美]哈罗德·伊罗生,邓伯宸,广西师范大学出版社,2008-5,28.00元,8.1
4236607,情绪的惊人力量,,埃斯特•希克斯、杰瑞•希克斯,钟玉玲,中国城市出版社,2010年1月,29.80元,7.3
25781016,心理学与文学,心理学与文学,(瑞士)荣格,冯川、苏克,译林出版社,2014-1,22.8,9.2
25792009,不分心：初学者的正念书,,[美]乔·卡巴金(Jon Kabat-Zinn),陈德中、温宗堃,中国华侨出版社,2014-1-1,32.80元,7.7
1444770,男人约会往北，女人约会往南,男人来自火星 女人来自金星 系列,约翰·格雷,白莲,吉林文史出版社,2005-9,28.00元,7.7
24522608,幸福的神话,关于幸福的10个误解,[美] 索尼娅•柳博米尔斯基（Sonja Lyubomirsky）,黄珏苹,浙江人民出版社,2013-6,42.90元,8.3
26704096,我的情绪为何总被他人左右,,[美]阿尔伯特·埃利斯(Albert Ellis)、阿瑟·兰格(Arthur Lange),张蕾芳,机械工业出版社,2015-10,35.00,7.3
1171983,洞察未来,,马斯洛,许金声,华夏出版社,2004-8,29.80元,8.6
3063877,智能的结构,多元智能理论诞生20周年纪念版,霍华德·加德纳,沈致隆,中国人民大学出版社,2008-3,88.00元,8.1
1149311,心理学史导论,（上下册）,B·R·赫根汉,郭本禹,华东师范大学出版社,2006-9,118.00元,8.6
1005930,决策的艺术,,[美] 约翰·S.哈蒙德,孙涤 [等],上海人民出版社,2003-3,24.00元,8.1
2125914,青春期,青少年的心理发展和健康成长,劳伦斯·斯腾伯格,戴俊毅,上海社会科学院出版社,2007-5,68.00元,9.2
24746183,暴食症康复指南,,Randi E.McCabe, Traci L.MacFarlane, Marion P.Olmsted,谭浩,重庆大学出版社,2013-5,45.00元,7.9
3667896,消费心理学,,刘军、王砥 主编,,机械工业出版社,2009-4,29.00元,7.0
24522665,社会冲突,升级、僵局及解决,[美]D,G,普鲁特、[美]金盛熙,王凡妹,人民邮电出版社,2013-5,88.00元,8.2
26852140,冷眼观爱2：一切情感问题的答案,一切情感问题的答案,冷爱,,人民邮电出版社,2016-9-1,39.80,7.7
26833809,看不见的背叛,爱与痛的挣扎与疗愈,[美] 詹妮弗·弗尔德、[美] 帕梅拉·比勒尔,耿沫,北京联合出版公司,2016-7,36.80,8.3
3766438,隐藏的逻辑,揭露人类群体行为之谜,马克·布坎南,李晰皆,天津教育出版社,2009-5,22.00元,7.5
3063890,天才向左 疯子向右,,凯·雷德菲尔德·杰米森,刘莉华,中国人民大学出版社,2008-4,35.00元,7.4
5384744,不要用爱控制我2,骂我，还说你爱我？,[美] 帕萃丝·埃文斯,田东宇,京华出版社,2012-2,28.00元,8.1
3829573,像女人一样行动 像男人一样思考,,史蒂夫·哈维,严冬冬,吉林文史,2009-7,25.00元,7.3
1059198,心灵地图,追求爱和成长之路,[美] 斯科特·派克,张定绮,远方出版社,1997-3,16.80元,8.7
1331654,榮格與占星學,,瑪姬·海德,趙婉君,立绪文化事业公司,2001-12-1,新台币320元,8.0
21363088,价格游戏,看麦琪如何巧用价格来刺激需求、增加利润、提升消费者满意度,利•考德威尔,钱峰,浙江大学出版社,2013-2,42.00元,7.9
1833283,应该补上的一课,为所有12岁到112岁的人们开设的情商课堂,米歇尔·克莱,莉利晓、陈艳颖,东方出版社,2006-5,25.00元,9.1
1310154,论对话,On Dialogue,戴维·伯姆,王松涛,教育科学出版社,2004-1,19.00元,8.4
1964207,社交商,什么是“最重要的事”？对这个问题的回答，决定了一个人的基本的价值,(美)丹尼尔.戈尔曼(Daniel Goleman),魏平,中信出版社,2007-01-01,38.00元,7.5
5301484,不一样的恋爱心理学,,卢淼,,中国青年出版社,2010-10,28.00元,8.2
26275063,活得明白,生涯咨询的十八个典型,贾杰,,北京大学出版社,2015-1-1,38.00,8.6
10770914,6个问题竟能说服各种人,耶鲁心理学家教你迅速解决一切难题,迈克尔·潘塔隆,路本福,江苏文艺出版社,2012-8,29.90元,7.6
26278762,心思大开,日常生活的神经科学,（美）史蒂文•约翰逊（Steven Johnson）,洪兰,机械工业出版社,2015-1-1,35.00,7.6
6053667,動力取向精神醫學--臨床應用與實務,,Glen O. Gabbard, M.D.,簡意玲、李宇宙、張書森、賴孟泉,心灵工坊,2007-6-8,1200元,9.9
10436476,一個人的療癒,真正的放下，是你不介意再度提起,John W. James、Russell Friedman,林錦慧,大是文化有限公司,2011-9-27,NT$280,8.4
26803113,心商,测出你的心理软实力,【英】本•艾姆布瑞治,谭新木、李中,上海社会科学院出版社,2016-6,39 .80元,8.7
2061640,疯狂天才,躁狂抑郁症与艺术气质,(美)凯·雷德菲尔德·贾米森,刘建周、诸逢佳,上海三联书店,2007-4,36.00元,7.2
6808038,廖阅鹏催眠圣经,,(美)凯·雷德菲尔德·贾米森,刘建周、诸逢佳,上海三联书店,2007-4,36.00元,9.1
3875639,生活中的心理学,,(美)凯·雷德菲尔德·贾米森,刘建周、诸逢佳,上海三联书店,2007-4,36.00元,7.3
26278721,脑内乾坤,大脑也有性别,[英] 安妮·莫伊尔、[英] 戴维·杰塞尔,洪兰,机械工业出版社,2015-1,35.00元,8.1
20148625,伍尔福克教育心理学,,[美]安妮塔•伍尔福克（Anita Woolfolk）,伍新春  赖丹凤  季娇 等,中国人民大学出版社,2012,79.90元,7.9
26235729,单身社会,,(美) 克里南伯格,沈开喜,上海文艺出版社,2015-2,32.00元,7.6
26043897,想象,创造力的艺术与科学,［美］乔纳·莱勒,简学、邓雷群,浙江人民出版社,2014-10,56.90元,8.1
26317334,认知心理学（第三版）（万千心理）,心智、研究与你的生活,E. Bruce Goldstein,张明 等,中国轻工业出版社,2015-2,96.00元,8.4
3105408,榮格與密宗的29個「覺」,佛法和心理學在個體化歷程中的交叉點,羅布．普瑞斯,廖世德,人本自然文化,2008-4-1,NT$420,8.6
5063378,进入你的感官世界,,[美] 史丹利·布拉克、凯洛琳·布拉克,李明芝,天津人民出版社,2010-9,28.00元,7.8
1726684,Why Men Marry Bitches,A Woman's Guide to Winning Her Man's Heart,Sherry Argov,,Simon & Schuster,2006-06,USD 15.95,7.6
1811540,现代心理学史,第8版,Sherry Argov,,Simon & Schuster,2006-06,USD 15.95,8.8
11538546,普鲁斯特与乌贼,阅读如何改变我们的思维,[美] 玛丽安娜•沃尔夫（Maryanne Wolf）,王惟芬、杨仕音,中国人民大学出版社,2012-9-1,45.90元,7.2
1051493,不要恐惧抑郁症,,(德)乌尔苏拉·努贝尔,王泰智、沈惠珠,三联书店,2003-1-1,12.40元,8.2
