3369793,亲爱的安德烈,,龙应台、[德] 安德烈,,人民文学出版社,2008-12,26.00,8.7
4864832,为什么学生不喜欢上学?,,(美) 威廉厄姆 (Willingham.D.T.) . 著,赵萌.,江苏教育出版社,2010-5,26.00元,9.4
26747208,优秀的绵羊,,[美] 威廉·德雷谢维奇,林杰,九州出版社,2016-4,CNY 42.00,8.2
1007914,窗边的小豆豆,,[日] 黑柳彻子 著、岩崎千弘 图,赵玉皎,南海出版公司,2003-1,20.00元,8.7
1047719,傅雷家书,增订第五版,傅敏 编,,生活·读书·新知三联书店,1990.12.3,18.80元,8.5
3465080,好妈妈胜过好老师,一个教育专家16年的教子手记,尹建莉,,作家出版社,2009-1-1,28.00元,9.0
2275635,如何说孩子才会听，怎么听孩子才肯说,,[美]阿黛尔•法伯 伊莱恩•玛兹丽施,安燕玲,中央编译出版社,2007-11,26.80元,8.9
3284547,文心,,夏丏尊、叶圣陶,,三联书店,2008年,29.00元,9.0
25923082,万物运转的秘密,给青少年的物理世界入门书,大卫·麦考利 (David Macaulay)、尼尔·阿德利 (Neil Ardley),赵耀康、韦坤华,电子工业出版社,2014-5,128,9.3
3420606,正面管教,如何不惩罚、不娇纵地有效管教孩子,[美] 简·尼尔森 (Jane Nelsen),玉冰,京华出版社,2009-1,29.00元,8.7
26584286,大学之路（套装）,陪女儿在美国选大学,吴军,,人民邮电出版社,2015-8-1,CNY 72.00,8.8
26894476,华人育儿百科,,林奏延 周育如 等 编著、崔克西 审校,,北京联合出版公司·后浪出版公司,2016-12,98.00元,9.5
4138066,老师的谎言,美国历史教科书中的错误,[美] 詹姆斯·洛温（James W. Loewen）,马万利、刘北成,中央编译出版社,2009.12,48.00,7.9
21370327,学做工,工人阶级子弟为何继承父业,[英]保罗·威利斯,秘舒、凌旻华,译林出版社,2013-3,39.00元,8.5
1022318,爱弥儿,论教育,[法] 卢梭,李平沤,商务印书馆,1978-6,37.00,8.7
26304087,孩子：挑战,The Challenge/Simplified Chinese Edition,【美】鲁道夫·德雷克斯、【美】薇姬·索尔兹,甄颖,生活·读书·新知三联书店 生活书店出版有限公司,2015-1-1,48.00元,9.1
3759379,父母效能训练手册,让你和孩子更贴心,戈登,,天津社会科学院出版社,2009-6-1,29.80元,9.2
1067049,孩子，把你的手给我,与孩子实现真正有效沟通的方法,[美] 海姆·G.吉诺特,张雪兰,京华出版社,2004-9,18.80元,8.8
6084402,游戏力,随时随地激活孩子天性中的合作与勇气,Lawrence J. Cohen, Ph.D.,李岩,军事谊文出版社,2011-5-1,39.00元,8.7
2823823,Marva Collins' Way,,Marva Collins,,Tarcher,1990-9-1,USD 14.95,9.2
25733170,吾国教育病理,,郑也夫,,中信出版社,2013-9-1,CNY 42.00,8.7
1077129,一生的学习,,[印] 克里希那穆提,张南星,群言出版社,2004-10,20.00元,8.5
1440146,给教师的建议,,[苏] B.A. 苏霍姆林斯基,杜殿坤 编译,教育科学出版社,1984-6,31.00元,9.0
1394365,教養的迷思,父母的教养能不能决定孩子的人格发展？,茱蒂.哈里斯 (Judith R.Harris),,洪蘭,商周出版,2000年06月01日,8.7
2287712,美国精神的封闭,,艾伦·布卢姆,战旭英、冯克利,译林出版社,2007-10-24,28.00元,8.8
26938714,生育对话录,,宋涵,,生活•读书•新知三联书店  生活书店出版有限公司,2016-12,39.00元,9.1
26797268,养育的选择,,陈忻,,中信出版版,2016-6,36.00元,8.7
3743038,写给孩子的哲学启蒙书（共6册）,,(法)碧姬·拉贝、米歇尔·毕奇、绘画:(法)雅克·阿扎姆,刘岩、王川娅,广西师大,2009-5,188.00元,9.5
1065003,中毒的父母,,苏珊·福沃德,许效礼,辽宁教育出版社,2003-7-1,22.00,8.4
3755086,发展心理学-儿童与青少年-第八版,儿童与青少年,David R. Shaffer、Katherine Kipp,邹泓,中国轻工业出版社,2009-7-1,70.00,8.9
1101921,定本育儿百科,,[日] 松田道雄,王少丽 主译,华夏出版社,2002-9,49.00元,8.7
3891855,第56号教室的奇迹,让孩子变成爱学习的天使,雷夫•艾斯奎斯（Rafe Espuith）,卞娜娜,中国城市出版社,2009,28.00元,8.7
26675905,统治与教育,从国民到公民,徐贲,,中央编译出版社,2016-1-1,CNY 88.00,8.4
25917406,音乐神童加工厂,,伊莎贝拉•瓦格纳,黄炎宁,华东师范大学出版社,2016-6,59.8,8.9
26911045,陌生的女儿,,[美] 金伯莉·麦克奎格（Kimberly McCreight）,胡绯,中信出版社,2016-12-1,48.00元,8.4
6781808,杀死一只知更鸟,,[美] 哈珀·李,高红梅,译林出版社,2012-9,32.00元,9.2
26825412,认识乐理,视唱练耳同步学（第8版）,[美]布鲁斯·本沃德、芭芭拉·加维·杰克逊、布鲁斯·R·杰克逊,蒋瑀,北京联合出版公司·后浪出版公司,2016-7,68.00元,9.2
25978468,遇见孩子，遇见更好的自己,,【美】赛西•高夫、戴维•托马斯、梅丽莎•切瓦特桑,刘华、陈立,新世界出版社·阳光博客,2014-10-1,36.00,7.8
1956019,儿童纪律教育,建构性指导与规训,费尔兹,,中国轻工业出版社,2007-1,42.00元,9.7
25697495,情感依附,为何家会影响我的一生,[美]亨利•马西、[美]内森•塞恩伯格,童俊，武怡堃，陈昉，韩丹,世界图书出版公司,2013-9-30,38.00元,8.7
26850526,追时间的人,信息过载时代的知识解决方案,阳志平、刘建鸿、吴宝沛、周亮、程乐华、陈虎平、赵昱鲲、卢立、王崇巍、陈忻、解慧超、安替、王佩、魏坤琳、戴俊毅,,中信出版社,2016-8-26,58.00,8.3
26705829,特权,圣保罗中学精英教育的幕后,西莫斯·可汗,蔡寒韫,华东师范大学出版社,2016-1,42.8,8.4
26866061,让孩子不恐惧、不焦虑、不拖延,创建和谐的亲子关系,童利菁,,九州出版社,2016-10-1,36.00元,8.7
3189896,教书匠,,邁考特,张敏,南海出版社,2008,25.00元,7.6
4230636,不平等的童年,阶层，种族和家庭生活,[美] 安妮特·拉鲁,张旭,北京大学出版社,2009-12,30.00元,8.2
1168575,爱和自由,孙瑞雪幼儿教育演讲录（第三版）,孙瑞雪,,新蕾出版社,2004-5,22.80元,8.6
26852275,好妈妈胜过好老师2:自由的孩子最自觉,自由的孩子最自觉,尹建莉,,百花洲文艺出版社,2016-8,49.80,8.7
4309584,孩子的宇宙,,河合隼雄,王俊,东方出版中心,2010-1,29.00元,8.6
1000972,一生的忠告,一位外交家爸爸给孩子的信,[英] 查斯特菲尔德,刘树林、崔黎丽,海潮出版社,2001-9,20.00元,8.1
1967845,从出生到3岁,婴幼儿能力发展与早期教育权威指南,[美]伯顿·L·怀特（(Burton L.White）,宋苗,京华出版社,2007-2,35.00元,8.4
4816212,真希望我20几岁就知道的事,,[美] 蒂娜·齐莉格,邢爽、裴卫芳,陕西师范大学出版社,2010-4,26.80元,7.4
26717862,让教育回归美好生活,爸爸陪伴孩子的秘密手记,张贵勇,,九州出版社▪ 阳光博客,2016-4,36.00,8.8
1290969,民主主义与教育,,[美] 约翰·杜威,王承绪,人民教育出版社,2001-5,28.40元,8.8
4001445,梁启超家书,,梁启超,,中国青年出版社,2009-8,28.00元,8.9
26865170,给孩子的美的历程,,李泽厚,,中信出版社,2016-12,45,8.1
25886309,翻转课堂的可汗学院,互联时代的教育革命,萨尔曼·可汗（Salman Khan）,,浙江人民出版社,2014-4-1,49.00元,8.4
10466438,上课记,,王小妮,,中国华侨出版社,2011-12,29.80元,8.0
4836530,剑桥学习科学手册,,[美]R.基思·索耶,徐晓东,教育科学出版社,2010-4,98.00元,8.8
5378929,培养孩子从画画开始,走进孩子的涂鸦世界,(日)鸟居昭美,于群,漓江出版社,2010-11,25.00元,8.5
26290387,游戏力Ⅱ：轻推，帮孩子战胜童年焦虑,轻推，帮孩子战胜童年焦虑,Lawrence J.  Cohen, Ph.D.,李岩、伍娜、高晓静,中国人口出版社,2015-3-1,39.00,9.0
4177120,西尔斯亲密育儿百科,,[美] 威廉·西尔斯、玛莎·西尔斯、罗伯特·西尔斯、詹姆斯·西尔斯,邵艳美、唐婧,南海出版公司,2009-11,49.80元,8.6
26133770,盗火者,中国教育革命静悄悄,邓康延、梁罗兴,,新星出版社,2014-11-1,CNY 42.00,8.9
10764908,美国儿科学会育儿百科,,斯蒂文•谢尔弗,池丽叶、栾晓森、王智瑶、王柳,北京科学技术出版社,2012-6-1,66.00元,9.3
26671406,儿童健康讲记：一个中医眼中的儿童健康、心理与教育,,李辛,,四川科学技术出版社,2015-12-1,48.00,9.3
26596363,阅读经典,美国大学的人文教育,徐贲,,北京大学出版社,2015-10-1,49.00,8.2
10758030,让孩子的大脑自由,,（美）约翰•梅迪纳,王佳艺,浙江人民出版社,2012-6,42.90元,8.8
10773248,无条件养育,,艾尔菲·科恩,,天津教育出版社,2012-6,29.80元,8.6
26895988,学习之道,,[美] 芭芭拉·奥克利（Barbara Oakley）,教育无边界字幕组,机械工业出版社,2016-11,39.00元,8.0
1077778,爱的教育,,（意）亚米契斯,夏丏尊,广西师范大学出版社,2004-07,18.00,8.1
26352480,魔法岁月,0-6岁孩子的精神世界,[美]塞尔玛·弗雷伯格（Selma H.Fraiberg）,江兰,浙江人民出版社,2015-4,46.90元,9.0
3420221,实用程序育儿法,,[美]塞尔玛·弗雷伯格（Selma H.Fraiberg）,江兰,浙江人民出版社,2015-4,46.90元,8.5
1146989,与孩子的天性合作,一位德国青年在中国的教育梦,（德）卢安克,,广东教育出版社,2003-12,18.00元,9.0
1013208,如何阅读一本书,,[美] 莫提默·J. 艾德勒、查尔斯·范多伦,郝明义、朱衣,商务印书馆,2004-1,38.00元,8.5
1184872,捕捉儿童敏感期,,孙瑞雪,,新蕾出版社,2004-7,28.00元,8.4
25963145,最美的教育最简单,,尹建莉,,作家出版社,2014-8-15,38.00元,8.5
26257557,热锅上的家庭,家庭问题背后的心理真相,[美]奥古斯都·纳皮尔、卡尔·惠特克,李瑞玲,北京联合出版公司·后浪出版公司,2015-1,42.00元,8.7
26470077,西尔斯亲密育儿练习手册,亲密关系是一切教育问题的基础,【美】威廉•西尔斯、【美】玛莎•西尔斯、【美】伊丽莎白•潘特莉,李鑫,九州出版社,2015-9-1,38.00,9.1
6800784,故事知道怎么办,如何让孩子有令人惊喜的改变,(澳大利亚)苏珊·佩罗,重本、童乐 译、林小夕 审校,天津教育出版社,2011-8,45.00元,8.4
19941577,叩响命运的门,人生必读的一百零二篇人文素养经典,马小平,,湖南文艺出版社,2012-9,39.80元,9.2
25801138,是什么带来力量,乡村儿童的教育,卢安克,,中国致公出版社,2014-1-1,36.00,8.7
26879423,孩子是个哲学家,重新发现孩子，重新发现自己,[意]皮耶罗•费鲁奇,张晶,上海社会科学院出版社,2016-10,42.80元,8.9
10437353,我想遇见你的人生,给女儿爱的书写,杨照,,广西师范大学出版社,2012-1,39.00元,8.1
26707638,大自然中的美食,,[日]中山章子 等主编,浪花朵朵童书 编译,北京联合出版公司·后浪出版公司,2016-2,78.00元（全5册）,9.6
25834256,培养高情商的孩子,让孩子受益一生的情绪管理法,约翰 戈特曼,付瑞娟,浙江人民出版社,2014-2-1,CNY 46.90,8.5
1451698,什么是教育,,[德]卡尔.雅斯贝尔斯,邹进,生活·读书·新知三联书店,1991,3.25元,8.9
1879829,朗读手册,,吉姆·崔利斯,,天津教育出版社,2006-8,29.80元,8.5
2345548,学习之道（第2版）,,[美] 乔希·维茨金 (Josh Waitzkin),苏鸿雁、谢京秀,中国青年出版社,2011-4,28.00元,8.2
2229649,童年的秘密,,[意]玛丽亚·蒙台梭利,梁海涛,上海人民出版社,2007年8月,18.00元,8.3
4758246,夏山学校,,A.S.尼尔,王克难,南海出版公司,2010-5,25.00元,8.8
1426502,青年与学问,,唐君毅,,广西师范大学出版社,2005-9,17.00元,8.8
25864044,下乡养儿,,冯丽丽,,新星出版社,2014-5,36.00元,8.1
25773343,伯克毕生发展心理学：从0岁到青少年（第4版）,,[美]劳拉·E·伯克 Laura E. Berk,,中国人民大学出版社,2014-1,79.8,9.0
1325134,蒙台梭利幼儿教育科学方法,,[意] 蒙台梭利,任代文,人民教育出版社,2001-5,51.60元,8.8
1320151,人是如何学习的,大脑、心理、经验及学校,[美] 布兰思福特 约翰·D.  等编著,程可拉 等,华东师范大学出版社,2002-9-1,29.00元,8.1
1921568,奖励的惩罚,,(美)埃尔菲·艾恩,程寅、艾斐,三联书店上海分店,2006-1,20.00元,8.1
6523827,不能错过的英语启蒙,中国孩子的英语路线图,安妮鲜花,,外语教学与研究出版社,2011-5,39.00元,8.4
1070897,十九札,一个北大教授给学生的信,朱青生,,广西师范大学出版社,2001-5,12.80元,8.5
3289275,国文百八课,中学图书馆文库,夏丏尊、叶绍钧,,生活·读书·新知三联书店,2008-11,49.00元,9.1
1095634,小狗钱钱,轻松享有成功与富裕,[德] 博多·舍费尔,王钟欣、余茜,中国工人出版社,2002-2,15.80元,8.7
22224887,全脑教养法,拓展儿童思维的12项革命性策略,丹尼尔·西格尔,,浙江人民出版社,2013-4,39.90元,8.5
26275862,翻转式学习,21世纪学习的革命,[美]拉塞尔•L•阿克夫、[美]丹尼尔•格林伯,杨彩霞,中国人民大学出版社,2015-1,39.00元,8.3
2276901,斯波克育儿经,,本杰明.斯波克,,南海出版公司,2007-9,39.80元,8.3
26705662,心理营养,林文采博士的亲子教育课,【马来西亚】林文采、伍娜,,上海社会科学院出版社,2016-1,42.80元,9.2
2068955,大学之理念,,[德] 卡尔·雅斯贝尔斯,邱立波,上海人民出版社,2007-1,18.00元,8.8
3909967,如何培养孩子的社会能力,,默娜·R.舒尔,张雪兰,京华,2009-8,22.00元,8.2
2080764,为何家会伤人,揭示家庭中的心理真相,武志红,,世界图书出版公司,2007-5-1,27.00元,8.3
26738072,这就是二十四节气,,高春香 邵敏 著、许明振 李婧 绘,,海豚出版社,2015-9-1,100.00元,8.4
26646634,因为爱，所以节制,如何与孩子保持终身的亲密关系,[美] 布伦达·加里森、[美] 凯蒂·加里森,于应机、贾宇婷,九州出版社·阳光博客,2015-12,36.00,8.2
25913612,给孩子的诗,,北岛  选编,,中信出版社,2014-7-1,30.00元,8.1
4194954,解读语文,,钱理群、孙绍振、王富仁,,福建人民出版社,2010.4,45.00元,9.0
10486206,教养与文明,日本通识教育小史,陆一,,生活·读书·新知三联书店,2012-2,32.00元,8.5
5299980,教出乐观的孩子,,【美】马丁•塞利格曼,洪莉,万卷出版公司,20100920,39.80元,8.3
25961266,宝宝也是哲学家,学习与思考的惊奇发现,艾莉森·高普尼克 (Alison Gopnik),杨彦捷,浙江人民出版社,2014-9-1,49.90元,8.4
26674037,为人文教育辩护,,[美]法里德·扎卡里亚,梁栋,新星出版社,2015-11,28.00元,8.6
26769136,为什么长大？,,[美] 苏珊·奈曼,刘建芳,上海文艺出版社,2016-4,38.00元,8.7
3003684,幸福的种子,亲子共读图画书,(日)松居直,刘涤昭,明天出版社,2007年11月,20.00元,8.7
11538005,0-6岁A+育儿法,,陈鲁,,南海出版公司,2012-8,29.80元,8.7
20258531,法国妈妈育儿经,,（美）帕梅拉•德鲁克曼,李媛媛,中信出版社,2012-10,35.00元,8.0
20414886,让孩子心悦诚服,亲子沟通的技巧和训练,（美）帕梅拉•德鲁克曼,李媛媛,中信出版社,2012-10,35.00元,9.3
2183559,发展心理学,人的毕生发展,[美] 罗伯特·费尔德曼,苏彦捷 等,世界图书出版公司北京公司,2007-7,78.00元,8.6
25712707,孩子提问题 大师来回答,,杰玛·埃尔文·哈里斯,杜冰,上海社会科学院出版社,2013-9,36.80元,8.7
1224733,开明国语课本（上下册）,,叶圣陶、丰子恺,,上海科技文献出版社,2005-1-1,26.00元,8.7
3300884,投资大师罗杰斯给宝贝女儿的12封信,,[美] 吉姆·罗杰斯,洪兰,中国青年出版社,2009-1,28.00,8.1
25845203,五岁熊孩子教我的事,爱原来是一次共同成长,咪蒙,,北京时代华文书局,2014-4-1,CNY 32.00,8.5
6429253,别以为你懂孩子的心,,周令瑜,,北方妇女儿童出版社,2011-6,29.80元,8.9
6759256,你就是孩子最好的玩具,,金伯莉·布雷恩,,夏欣茁,2011-8,29.80元,8.1
20471127,给你爱的人以自由,,冉云飞,,中国发展出版社,2013-1,28.00元,7.7
6736113,婴语的秘密,美国超级育婴师特蕾西•霍格教您带出一个聪明宝贝,特蕾西·霍格,,天津社科院,2011-7,29.80元,7.9
11527058,先生,展民国十大先生风骨，为当今教育立镜一面，呼喊十声！傅国涌、熊培云,《先生》编写组,,中信出版社,2012-8,39.00元,8.2
1313588,意识形态与课程,,迈克尔・W・阿普尔,黄忠敬,华东师范大学出版社,2001-11-1,23.00元,8.5
5408860,风雨哈佛路,一个最贫穷也最勇敢的哈佛女孩,[美] 莉丝·默里,曹植,中信出版社,2011-1,38.00元,8.2
4169495,让天赋自由,,[美] 肯•罗宾逊 卢•阿罗尼卡 著,申志兵,中信出版社,2009-12-1,29.00元,7.5
1171256,教育心理学,,(美)罗伯特.斯莱文(Robert E.Slavin),姚梅林,人民邮电出版社,2004-7-1,59.00元,8.2
26878562,人之初,现代蒙学四十六课,王尚文、郭初阳、颜炼军,,东方出版社,2016-10-1,38,9.0
10344527,妈妈的心灵课,孩子、家庭与外面的世界,唐纳德•W.温尼科特 (Donald W. Winnicott),赵悦,南方出版社,2011-11-1,29.80元,8.3
1731825,读大学，究竟读什么,一名25岁的董事长给大学生的18条忠告,覃彪喜,,南方日报出版社,2006-3,25.00元,7.5
26268737,西尔斯橙色亲子课,做一个自信又有安全感的妈妈,【美】威廉•西尔斯、【美】玛莎•西尔斯,邵艳美,九州出版社·阳光博客,2015-1,38.00,8.2
5339693,母爱的羁绊,,卡瑞尔·麦克布莱德(Karyl McBride),于玲娜,机械工业,2010-10,30.00元,8.4
26580132,学习的本质,,[法]安德烈·焦尔当（André Giordan）,杭零,华东师范大学出版社,2015-7,28.00元,7.9
24295802,由内而外的教养,做好父母,从接纳自己开始,丹尼尔•西格尔 (Daniel J.Siegel)、玛丽•哈策尔 (Mary Hartzell),李昂,浙江人民出版社,2013-5-1,39.90元,8.1
1869106,教育思想的演进,,[法]爱弥尔·涂尔干,李康,上海人民出版社,2006-8,36.00元,9.3
1006301,教育的目的,,(英)怀特海,徐汝舟,三联书店,2002-01,9.80元,8.2
4201118,我们如何思维,,约翰·杜威,伍中友,新华出版社,2010-1-1,25.00元,8.0
6839883,共和国教科书,,读库,,新星出版社,2011-9-10,960,9.7
3314537,婴儿、儿童和青少年,,[美]劳拉·E.贝克,桑标 等,上海人民,2008-11,98.00元,9.0
3596979,写给孩子的哲学启蒙书(第6卷)(精),,（法）拉贝、（法）毕奇,王川娅、刘岩,广西师范大学出版社,2009-5-1,25.0,9.2
26425831,斯通纳,,（法）拉贝、（法）毕奇,王川娅、刘岩,广西师范大学出版社,2009-5-1,25.0,8.8
2304415,倾听孩子,家庭中的心理调适,[美] 帕蒂·惠芙乐,陈平俊 [等],北京大学出版社,2007-9,18.00元,8.9
26912176,聪明养育：像科学家一样养孩子,,魏坤琳等著、爱贝睿学堂主编,,长江文艺出版社,2016-11-1,39.8,8.7
4146477,北大批判,中国高等教育有病,薛涌,,江苏文艺出版社,2009-11-1,32.00元,7.6
3666720,儿童心理学手册,第1卷,William Damon（美）戴蒙、Richard M.Lerner（美）勒纳,林崇德、李其维、董奇,华东师范大学出版社,2009-3-1,225.00元,9.2
26895483,朱天衣的作文课（全5册，随书赠含光盘）,,朱天衣,,贵州教育出版社▪阳光博客,2016-9,128元（全五册）,8.4
1425813,儿童心理学,,鲁道夫·谢弗,王莉,第1版 (2005年9月1日),2005-9,30.00元,7.8
26743071,学会学习,从认知自我到高效学习,[日]斋藤孝,张祎诺,后浪出版公司·江西人民出版社,2016-3,32.00元,7.6
25712703,父母的觉醒,,[美]沙法丽•萨巴瑞（Shefali Tsabary）,王臻,上海社会科学院出版社,2013-9,32.80,8.7
24380572,立,池莉,池莉,,长江文艺出版社,2013-5-1,32.80元,7.7
2261591,怎样写作,,叶圣陶,,中华书局,2007-9,20.00元,8.3
26605738,做孩子最好的英语学习规划师,中国儿童英语习得全路线图,叶圣陶,,中华书局,2007-9,20.00元,8.8
4233659,少吃一块糖，最好的大学任你上！,11天倒数第一搞定清华北大之惊天毒计,丁小云,,天津社会科学院出版社,2010-01,29.80,7.3
10570885,芝加哥学术生涯规划,从研究生到终身教授,John A. Goldsmith、John Komlos、Penny Schine Gold,吴  波、叶丽芳、梁  辰,高等教育出版社,2012-3,56.00元,8.6
4010185,哪来的天才？,练习中的平凡与伟大,[美] 杰夫·科尔文,张磊,中信出版社,2009-9,28.00元,8.0
1843070,儿童的人格教育,,阿德勒,彭正梅,第1版 (2006年6月1日),2006年6月1日,16.0,8.5
10747391,我的第一本专注力训练书-小观察成就大思维,,美国迪士尼公司,,童趣出版有限公司,人民邮电出版社,2012-5-10,CNY 42.00,8.7
5354379,喂故事书长大的孩子,,汪培珽、丁一一 插图,,广西科学技术出版社,2011-2-10,32.00元,8.1
4864406,教育就是解放心灵,克里希那穆提给学校的信,克里希那穆提,唐超权,九州出版社,2010-6,24.00元,8.7
1703948,孩子们，你们好！,校园无分数教育三部曲之一,[苏] Ш. А. 阿莫纳什维利(Ш. А. Амонашьили),朱佩荣,教育科学出版社,2005,21.00元,9.2
1423818,如何在大学里脱颖而出,,卡尔·纽坡特,赵娟,海天出版社,2005-7,14.80元,7.9
25819593,会做饭的孩子走到哪里都能活下去,,〔日〕安武信吾 安武千惠 安武花,金晖,南海出版公司,2014-3-1,32.00元,8.1
3010621,如何说孩子才肯学,,阿黛尔·法伯、伊莱恩·玛兹丽施,霍雨佳,中央编译出版社,2008.4,26.50元,8.6
5335800,吾意独怜才,五常谈教育,张五常,,中信出版社,2010-11-22,32.00元,8.3
26384117,这才是最好的数学书（全两册）,,[日]笹部贞市郎,文子、李佳蓉,北京时代华文书局·阳光博客,2015-6-1,68.00,7.5
25833287,我的第一本艺术启蒙书,,贝亚特丽斯·丰塔内尔,李钰,广西师范大学出版社,2014-3,88.00,8.7
4194978,完整的成长,儿童生命的自我创造,孙瑞雪,,世界图书出版公司,2010-1,36.00元,8.6
1000904,卡尔·威特的教育,,卡尔·威特,刘恒新,京华出版社,2003-01,19.80元,8.1
26781091,妈妈，谢谢你懂我,写给孩子，也写给大人的心灵词典,【韩】卢庆实 著、【韩】 金英坤 绘,李俊,北京日报出版社,2016-6,35.00,8.7
6773363,教养大震撼,,【美】波•布朗森、【美】阿什利•梅里曼,夏婧,万卷出版公司,2011-7-1,45.00,8.2
4796701,养育男孩,,史蒂夫·比达尔夫,丰俊功、宋修华,中信出版社,2010-4,22.00元,7.3
26873186,美国学前全科练习（4～5岁）,,[美]利亚纳·奥尼西（Liane Onish）,周彩萍,北京联合出版公司·后浪出版公司,2016-10,88.00元,8.2
1661774,大学的理想,,约翰·享利·纽曼,,浙江教育出版社,2001-12,10.00元,8.3
23134220,上课记2,,王小妮,,中国华侨出版社,2013-5,32.80元,8.2
3078487,儿童的一百种语言,,卡洛琳·爱德华兹、莱拉·甘第尼、乔治·福尔曼,罗雅芬、连英式、金乃琪,南京师范大学出版社,2006年12月第1版,58.00元,8.6
1664816,学校与社会·明日之学校,,[美] 约翰·杜威(John Dewey),赵祥麟、任钟印、吴志宏,人民教育出版社,2005,25.60元,8.9
24714171,玩是最好的教养,教出活泼自信好孩子的198个创意游戏,郝燕,,同心出版社,2013-7,32.00元,7.5
3192554,请让我慢慢长大,亲历华德福教育,吴蓓,,天津教育出版社,2008年,32.00元,8.2
4279817,上学的烦恼,,(法) 佩纳克,李玉民,人民文学出版社,2010-3,25.00元,7.3
1045342,诺贝尔奖获得者与儿童对话,,戈尔巴乔夫，等,张荣昌,三联书店,2003-07,27.00元,8.3
26394207,给孩子的散文,,北岛、李陀 编,,中信出版社,2015-6-15,35.00元,8.0
1222924,蒙台梭利早期教育法,如何让孩子自主地学习,玛利亚·蒙台梭利,祝东平,中国发展出版社,2003-7,20.00元,8.0
25871818,讲理,作文四书之一,王鼎钧,,生活·读书·新知三联书店,2014-6,28.00,8.6
26892174,50个教育法,我把三个儿子送入了斯坦福,陈美龄,陈怡萍,上海三联出版社,2016-9,35.00,8.5
10454001,儿童的利益,学会尊重孩子,弗朗索瓦兹·多尔多,王文新,上海社会科学院出版社,2012-2,42.00元,9.2
1214563,有吸收力的心灵,,玛利亚・蒙台梭利,高潮、薛杰,中国发展出版社,2003-7-1,20.00,8.4
25885179,我为青春狂,,稳飞,,中国电影出版社,2014-3-1,CNY 30.00,9.3
24383564,性格的力量,勇气、好奇心、乐观精神与孩子的未来,保罗·图赫 (Paul Tough),,机械工业出版社,2013-5,36.00元,7.6
1007886,游戏中的科学,,保罗·图赫 (Paul Tough),,机械工业出版社,2013-5,36.00元,8.7
11637320,民国时期大学校园文化,,叶文心,冯夏根、胡少诚、田嵩燕、刘文楠 校,中国人民大学出版社,2012-8-27,62.00元,8.1
5354378,培养孩子的英文耳朵,,汪培珽,,广西科学技术出版社,2011-3,32.00元,8.1
25826896,汉声数学图画书,世界级数学专家和图画书大师合力打造。,[美] 富兰克林·布朗利、明德尔•西托默,,贵州人民出版社,2013-11-8,1080,9.2
25919714,养育女孩,,[美] 富兰克林·布朗利、明德尔•西托默,,贵州人民出版社,2013-11-8,1080,7.9
6713131,解放父母解放孩子,快乐家庭气氛指南,[美] 阿黛尔•法伯和伊莱恩•玛兹丽施 著,孙璐,中国长安出版社,2011-8,23.00元,9.0
26866448,皮囊之下,,[英] 米歇尔·法柏,杨蓓,中国友谊出版公司,2016-10,38.00,8.6
4847299,林间最后的小孩,拯救自然缺失症儿童,(美)理查德·洛夫|译者:自然之友,自然之友,湖南科技,2010-4,28.00元,8.7
26788966,被禁止的事：所有“不可以”都是教孩子思考的起点,,罗怡君,,江苏凤凰文艺出版社,2016-5,36.00元,9.4
24756462,骑鲸之旅,0-2岁亲子共读不可不知的神奇魔法,粲然,,译林出版社,2013-7,35.80元,8.6
1291077,学会生存,教育世界的今天和明天,联合国教科文组织国际教育发展委员会 编著,华东师范大学比较教育研究所,教育科学出版社,1996-6-1,18.00元,8.4
6971390,小狗钱钱2,发掘和培养孩子的优秀品格,博多·舍费尔,王景楠,南海出版公司,2011-12,28.00元,7.5
4869895,致青年教师,,吴非,,教育科学出版社,2010-1,29.80元,8.6
1833283,应该补上的一课,为所有12岁到112岁的人们开设的情商课堂,米歇尔·克莱,莉利晓、陈艳颖,东方出版社,2006-5,25.00元,9.1
26611866,曾国藩治学方法,,胡哲敷,,当代中国出版社,2015-9,28.00元,9.3
1015941,继承人,大学生与文化,（法）布尔迪约等,邢克超,商务印书馆,2002-11,11.00元,8.4
26689561,德国幼儿认知训练书.3岁,,德国泰斯洛夫出版社（Tesslof Verlag）、[德]安特耶·弗拉德（Antje Flad）,南曦,北京联合出版公司·后浪出版公司,2016-1,28.00元,9.0
26683846,如何学习,用更短的时间达到更佳效果和更好成绩,亚当·罗宾逊,林悦,中国青年出版社,2016-1-1,39.80元,8.2
1944927,言说抵抗沉默,郭初阳课堂实录,郭初阳,,华东师范大学出版社,2006-12,25.00元,9.1
26586892,为未知而教,为未来而学,,戴维·珀金斯 (David Perkins),杨彦捷,浙江人民出版社,2015-8-1,CNY 54.90,7.6
1197433,为孩子立界线,,〔美〕克劳德，〔美〕汤森德  著，吴苏心美  译,,民族出版社,2004-11-01,26,8.8
5991642,老课本 新阅读,国民学校教科书 新国文,邓康延,,读者出版集团,2011-1,39.00,8.7
24295824,共读绘本的一年,,[英] 薇薇安•嘉辛•佩利,枣泥,新星出版社,2013-5-30,25.00元,8.2
25734421,胡萝卜须,,儒勒•列那尔,徐知免,江苏文艺出版社,2013-10,19.80元,8.5
1924775,教育漫话,,约翰·洛克,杨汉麟,人民教育出版社,2006-6,16.20,8.4
3249247,高观点下的初等数学,,Felix Klein,舒湘芹、陈义章,复旦大学出版社,2008年9月,68,8.9
6864085,知识不是力量,南桥谈教育之一,南桥,,华东师范大学出版社,2011-10,25.00元,7.5
7051473,我从彩虹那边来,如何养育0至7岁的孩子,[美]芭芭拉•帕特森（Barbara Patterson）、帕梅拉•布莱德（Pamela Bradley）,郝志慧,天津教育出版社,2011-11,28.00元,8.1
7916383,中国留守儿童日记,26个留守儿童的日记，一个群体的真实缩影,杨元松,,江苏文艺出版社,2012-2-1,26.00元,7.9
6109582,走不出的风景,大学里的致辞，以及修辞,苏力,,北京大学出版社,2011-4,29.00元,8.1
3185636,天才儿童的悲剧,别让自己毁了孩子的人生,爱丽丝·米勒,袁海婴,哈尔滨出版社,2008-7,19.80元,8.8
25732738,无声的革命,北京大学、苏州大学学生社会来源研究,梁晨、张浩、李中清 等,,生活·读书·新知三联书店,2013-8-1,CNY 49.00,7.3
23788352,让孩子聪明的121个大脑训练游戏,,[英] 罗伯特•费希尔（Robert Fisher）,李中,新世界出版社,2013-4,32.80元,9.1
7056695,论我们教育机构的未来,,(德)尼采,周国平,译林出版社,2012-2,16.80元,9.1
1912252,理解孩子的成长,,[英] 彼得·史密斯、[英] 海伦·考伊、[英] 马克·布莱兹,寇彧 等,人民邮电出版社,2006-9,68.00元,8.7
25915102,写给儿童的中国历史,,陈卫平,,新世界出版社,2014-2,355元,9.0
1824306,学习的艺术,如何学习和学什么,沃尔特·皮特金,洪友,中国发展出版社,2006-5,25.00元,7.2
26412796,孩子提问题大师来回答2,,[英]杰玛·埃尔文·哈里斯,杜冰,上海社会科学院出版社,2015-6,36.8,9.2
5921082,培养孩子从画画开始2：孩子的话如何看怎样教,,(日)鸟居昭美,于群,漓江出版社,2011-1,25.00元,8.6
11623716,表演圣经,,迈克尔·鲍威尔,,电子工业出版社,2012-8,58.00元,7.2
26798340,别等孩子长大了才后悔你现在做的太多,亲子教育专家、畅销书作者沙拉、鲁鹏程作序推荐，心理学大师温尼科特,60分妈妈月华,,机械工业出版社,2016-7-9,35.00元,8.5
3440538,一岁就上常青藤,,薛涌,,中国青年出版社,2009,27.00元,7.4
26695673,失控,孩子不听管教怎么办？,【美】沙法丽•萨巴瑞博士（Shefali Tsabary, PhD）,孙璐,上海社会科学院出版社,2016-1,32.80元,9.2
20272118,儿童大脑开窍手册,,（美）桑德拉•阿莫特（Sandra Aamodt）、王声宏（Sam Wang）,卢春明,中信出版社,2012-11,38.00元,8.3
1027876,大学之理念,,金耀基,,生活·读书·新知三联书店,2001-12,12.80元,8.2
26434657,妈妈教的数学,,金耀基,,生活·读书·新知三联书店,2001-12,12.80元,8.0
2331448,作文三书（全三册）,,王鼎钧,,国际文化,2007-12,54.00元,9.0
26729331,不吼不叫,如何平静地让孩子与父母合作,罗娜•雷纳,钟煜,上海社会科学院出版社,2016-3,32 .80元,9.3
5354950,特别狠心特别爱,,沙拉,,接力出版社,2010-10,28.00元,7.7
1434426,一个大学校长的自白,,刘道玉,,长江文艺出版社,2005-09-01,28.00元,8.5
26183838,我想看到的世界,,珍妮•苏克,索析,中国友谊出版公司,2014-11,39.80,7.5
1390639,世界上最成功的教育,犹太教育揭秘,肖宪 张宝昆,,工人出版社,2005-1,23.00元,8.1
25751975,象牙塔的变迁,学术卡里斯玛与研究性大学的起源,肖宪 张宝昆,,工人出版社,2005-1,23.00元,9.3
25712727,正面管教A-Z,日常养育难题的1001个解决方案,简•尼尔森、琳•洛特、斯蒂芬•格伦,花莹莹,北京联合出版公司,2013-9,45.00元,8.3
10485841,作为教育家的叔本华,,(德) 尼采,周国平,译林出版社,2012-3,20.00元,8.8
3519771,儿童文学的乐趣,风信子儿童文学理论译丛,(加)佩里·诺德曼、(加)梅维丝·雷默,陈中美,少年儿童出版社,2008年12月,59.00,9.2
5908640,哈佛通识教育红皮书,,哈佛委员会,李曼丽,北京大学出版社,2010-12,38.00元,8.7
1019917,杰出青少年的七个习惯,,（美）柯维,陈允明,中国青年出版社,2003-03,19.90,8.4
2125914,青春期,青少年的心理发展和健康成长,劳伦斯·斯腾伯格,戴俊毅,上海社会科学院出版社,2007-5,68.00元,9.2
26645331,童年哲学,,加雷斯·B·马修斯 著,刘晓东 译,生活·读书·新知三联书店,2015-10-1,32.00,8.6
25894673,Make it Stick,The Science of Successful Learning,Brown, Peter C.,,The Belknap Press,2014-4-25,USD 31.58,8.7
1808657,孩子是如何学习的,,霍特,张雪兰,陕西人民美术出版社,2006-6,21.00元,8.1
1799781,家庭教育,,陈鹤琴,,华东师范大学出版社,2006-5,19.80元,8.4
26665645,道大无外,校园与社会,罗志田,,社会科学文献出版社,2016-3-1,59.00元,8.4
25827514,特权,哈佛与统治阶层的教育,[美] 多塞特,,生活·读书·新知三联书店,2014-4,35.00元,7.6
23058339,认知设计,提升学习体验的艺术,Julie Dirksen,简驾,机械工业出版社,2013-4,69.00元,8.3
3314380,相遇,,周保松,,牛津大學出版社,2008年11月,HK$68.00,8.8
26769662,雄性衰落,,[美]菲利普·津巴多、[美]尼基塔·库隆布,徐卓,北京联合出版公司,2016-4-1,69.90元,7.5
26801288,民国老试卷,,[美]菲利普·津巴多、[美]尼基塔·库隆布,徐卓,北京联合出版公司,2016-4-1,69.90元,7.5
26312412,发现你的天赋,天分与热情成就幸福人生,【英】肯•罗宾逊（Ken Robinson）、【美】卢•阿罗尼卡（Lou Aronica）,李慧中,浙江人民出版社,2015-3,49.90元,7.9
6857343,内向孩子的潜在优势,,【美】马蒂·兰妮,赵曦、刘洋,吉林出版集团 北方妇女儿童出版社,2011-9,29.80元,9.0
1010315,新亚遗铎,,钱穆,,生活·读书·新知三联书店,2005-3,43.00元,8.6
5492356,我在美国做妈妈,耶鲁法学院教授的育儿经,蔡美儿,张新华,中信出版社,2011-1-14,32.00元,6.8
26838514,大学的意义,,陈春花,,机械工业出版社,2016-7,39.00,7.3
4254702,高效学习,我们所知道的理解性教学,琳达.达林-哈蒙德,,华东师范大学出版社,2010-1,30.00元,8.0
1215103,中国手语（上下修订版）,,中国聋人协会 编,,华夏出版社,2003-4-1,58.00元,8.7
2165084,在轮下,,[德] 赫尔曼·黑塞,张佑中,上海译文出版社,2007-7,15.00元,8.3
26585086,大学之路  上册,陪女儿在美国选大学,吴军,,人民邮电出版社,2015-8-1,36,8.5
10602261,佩蓉的妈妈经,,蒋佩蓉,张凤、高静,人民邮电出版社,2012-5-1,32.00元,8.7
26805866,0～12岁，给孩子一个好性格,,(瑞士)葛安妮,葛碧建,万兆元,贵州教育出版社,2016-7-1,36元,8.3
1608281,静悄悄的革命,创造活动、合作、反思的综合学习新课程,[日] 佐藤学,李季湄,长春出版社,2003-1,15.00元,8.4
26595310,二十四只眼睛,,壶井荣,张苓,南海出版公司,2015-10-1,32.00元,8.2
1439198,哲学与幼童,,[美] 加雷斯·皮·马修斯,陈国容,生活·读书·新知三联书店,1989-9,2.25元,8.2
26817324,傅雷家书（全新修订版）,,傅雷、朱梅馥、傅聪,,译林出版社,2016-7,35,9.3
5280404,上学真的有用吗,,[美]约翰•泰勒•盖托,汪小英,生活•读书•新知三联书店,2010年9月,22.00元,8.1
1029841,与孩子共享自然,,[美] 约瑟夫·克奈尔,叶凡、刘芸,天津教育出版社,2000-06,25.00元,9.1
3838032,给孩子们的信,,C.S.路易斯,余冲,华东师范大学出版社,2009-07,19.80,9.1
25784167,科场现形记,,郑也夫,,中信出版社,2014-1-1,CNY 48.00,8.1
11597314,我被爸爸绑架了,,(日)角田光代,龚群,译林出版社,2013-5,25.00元,8.0
1588708,大教学论,,夸美纽斯,傅任敢,教育科学出版社,1999-5,18.00元,8.4
26904684,校长日记,我在美国当校长,钱志龙,,中国人民大学出版社,2016-11,48.00元,9.0
3063877,智能的结构,多元智能理论诞生20周年纪念版,霍华德·加德纳,沈致隆,中国人民大学出版社,2008-3,88.00元,8.1
25833051,幸福的婚姻,男人与女人的长期相处之道,[美] 约翰·戈特曼、[美] 娜恩·西尔弗,刘小敏,浙江人民出版社,2014-2,49.90元,8.6
5338024,与孩子一起学编程,,[美] 桑德Warren Sande、Carter Sande,苏金国、姚曜 等,人民邮电出版社,2010-11,65.00元,8.5
3142146,美国语文(上下),,马浩岚 编,,中国妇女出版社,2008-7,98.00元,8.4
1836258,成长比成功更重要,,凌志军,,陕西师范大学出版社,2006-7,25.00元,7.8
26826895,孩子没问题，大人有问题,,[日]五味太郎,李奕,南海出版公司,2016-7,29.50元,8.0
2283714,文章作法,跟大师学语文,夏丏尊、刘薰宇,,中华书局,2007-10,18.00元,8.4
3327897,教育过程,,布鲁纳,邵瑞珍、王承绪（校）,文化教育出版社,1982,0.27,8.4
1393145,脑的学习与记忆,,（美）斯普伦格,,中国轻工业出版社,2005-6,21.00元,8.3
1475746,危险心灵,,侯文咏,,上海译文出版社,2006-1,24.00元,8.7
4852887,希利尔讲艺术史,,希利尔,,贵州教育出版社,2010-4,49.80元,8.5
1157631,哈佛家训,,威廉・贝纳德,张玉,中国妇女出版社,2004-5-1,29.80元,8.0
26201895,孩子与恶,,[日]河合隼雄,李静,东方出版中心,2015-4-1,30.00元,7.8
3766443,芬兰教育全球第一的秘密,,陈之华,,中国青年出版社,2013-2,28.00元,7.7
10519487,你的1岁孩子,可爱又难缠的年龄，培养安全感不可错过这一年,路易斯.埃姆斯，弗兰西斯.伊尔克，卡罗尔.哈柏,崔运帷,江西科学技术出版社,2012-3,25.00元,7.3
4237985,如何说孩子才能和平相处,,[美] 阿黛尔·法伯、[美] 伊莱恩·玛兹丽施 著、[美] 肯伯利·安·蔻 插图,王欧娅,中国商业出版社,2010-1,26.70元,9.0
25709707,有益的父母，有害的父母,,(日)河合隼雄,,程亮,天津社会科学院出版社,2013-9-1,8.5
1318944,效率专家爸爸,,小弗兰克,劳诚烈,新蕾出版社,2005-5,18.00元,8.3
1808660,解放孩子的潜能,,(英)马丁·洛森,,人民文学出版社,2006-6-1,19.00元,8.5
4019426,美感是最好的家教,日本著名音乐家、教育家的育儿心得,山本美芽,詹慕如,湛庐文化策划   中国人民大学出版社,2009-9,28.00元,7.8
1316933,被压迫者教育学,,保罗・弗莱雷,顾建新、赵友华、何曙荣,华东师范大学出版社,2001-11-01,18.00,8.6
25718169,剑桥,大学与小镇800年,柯瑞思 (Nicholas Chrimes),陶然,生活•读书•新知三联书店,2013-9-1,42.00元,7.8
19977117,陪孩子走过小学六年,,刘称莲,,北京大学出版社,2012-10,29.80元,7.8
6532344,第56号教室的奇迹2,点燃孩子的热情,雷夫•艾斯奎斯,朱衣,中国城市出版社,2011-8,28.00元,8.5
26695669,企鹅爸爸爱上网,,菲利普·德·肯米特（Philippe de Kemmeter）,谢丹云,重庆出版社,2016-1,32.80元,9.5
1437582,教学勇气,大夏书系·教师教育精品译丛,帕克·帕尔默,沈桂芳、金洪芹,华东师范大学出版社,2005.10,25.00元,8.3
3845101,24堂财富课,陈志武与女儿谈商业模式,陈志武,,当代中国出版社,2009-7-1,25.00元,7.9
1637623,陶行知教育名篇,,方明编,,教育科学出版社,2005-1,24.90元,8.7
6720139,最愚蠢的一代,数码世代如何麻痹了年轻的美国人并危及着我们的未来,马克·鲍尔莱因,杨蕾,天津社会科学院出版社,2011-7,39.80元,7.2
10563198,宝贝，你们好吗？,梁启超爱的教育，给孩子们的400余封家书,梁启超,,山西人民出版社,2012-5-4,42.00元,8.6
25921355,翻转人生的教育,来自阿拉斯加的奇迹,乔治•古斯里奇,,广西科学技术出版社,2014-7,35.00元,8.3
10747634,寻找有意义的教育,,蔡朝阳,,宁波出版社,2012-5,30.00元,8.3
20279742,民主与教育,,[美国] 约翰·杜威,薛绚,译林出版社,2012-11,26.00元,8.4
4852719,希利尔讲世界地理,,希利尔（V.M.Hillyer）,王敏,贵州教育出版社,2010-4-1,36.80元,8.4
2028441,儿童心理学,THE PSYCHOLOGY OF THE CHILD,J.皮亚杰、B.英海尔德,吴福元,商务印书馆,1980,0.47,7.9
24734210,如何说少年才会听 怎么听少年才肯说,,（美）阿黛尔•法伯（Adele Faber）伊莱    恩•玛兹丽施,,安燕玲,2013-5,29.8元,9.7
1706097,蒙台梭利育儿全书,,玛丽亚·蒙台梭利,,中国妇女出版社,2006-3,49.80元,8.1
25828092,国文趣味,,姜建邦,,当代中国出版社,2014-1-1,30.00,8.0
1000687,学习的革命,通向21世纪的个人护照,珍尼特·沃斯、戈登·德莱顿,顾瑞荣,上海三联书店,1998-12-1,28.00,6.2
3768589,罗素论教育,,（英）罗素,杨汉麟,人民教育出版社,2009-4,18.20元,9.2
4238299,宝贝，宝贝,,周国平,,江苏人民出版社,2010-1,28.00元,8.1
3920778,为人父母,,简·B.布鲁克斯,包蕾萍、李秀芬、马明伟,上海人民出版社,2009-8,45.00元,8.4
19978285,阅读与讲解,,叶圣陶,,生活·读书·新知三联书店,2012-9,32.00元,8.7
5292438,救救孩子,小学语文教材批判,郭初阳、蔡朝阳、吕栋,,长江文艺,2010-9,22.00元,8.3
11241723,Mastery,,Robert Greene,,Viking Adult,2012-11-13,USD 28.95,8.3
2263157,文章讲话,文章讲话,夏丏尊、叶圣陶,,中华书局,2007-8,23.00元,8.7
1844574,问题学生诊疗手册,,王晓春,,华东师范大学出版社,2006-6,18.00元,8.2
3925644,毕生发展,,约翰·W.桑特洛克,,桑标,2009-8,72.00元,8.0
4910497,家庭作业的迷思,,艾尔菲·科恩,项慧龄,首都师大,2010-6,22.00元,7.8
1125797,蒙台梭利儿童教育手册,蒙台梭利的教育观念和教育指南,[意] 玛利亚·蒙台梭利,肖咏捷,中国发展出版社,2003-7,18.00元,7.8
1014877,再生产,一种教育系统理论的要点,（法）布尔迪约等,邢克超,商务印书馆,2002-12,17.00元,8.4
1808662,学校是一段旅程,华德福教师手记,特林·芬瑟,吴蓓,人民文学出版社,2006-6-1,15.00元,8.4
1101840,斯宾塞的快乐教育,,[英] 赫伯特.斯宾塞,,海峡文艺出版社,2002-10,19.80元,8.6
6004438,做你自己,,[美] 彼得·巴菲特,赵亚男,新世界出版社,2011-3,28.00元,7.5
26318926,教养的关系花园,四弦散谈,毕淑敏,,生活•读书•新知三联书店  生活书店出版有限公司,2015-1-1,32.00元,8.1
3248514,中国人的修养,塑造国民道德素质的经典读本,蔡元培,李铁谊,中国工人出版社,2008-10,35.00元,8.3
23860440,参与孩子的成长,,薛涌,,浙江人民出版社,2013-5-10,CNY 32.80,8.3
1486726,怎样打孩子？,大鼻子李教授的家教手记,李白坚,,上海大学出版社,2005-12,11.00元,6.2
26731187,英国摄影教室,,何伊宁,,中国民族摄影艺术出版社,2016-3-1,88.00,8.6
1014029,致父亲：天才卡夫卡成长的怕与爱,,〔奥〕卡夫卡,张荣昌,广西师范大学出版社,2004-05,18.00,8.1
25876244,在绝望中寻找希望,,俞敏洪,,中信出版社,2014-5-1,36.00元,7.4
2294171,程氏家塾读书分年日程,附纲领,俞敏洪,,中信出版社,2014-5-1,36.00元,7.8
20148625,伍尔福克教育心理学,,[美]安妮塔•伍尔福克（Anita Woolfolk）,伍新春  赖丹凤  季娇 等,中国人民大学出版社,2012,79.90元,7.9
25933690,怎样才是最好的学习？,人类与知识的美好互动,KBS Homo Academicus 制作团队,,中信出版社,2014-8-10,39,7.3
3150705,還好，我們生了兩個孩子,,汪培珽,,時報文化,2008-6,112.00元,8.4
5946563,学习要像加勒比海盗,,[美]詹姆斯·巴哈(James Marcus Bach),边春媛,中国青年出版社,2011-1,24.00元,7.5
7007725,阅读的力量,,(美)斯蒂芬·克拉生,李玉梅 译、王林 审译,新疆青少年出版社,2012-1,28.00元,7.8
6023107,我为什么讨厌学校,,(新西兰)克里斯·斯丹霍普,李新新,湖南少年儿童出版社,2011-7,10.00元,7.8
26600414,去情绪化管教,帮助孩子养成高情商、有教养的大脑！,丹尼尔•西格尔（Daniel J. Siegel）、蒂娜•佩妮•布赖森（Tina Payne Bryson）,吴蒙琦,机械工业出版社,2015-9-1,45,9.2
25910159,真正的陪伴,,丹尼尔•西格尔（Daniel J. Siegel）、蒂娜•佩妮•布赖森（Tina Payne Bryson）,吴蒙琦,机械工业出版社,2015-9-1,45,8.6
21692819,打开绘本之眼,,(日)松居直,林静、丁虹,南海出版公司,2013-6,29.80元,8.9
3653470,童书非童书,,黄乃毓、李坤珊、王碧华,,二十一世纪出版社,2009年3月,16.00元,8.4
25921218,2014年新版赖世雄美语：美语音标便携版,,赖世雄,,外文出版社,2014-5-1,15.00元,9.4
6518947,窗边的小豆豆合集（套装共9册）,,赖世雄,,外文出版社,2014-5-1,15.00元,9.2
1042934,哈佛琐记,,吴咏慧,,三联书店,1997-3-1,6.00,7.9
11612235,在爱里相遇,做个好大人，给孩子一份没有亏欠的爱,蔡颖卿,,漓江出版社,2012-9,35.00元,9.2
1912458,儿童思维发展,,西格勒,刘电芝,北京世界图书出版公司,2006-9,46.00元,9.0
26707322,最好的方法给孩子,,王芳,,东方出版社,2016-1-1,39.90,8.0
3180904,和孩子划清界限,成功训育儿童自律的法宝,小巫,,民主与建设出版社,2008-6,32.00元,8.6
26666161,帕布罗和他的椅子,,【法】戴尔芬•佩雷,树才,郑州大学出版社,2016-11,32.80元,8.4
1146605,六A的力量,如何成为你孩子眼中的英雄,麦道卫,黎颖、王培洁,江西人民出版社,2004-2,19.80元,8.7
2368114,男孩的冒险书,,[英]康恩·伊古尔登、[英]哈尔·伊古尔登,孙崭,广西科技,2008-1,25.00元,8.0
1044261,不跪着教书,,吴非,,华东师范大学出版社,2004-10,22.00元,8.0
2179551,教学设计原理,,R. M. 加涅(Rober,,华东师范大学出版社,2007-6,44.00元,8.5
4035330,研究是一门艺术,,Wayne C. Booth、Gregory G. Colomb、Joseph M. Williams,徐毕卿、许甘霖、陈美霞,新华出版社,2009-8,39.00元,8.7
11599335,大量阅读的重要性,,李家同,,中国人民大学出版社,2012-8,28.00元,6.8
3241963,郑玉巧育儿经·婴儿卷,,郑玉巧,,２１世纪出版社,2008-09,49.80元,8.3
3826776,名作细读,微观分析个案研究,郑玉巧,,２１世纪出版社,2008-09,49.80元,8.9
3344034,西尔斯育儿经,,蔡骏,,汕头大学出版社,2008-9,45.00元,8.6
5360701,告别功利,人文教育忧思录,[美] 玛莎·努斯鲍姆,肖聿,新华出版社,2010-11,29.00元,7.8
2280247,做一个聪明的教师,教师思维方式案例点评,王晓春,,华东师大,2007-10,25.00元,8.9
4908857,奥数是个替死鬼,别让一代更比一代累,咏鹏,,生活·读书·新知三联书店,2010-7,24.00,8.4
2983784,做一个专业的班主任,,王晓春,,华东师大,2008-1,24.80元,8.7
26891182,在孩子下次生病前,,裴洪岗,,人民卫生出版社,2016-8-1,39.00元,8.1
3533221,非暴力沟通,,[美] 马歇尔·卢森堡,阮胤华,华夏出版社,2009-1,29.00元,8.5
25551562,李光耀回忆录,我一生的挑战——新加坡双语之路,(新加坡)李光耀,,译林出版社,2013-11,38,7.4
26815558,体育全知道,,[加拿大]班诺·塔迪夫、Benoit Tardif,李萌,北京联合出版公司·后浪出版公司,2016-8,39.80元,9.3
2041716,教育心理学,,约翰·桑切克,,世界图书出版公司,2007-3,65.00元,8.6
19935531,给青年的十二封信·谈修养,,朱光潜,,中华书局,2012-8,37.00元,9.0
3035005,人智學啟迪下的兒童教育,原著：The education of the child,朱光潜,,中华书局,2012-8,37.00元,9.0
25704620,理解孩子的语言,孩子的笑、哭泣和害怕,伊莎贝拉•费利奥沙,黄君艳,北京科学技术出版社有限公司,2013-9-1,39.00,8.3
10461972,十二感官,如何用健康的感官提升靈性,伊莎贝拉•费利奥沙,黄君艳,北京科学技术出版社有限公司,2013-9-1,39.00,9.4
1315240,论教育学,,（德）伊曼努尔・康德,赵鹏，何兆武,上海人民出版社,2005-05,16.00元,8.5
26682112,越读馆的创意写作之旅,,童蓓蓓、郭初阳、肖贞,,广西师范大学出版社,2016-1,36.00,8.4
26744929,互联网+秋叶课堂：我的网课创业,,秋叶,,北京：机械工业出版社,2016-3-1,39.0,8.4
10466916,我是一支爱写作的铅笔,,山姆·史沃普,廖建容,五洲传播出版社,2012-2,36.00元,8.6
25907631,父子电影俱乐部,陪孩子走出叛逆青春期,〔加〕大卫•吉尔莫,连城,南海出版公司,2014-9,32.00元,8.0
25844365,对话的秘密,影响孩子内心，让孩子自动改变,樱桃老师,,光明日报出版社,2014-3,29.80,9.5
2277313,打造儿童阅读环境,,艾登·钱伯斯,,南海出版公司,2007-10,25.00元,8.0
6794522,对抗语文,让孩子读到世界上最好的文字,叶开,,复旦大学出版社,2011-7,25.00元,7.7
26599057,混合式学习,用颠覆式创新推动教育革命,迈克尔•霍恩 (Michael B. Horn)、希瑟•斯泰克 (Heather Staker ),聂风华、徐铁英,机械工业出版社,2015-9-1,CNY 45.00,7.2
25871630,作文七巧,作文四书之二,王鼎钧,,生活·读书·新知三联书店,2014-6,22.00,8.6
26284463,皮特猫,,[美] 艾瑞克•利温、[美]詹姆斯•迪安,彭懿、杨玲玲,北京联合出版公司,2014-12-1,99.80元,9.0
25831032,这才是中国最好的语文书,小说分册,叶开,,江苏文艺出版社,2014-3,35.00元,8.0
3880846,学飞的盟盟,,朱天心 文、谢海盟 绘,,上海人民出版社,2009-8,28.00元,8.7
3187420,让孩子着迷的77×2个经典科学游戏,,后藤道夫,,天津教育出版社,2008-7,20.00元,8.7
25931805,我和儿子的每一步,关于教养自闭症孩子常见的50个问题,陈锦鸿,,世界出版社,2014-7,HKD78.00,7.5
5376960,成人之美兮,,梁卫星,,花城出版社,2010-11,26.00元,8.7
26864701,一切都在你心中,,[美]玛格丽特 H. 梅森、[美]荷莉•韦尔奇,青豆童书馆 巴哑哑,重庆出版社,2016-9,36.80元,9.6
1223050,发现孩子,了解和爱孩子的新方法,玛利亚・蒙台梭利,胡纯玉,中国发展出版社,2006-1,18.00元,8.1
21241229,李中莹亲子关系全面技巧,,玛利亚・蒙台梭利,胡纯玉,中国发展出版社,2006-1,18.00元,8.9
2117871,大卫，不可以,启发系列绘本,[美]大卫·香农,余治莹,河北教育出版社,2007-4,29.80元,8.8
25919637,亲子英语，玩出来,,樱桃老师,,新世界出版社,2014-8-1,48.00,8.4
1781075,村落中的“国家”,文化变迁中的乡村学校,李书磊,,浙江人民出版社,1999-10,13.00,8.3
1449583,晏阳初传,为全球乡村改造奋斗六十年,吴相湘,,岳麓书社,2001,29.00,8.2
10808776,规矩和爱,,王涛,,北京理工大学出版社,2012-7,28.00元,7.9
25870895,被选中的：哈佛、耶鲁和普林斯顿的入学标准秘史,,[美]杰罗姆•卡拉贝尔,谢爱磊  周晟  柳琳 等,中国人民大学出版社,2014-5,98.00元,8.3
4852805,希利尔讲世界史,,希利尔,陈继华、刘娟,贵州教育出版社,2010-4,49.80元,8.8
26417276,世界上最聪明的孩子,,[美]阿曼达·里普利,王少博,中信出版社,2015-6-1,39.00,7.6
1367194,被壓迫者劇場,,Augusto Boal,,揚智,20001001,NT$ 320,9.4
10537771,登天之梯,一个儿童心理咨询师的诊疗笔记,Bruce Perry、Maia Szalavitz,曾早垒,重庆大学出版社,2012-1,27.00元,8.9
3033504,课程与教学的基本原理,,泰勒,,中国轻工业出版社,2008-3,30.00元,8.9
3518087,给研究生的学术建议,,（英）彼得、（英）鲁格,彭万华,北京大学出版社,2009-01-01,26.00元,8.5
1322408,情景学习,合法的边缘性参与,J·莱夫,王文静,华东师范大学出版社,1997-04,15.00,7.3
4244880,儿童发展,,约翰·W.桑特洛克,桑标、王荣、邓欣媚,上海人民出版社,2009-12,58.00元,9.1
26345262,儿童时间管理训练手册——30天让孩子的学习更高效,,钟思嘉、王宏、李飞、雨露,,清华大学出版社,2015-3,42.00,7.6
4863909,芬兰教育给教师和父母的45堂必修课,世界最好的教育给父母和教师的45堂必修课,陈之华,,中国青年出版社,2010-5,29.00元,8.1
10506777,罗恩老师的奇迹教育,点燃孩子的学习激情,罗恩·克拉克,李文英等,中信出版社,2012-3,35.00元,8.5
26922761,妈妈教的数学,,孙路弘,,浙江人民出版社,2016-11-1,CNY 42.90,8.4
6778818,朗读手册II,最适合读给孩子听的经典故事,[美]吉姆·崔利斯,梅莉,南海出版公司,2009-7,29.80元,8.9
2255378,学习这回事,How to learn to learn,杭零,,教育科学出版社,2010-11,30.00元,7.4
20375324,你是世上最好的妈妈,,粲然,,江苏人民出版社,2013-1,25.00元,8.6
3729117,善解童贞,决定孩子一生幸福的性教育,胡萍,,广西科学技术出版社,2009-6,24.80元,8.9
1818861,大学何为,,陈平原,,北京大学出版社,2006-5,24.00元,8.3
4861188,DK儿童百科全书,,英国DK公司,杨寅辉 等,中国大百科全书出版社,2010-6-1,138.00元,9.1
4210843,布卢姆教育目标分类学,,英国DK公司,杨寅辉 等,中国大百科全书出版社,2010-6-1,138.00元,8.7
26853123,深阅读,信息爆炸时代我们如何读书,[日]斋藤孝,程亮,后浪出版公司·江西人民出版社,2016-9,36.00元,7.7
1311660,老师怎样和学生说话,,吉诺特,,海南出版社,2005-4,18.00元,8.0
26852972,大熊和钢琴,,[英]大卫•利奇菲尔德（David Litchfield）,范晓星,郑州大学出版社,2016-9,42.80元,9.5
5363821,把整个心灵献给孩子,,苏霍姆林斯基,唐其慈、毕淑之,天津人民出版社,1981年10月,0.96,7.6
25761171,骑鲸之旅2,2—3岁亲子共读不可不知的演读、涂鸦和手工,粲然,,译林出版社,2014-1-1,38.8,8.8
20491175,如何培养孩子的社交商,,卡西•科恩（Cathi Cohen）、乔•米兰碧罗 （Joe Mirabello）插图,安燕玲,中央编译出版社,2013-1,29.80元,8.6
25793616,哲学家与儿童对话,,[德]里夏德•达维德•普雷希特（Richard David Precht）,王泰智、沈惠珠,生活·读书·新知三联书店,2013-11,37.00,8.3
7565203,可怕的科学-经典数学系列套装-全12册,,卡佳坦•波斯基特,,北京出版集团公司,北京少年儿童出版社,2012-1-1,213.60元,8.3
6266467,美国学生社会技能训练手册,,达林·曼尼克斯,,天津社会科学院出版社,2011-4-1,35.00元,7.6
26688715,漫谈弟子规,,索达吉堪布,,三秦出版社,2015-12,39.00元,9.5
4744898,给孩子100本最棒的书,,(美)安妮塔•西尔维,王林,湖南少年儿童出版社,2010年5月,26.80元,8.1
1776288,现代社会中的人性及教育,以涂尔干社会理论为视角,渠敬东,,上海三联书店,2006年,25.00元,8.6
1537658,育儿百科,(新版重译本),松田道雄,李永连,人民卫生出版社,2000.3,40.5,8.2
3713508,谁叫你读硕博士,,赖祥蔚,,重庆大学出版社,2009-4,18.00,6.3
10519488,你的2岁孩子,又好气又惹人爱的年龄，培养幽默感不可错过这一年,崔运帷,,江西科学技术出版社,2012-3,25.00元,7.5
5354104,《孩子，把你的手给我》Ⅱ,与十几岁孩子实现真正有效沟通的方法,海姆·G·吉诺特,,张雪兰,2010-11,21.00元,8.4
2516411,How to Become a Straight-A Student,The Unconventional Strategies Real College Students Use to Score High While Studying Less,Newport, Cal,,Three Rivers Press,2006-12-26,USD 13.99,8.0
1426927,美国是如何培养精英的,,薛涌,,新星出版社,2005-7,20.00元,7.3
26862454,其实不识字,在汉字里重审生活,杨无锐,,天津人民 出版社,2016-8-1,42,7.8
25865937,造就全人的艺术教育,华德福学校一至八年级绘画课,[德]托马斯· 维尔德格鲁伯,王剑南,天津教育出版社,2014-5,68,8.5
2270614,Mindstorms,Children, Computers, And Powerful Ideas,Seymour A. Papert,,Basic Books,1993-8-4,USD 19.50,7.8
2099112,爱心与教育,,李镇西,,漓江出版社,2007-1,22.80元,8.7
26829721,最强大脑李威金牌教练袁文魁：教你轻松学习记忆法,,李威、袁文魁,,北京大学出版社,2016-7,42.00元,7.7
2268271,语文随笔,,叶圣陶,,中华书局,2007-9,21.00元,8.1
5404011,印度理工学院的精英们,,(印度)桑迪潘.德布,黄永明,北京大学出版社,2010-12,39.00元,7.3
1277083,审美教育书简,,弗里德里希・席勒,冯至、范大灿,上海人民出版社,2003-1-1,16.80元,8.6
26420533,度量,一首献给数学的情歌,［美］保罗·洛克哈特（Paul Lockhart）,王凌云,人民邮电出版社,2015-6,39.00元,8.8
7154320,与爱因斯坦月球漫步,美国记忆力冠军教你记忆一切,乔舒亚•福尔,王旭,中信出版社,2012-1-1,39.00元,7.5
1151386,怀孕圣经（最终定本）,,[英] 安妮·迪安,李振华,山东科学技术出版社,2012-6,55.00,8.4
5924298,希望的敌人,不发表则灭亡如何导致了学术的衰落,林赛·沃斯特,王小莹,商务印书馆,2011-4,10.00元,8.2
5372659,孩子，把你的手给我（Ⅲ）,老师与学生实现真正有效沟通的方法,[美]  海姆•G•吉诺特（HAIM G.GINOTT）,张雪兰,中央编译出版社  京华出版社,2010,27.00元,8.1
26794332,怎么上课，学生才喜欢,,魏勇 著,,中国人民大学出版社,2016-4,38.00,7.7
6851010,孩子学钢琴，父母先上课,,茅为蕙,,广西科技,2011-10,35.00元,8.2
25830904,这才是中国最好的语文书,综合分册,叶开,,江苏文艺出版社,2014-3,29.00元,7.5
1840234,自由地学习,华德福教育丛书,琳·欧德菲尔德,李泽武,人民文学出版社,2006-6-1,13.00元,8.1
1264366,谁拿走了孩子的幸福,,李跃儿,,云南人民,2005-3,28.00元,8.3
3140796,我的工作是母親,Bubu的安家之歌,蔡穎卿Bubu,,天下遠見出版股份有限公司,2008.5.30,NTD290,9.2
26935479,在对的时间做对的事,俞敏洪写给年轻人的8堂创业课,俞敏洪,,中信出版集团,2017-1-1,38.00元,8.3
11591965,做适合人的教育,斯坦纳教育理论和实践,吉尔伯特·蔡尔兹,王荣亭、吴蓓 校,新世界出版社,2012-7,32.00元,8.9
3164157,教师不可不知的心理学,,唐全腾,,华东师大,2008-7,25.00元,8.1
25793688,一个独立教师的语文之旅,,郭初阳,,广西师范大学出版社,2014-2,29.80,7.8
26747690,嘿，你懂你的孩子吗,,王伟、曾珈,,北京联合出版社,2016-3-20,42.00,8.7
1038663,10倍速学习法,新经典文库,薇雷娜.施坦纳,车云,南海出版社,2004-06,20.00,7.4
5296839,一日学习法,-----韩国学习大王朴哲范的奇效学习法,（韩）朴哲范,鲁可,漓江出版社,2010年9月,25.00元,7.5
4073608,为孩子立界线,,Henry·Cloud&John Townsend,吴苏心美,海天出版社,2009-9,32.00元,8.4
25813210,让我们一起读懂孩子,,兰海,,中央编译出版社,2014-2,35.00元,8.7
3461500,世界的故事（全五册）,,苏姗·W·鲍尔,王宝泉,天津社会科学院出版社,2009-1,90.00元,7.5
19963289,自由与教育,洛克与卢梭的教育哲学,渠敬东、王楠,,生活·读书·新知三联书店,2012-9,35.00元,8.3
1032764,小时候就在想的事,新经典文库,（日）黑柳彻子,赵玉皎,南海出版公司,2004-08,18.00元,7.7
10733041,大学之魂,民国老校长,智效民,,中国华侨出版社,2012-5,32.80元,8.3
1219414,班主任兵法,,万玮,,华东师范大学出版社,2004-10-1,22.00元,7.8
6973852,为爱朗读,,[美] 爱丽丝·奥兹玛,郭娜、张坤、张乾,重庆出版社,2012-4,28.00元,8.5
1667659,数学小丛书（共18册）,全18册,华罗庚等,,科学出版社,2002-5,99.00元,9.2
7174855,陪孩子走过高中三年,,刘称莲,,北京大学出版社,2012-1,28.00元,8.2
4888398,怎样解题,数学竞赛攻关宝典（第2版）,蔡茨,李胜宏,人民邮电出版社,2010-7,59.00元,9.5
3393174,为什么孩子要上学,,大江健三郎,陈保朱,天津教育出版社,2009-1-1,20.00元,7.8
6396608,我读天下无字书,,丁学良,,北京大学出版社,2011-4-1,35.00元,7.9
25870261,练习的力量：把事情做到更好的42法则,,道格•莱莫夫、艾丽卡•伍尔韦、凯蒂•叶兹,王海颖,中国青年出版社,2014-4-1,39.00,7.3
3729116,接纳孩子,,小巫,,广西科学技术出版社,2009-5,24.80元,8.0
25925226,强势,如何在工作、恋爱和人际交往中快速取得主导权？,（美）曼纽尔 • J • 史密斯,欧阳瑾、陈 兰,江苏文艺出版社,2014-8,42.00元,8.5
1227441,班主任工作漫谈,,魏书生,,漓江出版社,2002-8-1,22.8,7.8
6397200,家庭成就孩子,李子勋的后现代亲子课,李子勋,,中信出版社,2011-6,35.00元,8.7
21458711,阅读是最浪漫的教养,一位教养专家给双胞胎女儿的32份浪漫生活清单,李伟文、双胞胎AB宝,,北方妇女儿童出版社,2013-3,32.80元,8.0
26337848,家有四男,,[ 加] 梁鹤年 著,,生活·读书·新知三联书店,2015-3,29.00,8.7
1430344,今天怎样做教师,点评100个教育案例：中学,王晓春,,华东师范大学出版社,2005-9,24.80元,8.4
24099183,哈钦斯的大学,芝加哥大学回忆录 1929-1950,威廉•H.麦克尼尔,肖明波,浙江大学出版社,2013-4,45.00元,7.6
4231734,寫給孩子的工作日記,說別人的故事，教自己的孩子,蔡穎卿,,時報文化出版企業股份有限公司,2009-12-23,NT$350,9.4
26677451,发现孩子天生气质,揭开天赋密码   实现因材施教,张黛眉、薛慧莹,,中央编译出版社,2015-9,32.80元,9.0
25862330,大学小言,我眼中的北大与港中大,张黛眉、薛慧莹,,中央编译出版社,2015-9,32.80元,7.6
4849963,生命最重要的前三年,,张黛眉、薛慧莹,,中央编译出版社,2015-9,32.80元,7.8
25978001,How We Learn,The Surprising Truth About When, Where, and Why It Happens,Benedict Carey,,Random House,2014-9-9,USD 27.00,7.9
1322091,天才的13个思维工具,,（美）伯恩斯坦,李国庆,海南出版社,2001-10,22.00,7.9
2184750,哈佛家训,,威廉·贝纳德,,中国妇女出版社,2007-6,29.80元,8.8
3119724,妈妈是最初的老师,,蔡颖卿,,中信出版社,2008-7,25.00元,8.4
24531914,写给全人类的数学魔法书,,[日] 永野裕之,李俊,新世界出版社,2013-6-1,32.00元,7.9
1536972,学习论,,施良方,,人民教育出版社,2001-5,21.70元,8.6
10564509,月迷津渡,古典诗词个案微观分析,孙绍振,,上海教育,2012-3,57.00元,8.8
25965995,构建之法,现代软件工程,邹欣,,人民邮电出版社,2014-9,49.00元,8.6
1541601,教学机智,教育智慧的意蕴,马克斯·范梅南,李树英,教育科学出版社,2001-06-01,32.00元,8.3
2122634,儿童爱之语,,（美）盖瑞·查普曼博士,呈瑞诚,江西人民出版社,2007-6,20.00元,8.8
2978099,爬上豆蔓看自己,,高美霞,,北京师大,2008-1,20.00元,7.9
1420762,特别的女生萨哈拉,一个孩子的特别成长经历,爱斯米·科德尔,,陕西师范大学出版社,2010-3-1,20.00元,8.5
2035119,沉疴,中国传统教育的危机与批判,冉云飞,,南方出版社,1999,26.80,8.2
1679253,心平气和的一年级,,薛瑞萍,,长春出版社,2005-8,25.8,8.4
3997957,有奉献精神的父母培养大人物,一手打造出6个博士的韩国首席妈妈私家教育全纪录,全彗星,邵娟,中国城市出版社,2009年9月,28.00元,8.6
1032216,素质教育在美国,留美博士眼里的中美教育,黄全愈,,广东教育出版社,2000-4-1,18.00,7.9
7067551,不教的教育,新中国式家长学堂导航,周月明、李雯、徐敏,,九州出版社,2011-11,48.00元,7.5
1664819,斯宾塞教育论著选,,赫·斯宾塞,,人民教育出版社,2005-1,18.80元,8.2
6863914,写给传媒、传播、文化研究专业学生的课堂游戏,写给传媒、传播、文化研究专业学生的课堂游戏,阿瑟·A.伯格,,秦洁,2011-8,15.00元,7.6
1891413,朱子家训,,【清】朱柏庐,李牧华注解,甘肃人民出版社,1990.3月第一版,2.65,8.8
25788102,叛逆不是孩子的错,不打、不骂、不动气的温暖教养术,（美）杰弗里•伯恩斯坦（Jeffrey Bernstein),陶志琼,机械工业出版社,2013-12,35.00,7.8
26637972,小情绪 大情感,,蒙特斯·吉斯贝尔 (MontseGisbert),树才,重庆出版集团,2015-10-1,CNY 39.80,9.3
24861381,给即将上大学的孩子们的信,,C.F.施文,贾辰阳、马小悟,北京大学出版社,2013-8-1,20,8.9
1490423,陪孩子长大,,李子勋,,广播电视,2006-1,21.00元,8.5
26594229,你不知道的美国留学,,Warald,,清华大学出版社,2015-8-1,CNY 49.80,8.4
1939118,文化与承诺 一项有关代沟问题的研究,一项有关代沟问题的研究,米德,周晓虹、周怡,河北人民出版社,1987-1,1.00,8.3
3228743,基因或教养,解开人格差异之谜,茱蒂．哈里斯,,洪兰,商周出版,2007年06月26日,7.9
25916556,教室里的正面管教,培养孩子们学习的勇气、激情和人生技能,[美]  简. 尼尔森、[美] 琳. 洛特、[美] 斯蒂芬. 格伦,梁帅,北京联合出版公司,2014-5,30.00,8.0
25917623,女巫一定得死,童话如何塑造性格,(美)谢尔登·卡什丹,李淑珺,机械工业出版社,2014-8,39.00元,7.6
1944988,杰出青少年的6个决定,,[美] 肖恩·柯维,王军、王亦兵、王建华,中国青年出版社,2012-1,28.00元,8.7
3653465,童书是童书,,黄乃毓,,二十一世纪出版社,2009年3月,18.00元,8.3
24879782,培养人性,从古典学角度为通识教育改革辩护,玛莎•纳斯鲍姆,李艳,上海三联文化传播有限公司,2013-6,48,7.6
20385941,最好的教养在路上,,朴善娥,,北京理工大学出版社,2012-12-1,38.00元,7.8
1442238,学习改变命运,,李晓鹏,,新世界出版社,2005-10,25.00元,8.1
1310154,论对话,On Dialogue,戴维·伯姆,王松涛,教育科学出版社,2004-1,19.00元,8.4
25719288,老师的十二样见面礼,一个小男孩的美国游学志,简媜,,北京十月文艺出版社,2013-9-1,39.00,8.2
10605384,不奖不打管孩子,不奖不打管孩子,马文·马歇尔,,王羽,2012-6,29.80元,7.4
1163627,多元智能,,霍华德·加德纳,沈致隆,新华出版社,1999-10,26.00元,7.8
3199068,让孩子做主,母乳妈妈育儿手记,小巫,,民主与建设出版社,2008-8,33.00元,8.2
5361413,天才是训练出来的,,薛涌,,江苏文艺出版社,2010-11,29.80元,7.1
2120822,给教师的101条建议,,安奈特·L.布鲁肖,方雅婕,中国青年出版社,2007-5,19.00元,7.9
3107283,来吧孩子,,池莉,,作家出版社,2008年,29.00元,7.8
26608905,小伤疤,,[法]夏洛特•蒙德利克、[法]奥利维耶•塔莱克,胡小跃,漓江出版社,2015-10-1,32.80元,9.2
6890234,妈妈的银行账户,我的妈妈,[美] 凯瑟琳•福布斯,侯萍、宋苏晨,译林出版社,2011-10,25.00元,8.6
5422865,小豆豆和小豆豆们,,[日] 黑柳彻子,戴琇峰,南海出版公司,2011-1,28.00元,8.3
24738129,及格主义,南桥谈教育系列之二,方柏林,,华东师范大学出版社,2013-6-30,29.80元,8.7
2225039,A Framework for Understanding Poverty,,Ruby K. Payne,,aha Process, Inc.,2005-5-15,USD 29.12,7.8
26417389,民国三大校长,,王云五、罗家伦,,岳麓书社,2015-6,42.00元,7.4
2349648,通三统,,甘阳,,生活·读书·新知三联书店,2007-12,16.00元,7.5
1536941,教育学,,王道俊、王汉澜,,人民教育出版社,1999-12,26.40元,7.0
3086241,回归大学之道,对美国大学本科教育的反思与展望,德雷克·博克(Derek Bok),侯定凯、梁爽、陈琼琼,华东师范大学出版社,2008年5月第1版,34.00元,8.5
26736281,我家门外的自然课,,南妍汀、李在恩,王伟锋、孔祥英,中信出版社,2016-3-1,99.00,7.7
26670874,一个人最后的清单,,[美] 大卫·蒙纳许,谢佳真,企业管理出版社,2015-12-1,36.8,7.5
1959919,跟上孩子成长的脚步,国际化视野中的教育感悟,小巫,,民主与建设出版社,2007-1,24.00元,8.2
7053517,颠狂与谨守,——课堂实录Ⅱ,郭初阳,,华东师范大学出版社,2011-12-1,36.00元,8.8
2275738,细讲弟子规,,蔡礼旭,,华艺出版社,2007-11,29.80元,9.2
25744064,我不原諒中國教育,一个90后对中国教育的批评和反思,蔡礼旭,,华艺出版社,2007-11,29.80元,7.3
26334502,给四月的信,我们如何知道,艾伦·麦克法兰 (Alan Macfarlane),马　啸 译,生活·读书·新知三联书店,2015-10-1,22.00,8.2
1054481,大学精神档案(当代卷),,何光沪、任不寐、秦晖、袁伟时,,广西师范大学出版社,2004-8-1,26.00,8.5
1426211,优秀是教出来的,,罗恩·克拉克,,电子工业出版社,2005-9,23.00元,8.2
19941064,自私的父母,如何治愈你的童年创伤2,尼娜·布朗,,李寒,2012-10,32.00元,7.8
6773057,捕捉孩子的敏感期,,尼娜·布朗,,李寒,2012-10,32.00元,7.7
1292420,文章例话,叶圣陶的二十七堂作文课,叶圣陶,,辽宁教育出版社,2005-05,18.00,8.3
26864697,迈克斯睡前表演秀,,[英]马克•斯佩林（Mark Sperring）、[英]莎拉•沃伯顿(Sarah Warburton),徐德荣、姜珊,郑州大学出版社,2016-9,35.80元,9.6
25883059,孩子与学校,,(日)河合隼雄,,王俊,东方出版中心,2014-8,8.0
2294522,給青年知識追求者的信,,朱敬一,,聯經出版事業股份有限公司,2006-11-1,240$NT,8.2
3289283,语文杂记,中学图书馆文库,吕叔湘,,生活·读书·新知三联书店,2008-11,28.00元,8.8
10734347,《子女心,父母情》,——牧养孩子的心,【美】泰德·特里普（Tedd Tripp）著,庞慧修,南方出版社,2012-5-1,29.00元,9.2
1546664,全球化的人文审思与文化战略,文化立国 大学重建,姚国华,,海天出版社,2002-09-01,49.8,8.7
1944553,从教第一年,新教师职场攻略,汤普森,赵丽、卢元娟,中国轻工业出版社,2007-1,45.00元,8.9
1027050,完美大学必修课,,张锐、任羽中,,陕西师范大学出版社,2003-11,17.80,7.6
1997483,非學校化社會,,[美] 伊万·伊利奇,吴康宁,桂冠图书公司,1994,新台币150元,9.3
5286778,中国高校之殇,,刘道玉,,湖北人民出版社,2010,25.00元,8.2
2000582,学术的秩序,,[美]爱德华·希尔斯,李家永,商务印书馆,2007,26.00元,8.3
4850617,安野光雅的七堂绘画课,,(日)安野光雅,黄友玫,二十一世纪出版社,2010年6月,30.00元,7.8
25918364,越轨,人为什么干"坏事"？,[美]亚历克斯·梯尔,王海霞,中国人民大学出版社,2014-6,40.00元,7.6
6828146,大学生的坟,,[美]亚历克斯·梯尔,王海霞,中国人民大学出版社,2014-6,40.00元,7.1
26869050,影像中的生死课,,陆晓娅,,北京师范大学出版社,2016-8,57.00元,6.9
2099620,如何成为尖子生,,卡尔•纽波特 (Cal Newport),,中国青年出版社,2012-1-1,23.00元,8.0
6850880,如何成为高效能教师,,[美] 黄绍裘、[美] 黄露丝玛丽,美国伊仑奈克斯翻译公司、中文在家,中国青年出版社,2011-9,68.00元,7.7
5914504,钱理群中学讲鲁迅,,钱理群,,生活·读书·新知三联书店,2010-12,38.00元,9.2
26823322,何以安身立命,,许纪霖  等,,中信出版社,2016-7,39.00元,7.4
26647316,与儿童对话(马修斯儿童哲学三部曲II),,加雷斯·B·马修斯 著,陈鸿铭 译,生活·读书·新知三联书店,2015-10,26.00,8.0
1908463,与未来同行,,李开复,,人民出版社,2006-10,30.00元,7.8
26319980,培训行业这一年,,李好宇、王可心、邱珣、王雨佳,,电子工业出版社,2015-2,48.00元,7.8
26689753,知乎：正义女神不睁眼,你相见恨晚的法律知识,知乎,,中信出版集团,2016-1,45.00,6.3
4006425,我是一只IT小小鸟,,胡江堂、李成、唐雅薇、秦琴、蒋宇东、刘未鹏、居振梁、刘帅、温卫斌、张弦、张凯峰、庄表伟、宋劲杉、程露、黄小明、易晓东、简朝阳、林健、高昂、徐宥、辜新星,,电子工业出版社,2009,29.80,7.7
26844359,风雨故人来,钱理群谈读书,钱理群,,商务印书馆,2016-7-1,CNY 42.00,7.5
3624729,出类拔萃的IQ,一门可习得智力的新兴科学,[美]戴维·帕金斯,王晓辰、李清,华东师范大学出版社,2009-3,39.80元,7.3
24839089,大学潜规则,谁能优先进入美国顶尖大学,[美]丹尼尔•金,张丽华、张驰,商务印书馆,2013-5,49.00,7.0
3044158,小豆豆频道,新经典文库,黑柳彻子,赵玉皎,南海出版公司,2008-4,25.00元,8.0
26673821,小米有个小袋子,,孙心瑜,,郑州大学出版社,2015-12,32.80元,9.6
6811399,稻草人的头，铁皮人的心，狮子的勇气,一种帮助孩子全面发展的教育,杰克·帕特拉什,卢泰之,深圳报业集团出版社,2011-8,28.00元,8.5
1000564,一生的读书计划,,[美] 克利夫顿·费迪曼,乔西、王月瑞 编译,海南出版社,2002-8,35.00元,7.0
1800113,图画书阅读与经典,,彭懿,,二十一世纪出版社,2006年,88.00元,9.1
26901346,家庭断舍离,,【日】山下英子,曹曼,天津人民出版社,2016-10-26,32.00元,7.2
26836785,六说文学教育,,陈平原,,东方出版社,2016-8,35,7.2
20441860,从前，有一个点,事物的起源与秘密,常立,,广西师范大学出版社,2013-1,24.00元,8.9
26866060,陪伴式成长，和孩子一起成为更好的自己,,[美]苏珊•施蒂费尔曼,于娟娟,鹭江出版社,2016-9-1,39.8,8.5
1219123,犹太人的智慧全集(珍藏版),,韦恩・玛格尔,韦恩・玛格尔,中国电影出版社,2004-10-1,42.0,8.0
4063555,别笑，我是高考零分作文,,安坤 编,,海天,2009-9,25.00元,7.0
3663000,梁启超和他的儿女们,,吴荔明,,北京大学出版社,2009-1,48.00元,7.7
3583474,教育与现代社会,《思想与社会》第七辑,思想与社会编委会,,上海三联书店,2009-02,39.00元,9.2
3342087,教孩子画画,,思想与社会编委会,,上海三联书店,2009-02,39.00元,8.0
26853112,谁在做鬼脸？,,[法]娜塔莉·迪尔特勒(Nathalie Dieterlé)、帕特里夏·贝勒比(Patricia Berreby),何唱、浪花朵朵童书 编译,北京联合出版公司·后浪出版公司,2016-9,60.00元,8.2
1653362,当代教育心理学,,陈琦、刘儒德,,北京师范大学出版社,2007年04月,53.00元,7.6
26258238,让孩子的脊椎挺起来,手机族、平板族、电脑族健康福音书,【韩】全玲淳 医师,吴芝安,新世界出版社·阳光博客,2014-12,38.00元,8.3
1219952,什么是世界一流大学,,丁学良,,北京大学出版社,2004-12-01,23.00,8.2
2058840,我的事业是父亲,,蔡笑晚,,接力出版社,2007-5,23.00元,7.8
11577251,學以為已,傳統中國的教育,李弘祺,,香港中文大学出版社,2012-6,USD 32.00,7.8
26296697,胡适谈读书,进一寸有一寸的欢喜,胡适,,中国华侨出版社,2015-1-1,32,7.4
2194902,青春读书课系列人文读本（全14册）,,严凌君 编,,商务图书馆,2003,358.0,9.4
21965490,设计师式认知,,[英]Nigel Cross,任文永、陈实、沈浩翔,华中科技大学出版社,2013-4,36.00元,7.5
3137116,巴黎高师史,,[法国]弗朗索瓦·杜费、皮埃尔-贝特朗·杜福尔,程小牧、孙建平,中国人民大学出版社,2008-06,24.80元,7.3
10583149,和孩子一起玩艺术,激发孩子潜能的美术游戏,李芳妃,,漓江出版社,2012-4,42.00元,9.4
2046227,信息时代的儿童发展,,桑德拉·L.卡尔弗特,张莉、杨帆,商务印书馆,2007-02-01,29.00元,7.1
4207781,孩子你慢慢来,,龙应台,,生活·读书·新知三联书店,2009-12-1,28.00元,8.8
4848555,玩出好人生,,[美] 斯图尔特•布朗（Stuart Brown） 克里斯托弗•沃恩（Christopher Vaughan）,李建昌,中国人民大学出版社,2010年3月,36.00元,7.1
4131115,WOW! 你的宝宝是天才,一本关于12个月以内的婴儿大脑生长和开发的权威指导手册,Glenn J.Doman、Janet Doman,周晓力,外语教学与研究出版社,2009-11,68.00元,8.2
10774242,中国的大学,,梅贻琦,,北京理工大学出版社,2012-6-10,28.00元,7.5
26582027,当我成为一个孩子的母亲,,雪松,,生活·读书·新知三联书店 生活书店出版有限公司,2015-7-1,38.00元,7.7
1155660,对外汉语教学语法释疑201例,,彭小川等,,商务印书馆,2004-3,26.00元,8.8
26737134,就要一场绚丽突围,30岁后去留学,范海涛,,机械工业出版社,2016-3-7,CNY 42.00,8.0
26415458,夏山学校毕业生,,Hussein Lucas,王靓,华东师范大学出版社,2015-6,35.00,8.4
26373220,西尔斯健康育儿百科,一本关于儿童健康的综合指南,【美】威廉•西尔斯、【美】 玛莎•西尔斯、【美】罗伯特•西尔斯,阳曦,九州出版社· 阳光博客,2015-6,49.80元,9.0
3237030,儿童的语言与思维,,皮亞傑,傅統先,文化教育出版社,1980,0.75,7.5
11538547,专念学习力,打破7个扼杀创造力的学习神话,[美]  埃伦•兰格（Ellen J.Langer）,黄珏苹,浙江人民出版社,2012-8,39.90元,6.9
2155987,柏克萊精神,,楊牧,,洪範書店,1977-10,180TWD,7.8
26360325,别说你懂“英语启蒙”,一本书告诉你少儿英语学习的真相,王青,,九州出版社,2015-4-3,39.8,8.2
6723833,善解童贞1,0-6岁孩子的性关怀与性教育,胡萍,,广西科学技术出版社,2011-7,29.00元,8.9
1812827,精英的阶梯,美国教育考查,薛涌,,新星出版,2006-6,24.00元,7.4
1661722,美国高等教育,,[美] 罗伯特·M·赫钦斯(Robert M.Hutchins),汪利兵,浙江教育出版社,2001-12-01,10.00元,8.6
3359519,国外教育社会学基本文选,,[美] 罗伯特·M·赫钦斯(Robert M.Hutchins),汪利兵,浙江教育出版社,2001-12-01,10.00元,9.0
6873377,孩子，你的情绪我在乎,,约翰•戈特曼,崔成爱、赵碧,沈阳出版社,2011-10,45.00元,8.3
26817112,劳拉博士有问必答,搞定父母问得最多的72 个问题,【美】劳拉•马卡姆博士,聂传炎,上海社会科学院出版社,2016-7,36.80元,9.5
10515073,儿童健康指南,零至十八岁的身心灵发展,【德】米凯拉·格洛克勒 Michaela Glöckler、沃尔夫冈·戈贝尔,林玉珠 等,河北出版传媒集团 河北教育出版社,2012-2,58.00元,8.0
3925647,异常儿童心理,,埃里克·J.马什、戴维·A.沃尔夫,徐浙宁、苏雪云、桑标,上海人民出版社,2009-8-1,62.00元,8.4
26383741,和妈妈如影随形的日子,,红茶,,生活·读书·新知三联书店  生活书店出版有限公司,2015-6-1,39.00,8.5
4916157,7天搞定微积分,没有枯燥的理论，费解的推理，更没有复杂的运算。生动叙述，直观图解,石山平、大上丈彦,李巧丽,南海出版社,2010-8,25.00元,8.2
26864691,走廊里有个大怪物,,[西] 雷蒙•波特尔、[西] 塞乔•波特拉,陈赛,重庆出版集团,2016-9,32.80元,9.5
25827403,师范学校与中国的现代化,民族国家的形成与社会转型 1897—1937,丛小平,三辉图书,商务印书馆,2014-3,49.00,7.7
5252658,用尊重成就孩子的一生,向美国父母学习不一样的教育,丛小平,三辉图书,商务印书馆,2014-3,49.00,8.8
1127630,语文教育门外谈,,钱理群,,广西师范大学出版社,2003-7,29.80,8.5
1912793,小学课堂管理,,卡罗尔·西蒙·温斯坦、安德鲁·J·米格纳诺,梁钫、戴艳萍,华东师范大学出版社,2006-7,39.80元,7.9
26148626,Scratch少儿趣味编程,,［ 日］ 阿部和广,陶　旭,人民邮电出版社,2014-11,59.00元,7.6
3199069,给孩子自由,中西理念冲撞中的早教,小巫,,民主与建设出版社,2008-8-1,36.80元,8.1
7067071,不拘一格教语文,,史金霞,,中国轻工业出版社,2012-1-1,38.00元,8.6
3601538,童年与解放,,黄武雄,,首都师大,2009-2,28.50元,8.7
1881775,人的问题,,约翰·杜威,傅统先、邱椿,上海人民出版社,2006-07-01,35.00元,8.2
2224294,失去灵魂的卓越,哈佛是如何忘记教育宗旨的,哈瑞·刘易斯,侯定凯,上海华东师范大学,2007-8,32.00元,7.2
4931727,孩子为何失败,,约翰·霍特,张惠卿,首都师大,2010-9,32.80元,8.2
26426328,课堂上究竟发生了什么,,吴非,,中国人民大学出版社,2015-6,38.00,8.2
1491805,中国节,,贺绍俊,,,2006-1,38.00元,7.4
3187123,观察儿童,幼儿园教师必读丛书,（英）莎曼　等著,单敏月，王晓平,华东师范大学出版社,2008-8-1,22.00元,8.0
5936248,问你爸去,,[英] 艾玛·库克,叶红婷,天津教育出版社,2011-2,28.00元,7.2
25727582,发展心理学,从生命早期到青春期,黛安娜·帕帕拉 (Diane E.Papalia)、萨莉·奥尔茨 (Sally Wendkos Olds)、露丝·费尔德曼 (Ruth Duskin Feldman),李西营  等、申继亮  审校,人民邮电出版社,2013-9-1,CNY 88.00,8.4
2104842,数理化通俗演义,,梁衡,,北京师范大学出版社,1996-3,168.00元,8.9
19961418,学生管理的心理学智慧,,迟毓凯,,华东师范大学出版社,2012-10,32.00元,8.5
6968276,欧洲顶尖建筑学基础实践教程（上·下）,,Marc Angélil、Dirk Hebel,,天津大学出版社,2011-9,120.00元,8.4
6510070,人生不设限,我那好得不像话的生命体验,Nick Vujicic,彭蕙仙,天津社会科学出版社,2011-6-15,29.80元,8.3
26614139,西南联大国文课,,大一国文编撰委员会 编,,译林出版社,2015-10,48,8.6
1074222,国立西南联合大学校史,一九三七年至一九四六年的北大、清华、南开,西南联合大学北京校友会,,北京大学出版社,2006-1,49.00元,8.6
5327024,美国语文（上下册）,,威廉·H·麦加菲 编,刘双、张利雪,天津社会科学院出版社,2010-10,79.80元,8.3
1042825,怎样训练你自己,,埃弗雷特・威廉・劳德,林语堂,陕西师范大学出版社,2004-10,22.00,7.9
19987540,好孩子,三分天注定，七分靠教育,洪兰、尹建莉,,长江文艺出版社,2012-11-1,32.00元,8.4
26304127,玩耍精神：会玩的孩子真的有出息,,[美]彼得·格雷,洪萃晖,北京联合出版公司,2015-3,36.80元,8.0
4747184,管教啊,管教,,汪培珽,,愛孩子愛自己工作室,2010,95.00元,8.4
2220965,听王荣生教授评课,,王荣生,,华东师大,2007-8,39.00元,8.6
3522847,教育学基础,,全国十二所重点师范大学,,教育科学出版社,2008-12,30.00元,7.3
2287720,如何成为卓越的大学教师,,（美）肯•贝恩,明廷雄 彭汉良,北大出版社,2007年9月,24.00元,8.1
4880992,高效能父母的21个教子习惯,,陈忻,,中国青年出版社,2010-6,22.00元,8.0
10775249,教出孩子的自信、品格和抗压力,,(澳大利亚)迈克尔•格罗斯,肖鑫,清华大学出版社,2012-5,35.00元,8.3
3597283,举全村之力,,希拉里·罗德姆·克林顿（Hillary Rodham Clinton）,曾桂娥,上海三联书店,2009年4月,35.00元,8.1
26285693,慕课革命,,汤敏,,中信出版社,2015-1-1,39.00元,7.4
1060820,学习的条件和教学论,,[美]R·M·加涅,皮连生、王映学等,华东师范大学出版社,1999-11,29.00元,8.6
25916557,十几岁孩子的正面管教,教给十几岁的孩子人生技能,[美] 简. 尼尔森、[美] 琳. 洛特,尹莉莉,北京联合出版公司,2014-2,35.00,7.8
3227936,欧洲大学史（第一卷）,中世纪大学,[瑞士]吕埃格,张斌贤 等,河北大学出版社,2008-08,80.00元,9.2
5389759,Shit My Dad Says,,[瑞士]吕埃格,张斌贤 等,河北大学出版社,2008-08,80.00元,8.4
3031380,叶圣陶教育名篇,,叶圣陶,,教育科学,2007-11,17.80元,8.2
1219706,朱子治家格言,,朱柏庐,,青岛出版社,2005-1-1,5.00,8.5
26315881,刺小猬的蛋,,[日]高桥希,赵佼佼,重庆出版社,2015-3,29.80元,9.6
1710627,学问的创造,,福井谦一,那日苏,河北科学技术出版社,2000.09,18.0,8.8
10862844,华德福教育书籍《病是教養出來的》,孩子的四種氣質，第一本中医与华德福教育的完美结合。,福井谦一,那日苏,河北科学技术出版社,2000.09,18.0,8.6
1277811,爱弥儿（上卷）,论教育,卢梭,李平沤,人民教育出版社,2001-5-1,27.20,8.7
1219039,复杂性理论与教育问题,,埃德加・莫兰、陈一壮,陈一壮,北京大学出版社,2004-9,15.00元,8.7
21372167,技术时代重新思考教育,数字革命与美国的学校教育,[美] 阿兰•柯林斯、[美]理查德•哈尔弗森,陈家刚、程佳铭,华东师范大学出版社,2013-2-20,26.00元,8.2
1148500,儿童的秘密,,马克斯・范梅南、巴斯・莱维林,,教育科学出版社,2004-1-1,24.00元,7.8
6868959,信念的力量,新生物学给我们的启示,[美]布鲁斯·H·利普顿,喻华,中国城市出版社,2012-1-1,29.00元,8.3
4733825,儿童早期艺术创造性教育,,芭巴拉·荷伯豪斯,邓琪颖,广西美术出版社,2009-12,49.00元,8.5
3354528,规则与潜规则,学术界的生存智慧[第2版],[美]达利.约翰、[加]马克.扎纳、[美]亨利.罗迪格,卢素珍,北京大学出版社,2008-10,28.00元,7.5
1078580,教育诗,,马卡连柯,磊然,海天出版社,1998-03,35.00元,8.8
4902696,蒙台梭利儿童教育经典原著（套装６册),,马卡连柯,磊然,海天出版社,1998-03,35.00元,7.7
4843572,男孩不该走的路,破解男孩心智成长中的困惑与危险,（美）丹 · 金德伦、（美）麦克 · 汤普森,吴书榆,金城出版社,2010-5,29.80元,8.0
11589954,工蜂,大学青年教师生存实录,廉思 编,,中信出版社,2012-9-1,38.00元,6.6
3091489,儿童的道德判断,,[瑞士]让.皮亚杰,傅统先 陆有铨,山东教育出版社,1984,2.65,8.2
6802418,世界儿童文学·阅读与经典,世界儿童文学阅读与经典,彭懿,,接力出版社,2011-9-1,98.00元,8.8
1588724,苏霍姆林斯基选集（第3卷）,,蔡汀等编,,教育科学,2001-8,56.00元,8.2
26574897,地上地下•自然，地上地下•城市,,[法]安妮-索菲•鲍曼(Anne-Sophie Baumann) 著、[法]克洛蒂尔德•贝汉(Clotilde Perrin) 绘、[法]亚历山大•赫德(Alexandra Huard) 绘,青豆童书馆王茜,重庆出版集团,2015-6,99.00元,9.4
26824221,这就是我,,【意】多梅尼科•巴里拉、【意】埃玛努艾拉•布萨拉蒂,隽泓,郑州大学出版社,2016-7,35.00元,9.7
26700776,大师课徒,,魏邦良,,九州出版社,2016-2,42.00元,7.7
5939743,美国语文读本1,,威廉·H·麦加菲,,上海三联,2011-1,16.00元,8.5
26589034,爸妈必修的100堂自然课,,张蕙芬、黄一峰,,商务印书馆,2015-8,49.00,7.7
26857084,苏菲的烦恼,,[法国]塞居尔伯爵夫人、[法国]苏菲·德·拉维尔弗洛姆瓦 绘,黄荭,译林出版社,2016-8,59,9.0
5388119,创作，怎么搞的,building a life in art,Julia Cameron、茱莉亚·卡麦隆,韩良忆,大块文化,2010-12,NT230,8.3
3777943,网络时代的知识和学习,,G·西蒙斯,,詹青龙,2009-5,19.00元,8.0
1248509,少年哲学奇思录,,[英] 斯蒂芬·罗,刘玉红,漓江出版社,2003-1,12.00元,8.9
6965435,交互式培训,让学习过程变得积极愉悦的成人培训新方法,Harold D.Stolovitch、Erica J.Keeps,派力,企业管理出版社,2012-1,35.00元,8.3
26283227,与大数据同行,学习和教育的未来,[英]维克托·迈尔-舍恩伯格、[英]肯尼思·库克耶,赵中建、张燕南,华东师范大学出版社,2015-1,42.00元,6.7
2374989,The Teaching Company: How to Listen to and Understand Great Music,Complete Set - 48 Audio CDs with Course Guidebooks (The Great Courses: Fine Arts and Music, Cour,[英]维克托·迈尔-舍恩伯格、[英]肯尼思·库克耶,赵中建、张燕南,华东师范大学出版社,2015-1,42.00元,9.6
10463968,故事和你说晚安,为父母收集的故事,[英]比亚翠斯•洛奇,徐娅群,天津教育出版社,2012-1,32.00元,8.4
4201857,培养情商,丹尼尔.戈尔曼原声录音和中文配音CD光盘,琳达·兰提尔瑞(Linda Lantieri)、丹尼尔·戈尔曼(Daniel Goleman),安燕玲,中国长安出版社,2010-1,25.00元,7.9
4199479,盖茨是这样培养的,,（美)比尔·H·盖茨、（美)玛丽·安·麦金,徐臻真,中信出版社,2010.01,25.00元,7.8
26827326,行走在非洲丛林,,[德]阿尔伯特·史怀哲,罗玲,外语教学与研究出版社,2016-6,35,8.7
26392099,听见,陈燕的调律人生,陈燕,,人民文学出版社,2015-5-20,39,7.4
2708644,爸爸的十六封信,,陈燕,,人民文学出版社,2015-5-20,39,7.7
1079536,为了自由,洛克的教育思想,[美] 纳坦·塔科夫,邓文正,生活·读书·新知三联书店,2001-5,25.00元,8.2
1450951,维柯论人文教育,大学开学典礼演讲集,（意）维柯,张小勇,广西师范大学出版社,2005-12,28.00元,8.4
25757791,儿童音乐之旅：世界上最美的儿童歌曲绘本,,[法]阿特丽斯▪阿尔马格纳、[法]尚塔尔▪格洛斯雷加特,王珺,连环画出版社,2013-8-1,68.00元,8.2
4911991,改善学生课堂表现的50个方法,,[美] 安奈特·布鲁肖、[美] 托德·威特克尔,于涵,中国青年出版社,2010-7,23.80元,8.0
6903416,开明国文讲义（上下）,,夏丏尊、叶圣陶、宋云彬、陈望道,,人民文学出版社,2011-11,59.00元,8.4
1430341,教育智慧从哪里来,,王晓春,,华东师范大学出版社,2005-9,24.80元,8.6
26902317,成为一个不惑、不忧、不惧的人,力透时空的演讲,梁启超、等,,北京联合出版公司,2016-10-1,CNY 32.00,9.8
6794846,拓荒与呐喊,一个大学校长的教改历程,刘道玉,,世界知识出版社,2011-10,45.00元,8.8
1190517,大学工作,,[美]理查德·雷文,[美]王芳,外文出版社,2004-01-01,58.00元,7.6
26673807,了不起的杰作,,［加］阿什莉·斯拜尔（Ashley Spires）,陈赛,重庆出版集团,2015-12,32.80元,9.4
6977590,我的第一本古典音乐启蒙书,,张晨辰,,北京科学技术出版社,2012-1,29.80元,9.4
2304506,儿童绘画心理学,,格罗姆,,李甦,2008-1,50.00元,8.2
3601552,种籽学苑教育手记,,[美]亨利·A·吉鲁,,中国人民大学出版社有限公司,2016-6-1,CNY 48.00,9.0
3699146,杨红樱童话珍藏版,,杨红樱,,明天,2009-5,19.00元,8.6
26074846,我们的天真填满整个宇宙,微博上超有爱的小朋友，以及他们的世界,王悦微,,湖南文艺出版社,2014-10,35.00,8.2
3601546,学校在窗外,,黄武雄,,首都师大,2009-2,32.00元,8.7
1007562,哈佛女孩刘亦婷,素质培养纪实,刘卫华、张欣武,,作家出版社,2000-8,17.00元,5.9
24740865,大地在心,教育·环境·人类前景,刘卫华、张欣武,,作家出版社,2000-8,17.00元,8.6
1029640,我们都有心理伤痕,,徐浩渊,,中国青年出版社,2003-10,18.00元,7.8
24695868,行之有效的正面管教工具,,甄颖,,广东教育出版社,2013-6-1,28.00元,8.4
2106413,外语教育往事谈:教授们的回忆,,季羡林等,,上海外语教育出版社,1988-09-01,16.0,9.1
24718631,让孩子痴迷的创意思维游戏,,[英] 凯特·纳普顿 著、[英] 科林·金 绘,高婷婷,中国城市出版社,2013-5,75.00元,9.1
3291028,教育究竟是什么?,100位思想家论教育,〔英〕乔伊•帕尔默,,北京大学出版社,2008-10-30,45.00元,8.0
1861309,胡适选专业,大师们的大学生活,胡适、冯友兰、汪曾祺、李济、费孝通、蒋梦麟、杨亮功、田炯锦、梁实秋、何炳棣、郑骞、朱家溍、吴阶平,,辽宁教育出版社,2006-8,18.00元,8.3
26699020,我的第一次太空旅行儿童地图绘本,揭开浩瀚宇宙的神秘面纱,带你领略星空之美,胡适、冯友兰、汪曾祺、李济、费孝通、蒋梦麟、杨亮功、田炯锦、梁实秋、何炳棣、郑骞、朱家溍、吴阶平,,辽宁教育出版社,2006-8,18.00元,8.4
6965596,赞美你,奥巴马给女儿的信,贝拉克•奥巴马（著）；洛伦•朗（绘）,顾猷,中国青年出版社,2012-1,19.90元,7.6
1465291,高等教育哲学,,约翰·S·布鲁贝克,王承绪、郑继伟、张维平,浙江教育出版社,2001-01-01,10.00,8.8
4917103,记忆的魔术,,吕超、胡谊,,华东师范大学出版社,2010-7,24.00元,7.8
10795966,日本留学指南,,吕超、胡谊,,华东师范大学出版社,2010-7,24.00元,8.9
2972758,哈佛諾頓講座之大師與門徒,,史太納 (George Steiner),邱振訓,立緒文化出版,2006-6,新台幣250元,7.5
3179375,我的教师梦,钱理群教育讲演录,钱理群,,华东师范大学出版社,2008-08-01,30.00元,8.2
2245353,学会教学,,理查德·I·阿兰兹,丛立新,上海华东师范大学,2007-8,68.00元,7.6
1031352,教育—财富蕴藏其中,,联合国教科文组织总部,联合国教科文组织总部中文科,教育科学出版社,2001-04,16.00元,8.5
1291825,迈向个性的教育,一位留英、美学者解读华德福教育,黄晓星,,广东教育出版社,2002年5月 第1版,14.80,8.1
3215710,伦理学的邀请,做个好人,【西】费尔南多·萨瓦特尔,于施洋,北京大学出版社,2008-1-1,20.00,7.9
4196797,爱，生活，学习,,利奥·巴斯卡利亚,伍牛,南海出版公司,2009-9,25.00元,7.9
4111128,让学生都爱听你讲,,佩奇,,轻工,2010-1,20.00元,8.8
3812574,中国教育史,,孙培青、杜成宪,,华东师范大学出版社,2009,58.00元,8.4
3930583,饶议科学,,饶毅,,上海科技教育出版社,2009-8,28.00元,8.2
1493336,让目标达到沸点,《蒙台梭利早期教育法》
《蒙台梭利儿童教育手册》
《童年的秘密》
《,（意）蒙台梭利,王学东,中国发展出版社,2006-1-1,94.00,8.1
1500330,儿童故事治疗,,杰洛德·布兰岱尔,林瑞堂,四川大学出版社,2005-10,25.00元,8.1
26307654,人之废,,[英] C. S. 路易斯,邓军海 译注、叶达 校,华东师范大学出版社,2015-3,32.00,8.2
2145946,萨提亚家庭治疗模式,,（美）萨提亚,聂晶,世界图书出版公司,2007-6,36.00元,8.4
4840791,孩子的画告诉我们什么,,罗泽·弗莱克－班格尔特,程巍、许玉梅,北京师范大学出版社,2010-4,24.00元,8.1
5400164,许多孩子，许多月亮,,蓝剑虹,,东方,2011-1,32.00元,8.9
26588766,如何成为卓越的大学生,,[美]肯·贝恩（Ken Bain）著,孙晓芸 郑芳芳 译、吴玉章 审校,北京大学出版社,2015-8-10,39,8.0
1799241,全新思维,,[美] 丹尼尔·平克,林娜,北京师范大学出版社,2006-1,32.00元,7.8
3342559,儿童与艺术/美术教育学系列译丛,,约瑟夫·费西金 (Joseph Fishkin),徐曦白,社会科学文献出版社,2015-9-1,CNY 59.00,8.1
1060000,精神的雕像,西南联大纪实,李洪涛,,云南人民出版社,2001-06-01,22.00,8.4
1473198,人生设计在童年,哈佛爸爸有话说,高燕定,,广西师范大学,2005-11,25.00元,7.8
25808733,爱·恨与修复,梅兰妮·克莱因与琼·里维埃演讲录,梅兰妮·克莱因 (Melanie Klein)、琼·里维埃 (Joan Riviere),吴艳茹,中国轻工业出版社,2014-2,18.00元,9.2
1466672,How to Stop Worrying and Start Living,,Dale Carnegie,,Pocket,1990-9,71.00元,8.6
3250535,论人类的教育,,[德]莱辛,朱雁冰,华夏出版社,2008-10,35.00元,8.4
5283558,鲍尔学习法,在大学和生活中取得成功的策略,罗伯特·S·费尔德曼,林荣日 曹珍芬,复旦大学出版社,2010-8,38.00元,7.6
25909084,宛如一部小说,,(法)达尼埃尔·佩纳克,赵爽爽,上海文艺出版社,2014-8,23.00,8.0
1614001,学习的快乐,走向对话,佐藤学,钟启泉,教育科学出版社,2004-11,42.00元,8.3
11606417,汤普森心理童话药书1,父母是孩子第一任心灵导师,琳达·汤普森,周常、祝卓宏,广东教育出版社,2012-11,38.00元,8.1
1536944,人的教育,,福禄培尔,孙祖复,人民教育,1991-11,25.10元,7.6
1899750,中国大学的人文教育,,甘阳，陈来，苏力  主编,,三联书店,2006-08-01,36.00元,8.1
4039417,越玩越聪明的印度数学,,王擎天,,中国纺织,2009-9,19.80元,7.9
1808219,繪本之力,,河合隼雄、松居直、柳田邦男,林真美,遠流,2005-9-1,220,8.3
3711978,透析童年,让爱走向成熟,王树,,中国妇女出版社,2009-6,20.00元,7.6
5440590,“母爱”真可怕,,许常德,,沈阳出版社,2010-11,28.00元,7.7
26585097,大学之路 下册,陪女儿在美国选大学,吴军,,人民邮电出版社,2015-8-1,36,8.4
4140471,放牛班的奇迹,,(美) 格鲁维尔,李燕,南海出版公司,2010-1,25.00元,8.2
4201324,赖氏经典英语语法,,赖世雄,,外文出版社,2012-1,36.00元,8.8
25747924,蹲下来和孩子说话,,杨谨,,中国华侨出版社,2013-10-30,32.8,8.9
3312325,给无价的孩子定价,变迁中的儿童社会价值,[美] 维维安娜·泽利泽、Viviana A. Zelizer,王水雄 宋静 林虹 译、王水雄 校,格致出版社,2008-11,30.00元,8.5
1398969,写给孩子的哲学启蒙书（第1卷）,,（法）碧姬・拉贝,潘林,广西师范大学出版社,2005-6,25.00元,9.3
4044389,真希望我20歲就懂的事,史丹佛大學的創新×創意×創業震撼課程,婷娜．希莉格,齊若蘭,遠流出版事業股份有限公司,2009年09月11日,NT$280,7.7
3086167,教养可以这么浪漫,,李伟文,,北方文艺,2008-5,29.80元,8.0
1541636,生活体验研究,人文科学视野中的教育学,马克斯.范梅南,,教育科学出版社,2003-1,28.00元,8.3
3353668,陶行知文集（上下册）,,陶行知,,江苏教育出版社,2008-6,65.00元,7.5
10798628,0-1岁-美国金宝贝早教婴儿游戏,,陶行知,,江苏教育出版社,2008-6,65.00元,8.0
3664843,我的图画书论,,（日）松居直,郭雯霞、徐小洁,上海人民美术出版社,2009-3-1,39.00元,8.9
5916926,不要随便摸我,,(美)珊蒂·克雷文 文、(美)茱蒂·柏斯玛 图,刘敏,青岛出版社,2010-12,12.00元,8.5
1320132,杜威五大讲演,,杜威,胡适,安徽教育出版社,1999-09,28.0,7.9
25838364,TED演讲的秘密,18分钟改变世界,[美] 杰瑞米•多诺万(Jememey Donovan),冯颙、安超,中国人民大学出版社,2014-4-1,CNY 36.90,7.6
2090855,一门捉摸不定的科学,困扰不断的教育研究的历史,埃伦·康德利夫·拉格曼,,教育科学出版社,2006-06-01,38.00元,8.9
10342885,初小部分-共和国教科书-共六册,,荘俞 (编者)、沈颐 (编者),,新星出版社,2011-9-1,240.00元,9.6
6536670,发展心理学,探索人生发展的轨迹,[美] 罗伯特 S.费尔德曼(Robert S.Feldman),,机械工业出版社,2011-6-1,70.00元,8.4
26792167,我是Blop!,,【法】埃尔维·杜莱,赵佼佼,重庆出版集团,2016-2,69.80,9.5
3719572,慢养,给孩子一个好性格,黑幼龙,,中信出版社,2009-6-1,29.00元,6.9
5043489,教书，不简单,一位乡村教师的教育生活,曾纪洲,,华东师范大学出版社,2010-08,25.00,8.8
4043882,閱讀抵抗荒誕,蔡朝陽中國教育觀察,蔡朝陽,,秀威資訊科技,2009-8,TWD 330.00,8.1
6434839,我陪女儿学英语,,林克妈妈,Ginger Sietman 注解,辽宁教育,2011-6,32.80元,8.3
10740601,社会性与人格发展,,戴维·谢弗,陈会昌,人民邮电出版社,2012-6,88.00元,8.9
4318679,勇于管教,,詹姆士·杜布森,裴彤、王跃进,华东师范大学出版社,2009-12,39.00元,8.8
26311274,让思维自由,用创造力应对不确定的未来,肯•罗宾逊 (ken Robinson),闾佳,浙江人民出版社,2015-3-1,CNY 54.90,7.0
20381326,人生转轨处,人生转轨处上册,肯•罗宾逊 (ken Robinson),闾佳,浙江人民出版社,2015-3-1,CNY 54.90,9.3
2241030,中国成语故事,,卢延光（绘）,,上海人美,2007-8,180.00元,9.2
3536445,美国教育,一部历史档案,[美]韦恩·厄本、[美]杰宁斯·瓦格纳,周晟、谢爱磊,中国人民大学出版社,2009-2,60.00元,8.6
10443175,修身老课本,,南方周末 编选,,花城出版社,2011-12,58.00元,9.2
3792847,家庭美德指南,,[美]琳达·凯夫林·波普夫,汤明洁,中国言实,2009-6,36.00元,8.8
3561113,无论你选择什么样的人生，我都为你加油,,[美]琳达·凯夫林·波普夫,汤明洁,中国言实,2009-6,36.00元,8.3
7057231,绘本有什么了不起,绘本入门必备案头书,林美琴,,新疆青少年出版社,2012-1,32.00元,7.9
11606365,汤普森心理童话药书2,父母是孩子第一任心灵导师,琳达·汤普森,,周常、祝卓宏,2012-11,38.00元,9.2
26800809,0到5岁：大脑发育关键期的70条养育法则,,特雷西·卡其娄、摄影：贝蒂·尤德森,玉冰,北京联合出版社,2016-5,39.80,9.1
1264919,教育心理学,,(美)斯滕伯格,张厚粲,轻工业出版社,1900-01-01,60.00元,7.9
20480105,用有聲書輕鬆聽出英語力,,(美)斯滕伯格,张厚粲,轻工业出版社,1900-01-01,60.00元,8.2
2996520,世界名校开学毕业典礼演讲精选,,陈越,,中国长安出版社,2008年3月,29.80元,8.3
5912141,养育女孩,,吉塞拉•普罗伊朔夫,吕方兴,中信,2011-1-20,24.00元,6.8
4715265,康复大地,,约翰内斯·玛提森,,张世佶,2010-3,58.00元,8.3
25823708,聪明人的笨功夫,,马鸿旭、严堃、邱汐岩,,北京联合出版公司,2014-3-1,29.00元,6.3
26314346,3～6岁孩子的正面管教,理解年龄特点，帮助孩子成长,[美]简·尼尔森、[美]谢丽尔·欧文、[美]罗丝琳·安·达菲,娟子,北京联合出版公司,2015-2,42,7.4
1140137,学会关心,,内尔·诺丁斯,于天龙,教育科学出版社,2003-11,27.00元,8.6
2181842,超学习法,,野口悠纪雄,,南海出版公司,2007-7,22.00元,7.2
1843001,给莉莉的信,关于世界之道,(英)艾伦·麦克法兰,管可秾、严潇潇,商务印书馆,2006-6,22.00元,8.5
4126129,哈佛制造,出类拔萃：在哈佛商学院的两年,菲利普·德尔夫斯·布劳顿,,中信出版社,2010-1,29.00元,7.6
3928753,做教师真难，真好,,钱理群,,华东师范大学出版社,2009-8,29.80元,8.3
26860236,超强亲子游戏,,李洁,,中国妇女出版社,2016-8,39 .80元,9.4
1849458,東大特訓班(01),,李洁,,中国妇女出版社,2016-8,39 .80元,8.9
3099763,亲子关系全面技巧,,李中莹,,现代出版社,2008,28.00元,8.3
3655433,西尔斯怀孕百科,,西尔斯、等,,南海出版公司,2009-3-1,29.80元,8.4
2126272,爸爸是座山,父亲是女儿一生中最重要的人,（美）梅格·米克,赵秀芬,群言出版社,2007-06-09,20.00元,8.5
19941185,教育传播与技术研究手册,,J.M.斯伯克特、M.D.迈瑞尔、J.G.迈里恩波,,任友群、焦建利、刘美凤、汪琼,2012-9,168.00元,8.1
1009374,大学精神档案・近代卷（下）,,何光沪、秦晖、任不寐、袁伟时,,广西师范大学出版社,2004-07,25.00,8.9
2327354,古今名人读书法,,张明仁,,商务印书馆,2007-10,17.00元,8.6
3190133,中国教会大学史,1850-1950,（美）杰西.格.卢茨,,曾钜生,浙江教育出版社,3.85,7.9
26895437,幼儿十万个为什么（美绘版）,,主编：潘英丽、编绘：沙丁猫文化,四川少年儿童出版社,2015-8-1,198.00套,元 （全10册）,8.5
1275453,共悟人间,,刘再复 刘剑梅,,上海文艺出版社,2001-03,18.00,8.3
1455516,帕夫雷什中学,帕夫雷什中学,(苏)В.А.苏霍姆林斯基著,赵玮等译,北京 : 教育科学出版社,1983, 1999重印,28.00元,7.5
3652379,孩子，我们来谈谈生命,,何怀宏,,中国妇女出版社,2009-4,22.80元,7.6
3237107,纽约少年,,(美)赫尔曼.沃克,常弓、骆莹,中国少年儿童出版社,1985,1.80,9.2
4900365,我们如何学习,全视角学习理论,克努兹·伊列雷斯,,教育科学出版社,2010-6-1,46.00元,7.5
25732573,早教的秘密,如何发现并唤醒孩子的天赋，让孩子赢在未来？,李子勋,,中信出版社,2013-10,36.00,7.8
10580942,孩子来自天堂,正面养育的5个原则和技巧,约翰·格雷,张蕙仪,中信出版社,2012-4,29.00元,9.1
5214780,管教有方,不骄纵、不责罚孩子的积极训导法则,简·尼尔森,邱宏,天津社科院,2010-8,32.00元,8.8
1001075,与孩子共享自然.Ⅱ,,（美）约瑟夫・克奈尔,刘芸,天津教育出版社,2000-06,12.80,9.0
25901588,跟着张鸣上大学,,张鸣,,九州出版社,2014-6-1,39.80元,7.9
3337371,七田真0～6岁育儿法,,七田真,贺迎,南海,2008-10,20.00元,7.3
3028537,用思想点燃课堂,历史教师魏勇的教育教学,魏勇,,漓江,2008-2,24.80元,8.0
5938030,孩子的早期阅读课,,马玲,,文化艺术,2011-1,28.00元,7.8
25900671,童年的王国,,乔纳森,刘名卓,华东师范大学出版社,2015-11-1,58.00,7.9
25830853,如何把事情做到最好,,乔治·伦纳德,张乐,中国青年出版社,2014-2,29.90元,7.3
26640673,儿童与战争,国族、教育及大众文化,徐兰君,,北京大学出版社,2015-9,38.00 元,7.4
2323287,幼儿教育心理学,幼儿教育心理学,徐兰君,,北京大学出版社,2015-9,38.00 元,7.5
2364723,洞人心弦,一个广告人的洞见与事件,菲尔·杜森伯里,宋洁,上海远东,2008-1,35.00元,8.4
5315356,活着的理由,,钱理群,,广西师范大学出版社,2010-10,35.00元,7.5
2148200,中世纪大学,,[法]雅克·韦尔热,王晓辉,上海人民出版社,2007.7,18.00元,7.2
6977924,说来听听,儿童、阅读与讨论,(英)艾登·钱伯斯,蔡宜容,五洲传播出版社,2011-10,22.00元,8.2
1070963,杰出的头脑,,(英)艾登·钱伯斯,蔡宜容,五洲传播出版社,2011-10,22.00元,7.0
3994741,谁了解孩子成长的秘密,,李跃儿,,广西科学技术出版社,2009-9,28.00元,8.3
1083104,如何通过考试,,多米尼克・奥布莱恩、黄羽,黄羽,天津教育出版社,2004-7-1,25.00,7.6
2029918,把梦留住-叶楠西部支教纪实,,叶楠,,厦门大学,2007年3月1日,28.0,8.3
1881770,观念的生成,A Thematic Reader,Quentin Miller,,北京大学出版社,2006-7,65.00元,9.0
1997485,文艺小百科,学习之友,吴立昌、蒋国忠、黄霖、陆宗铎,,学林出版社,1982,1.15元,7.8
24307333,家是教养的起点,大前研一的育儿经,大前研一,曹逸冰,中信出版社,2013-5,32.00元,7.4
4715249,没有围墙的学校,体制外的学习天空,李崇建、甘耀明,,首都师范大学出版社,2010-3-1,25.00元,8.7
1009087,读书与治学,,胡适,,三联书店,1999-11,14.00元,8.1
3770535,西南联大与中国现代知识分子,,谢泳,,福建教育出版社,2009-5,20.00元,7.6
26640907,崔玉涛图解家庭育儿,1-10珍藏套装,崔玉涛,,人民东方出版传媒有限公司,东方出版社,2015-3-1,CNY 320.00,8.4
1077996,成长,微软小子的教育,凌志军,,海南出版社,2003-10,18.00,8.1
2006373,细读美国大学,,程星,,商务印书馆,2006-7-1,31.0,8.2
1448578,亲子关系,,曾仕强、刘君政,,清华大学出版社,2005-09-01,33.00元,9.4
6854364,在AA学建筑,,刘延川 编  AA中国同学会 著,,中国电力出版社,2012-1,58.00元,8.1
1054679,发现母亲,,王东华,,中国妇女出版社,2003-9-1,29.80元,7.5
5359838,快速阅读,,[德]克里斯蒂安•葛朗宁,郝湉,中信出版社,2010-12,35.00元,8.0
2275741,如何经营幸福人生,,钱颖一,,中信出版集团股份有限公司,2016-9-1,CNY 78.00,8.8
4604035,可爱的身体,,【日】七尾纯、【日】小林真子 等,猿渡静子,南海出版公司,2010-1,88.00元,8.7
3224711,论北大,,钱理群,,广西师范大学出版社,2008-10,38.00元,8.4
26864699,大鬼小鬼图书馆,,幸佳慧、杨宛静,,郑州大学出版社,2016-9,34.80元,9.5
26291879,敢让孩子做自己,,少年商学院 出品,,湖北教育出版社,2015-1-10,38,9.2
25752266,和孩子一起画画,华德福教育经典译丛,[德] 弗莱娅•雅福克,,漓江出版社,2013-10,25.00元,9.0
4118212,好妈妈胜过好老师,,邢苗苗,,北京工业大学,2009-11,28.00元,8.3
3143654,大学之理念,,金耀基,,生活·读书·新知三联书店,2008-7,25.50元,7.8
11622141,父母是孩子最好的音乐老师,,金耀基,,生活·读书·新知三联书店,2008-7,25.50元,7.9
6049977,松居直喜欢的50本图画书,,(日)松居直,郭雯霞、杨忠,二十一世纪出版社,2011-1,20.00元,7.9
10524486,3岁对了，一辈子就对了,,(日)松居直,郭雯霞、杨忠,二十一世纪出版社,2011-1,20.00元,7.1
11445554,艺术原来可以这样看,,弗朗索瓦芭布-高尔,丁小会,中信出版社,2012-8,35.00元,8.1
1053687,心灵鸡汤,世界畅销书译丛,杰克・坎菲尔、马克・韩森,杨淳茵,吉林人民出版社,1996-10,17.80,7.5
26596172,写给儿童的名人故事(全套25册）,,章衣萍,,团结出版社,2015-9-1,CNY 300.00,7.7
6533052,语言与儿童,美国中小学外语课堂教学指南,海伦娜﹒柯顿（Helena Curtain）、卡罗尔﹒安﹒达尔伯格（Carol Ann Dahlberg）,唐睿 等,外语教学与研究出版社,2011-6,75.00元,8.8
6751316,孩子成长历程,三个七年成就孩子的一生,海伦娜﹒柯顿（Helena Curtain）、卡罗尔﹒安﹒达尔伯格（Carol Ann Dahlberg）,唐睿 等,外语教学与研究出版社,2011-6,75.00元,8.7
4100343,艺术治疗,绘画诠释:从美术进入孩子的心灵世界,陆雅青,,重庆大学出版社,2009-10,37.00元,8.0
4322839,放下孩子,,(美) 摩格尔,,广西科学技术出版社,2010-4,25.00元,7.6
3445160,哈佛规则,(北大高等教育文库·大学之道丛书),理查德·布瑞德利,梁志坚,北京大学出版社,2009-1,48.00元,8.3
26437522,我把美国教育方法带回国,一位好妈妈的美式教育心得,画云博士,,作家出版社,2015-6,38.00元,7.5
10463364,美国公民读本,,哈里·P·贾德森,洪友,天津人民出版社,2012-1,35.00元,7.6
26781078,超强大脑是这样练成的,,张海洋、方然,,化学工业出版社,2016-6-1,29.80元,7.3
25773954,家世,百年中国家族兴衰,余世存,,北京时代华文书局有限公司,2013-11-20,39.00,6.3
10605480,批判性思维训练手册,,【英】斯特拉·科特雷尔Stella Cottrell,李天竹,北京大学出版社,2012-4,65.00元,7.4
1027621,让孩子着迷的101本书,,阿甲、萝卜探长,,时代文艺出版社,2003-12-01,36.00元,8.5
1050755,中国法律教育之路,,贺卫方,,中国政法大学出版社,1997-12,19.50元,8.0
10519489,你的3岁孩子,从友善到对着干的年龄，培养创造力不可错过这一年,崔运帷,,江西科学技术出版社,2012-3,25.00元,7.2
6430661,爸妈太过分,金麦田少儿国际获奖丛书,[英]彼特·约翰森,李宇美,安徽少年儿童出版社,2011-7,18.00元,8.4
4825571,数学分析八讲,,辛钦,王会林、齐民友,人民邮电出版社,2010,29.00元,9.2
3261688,谁误解了孩子的行为,,李跃儿,,广西科学技术出版社,2008-10,29.80元,8.4
3289287,语文闲谈,中学图书馆文库,周有光,,生活·读书·新知三联书店,2008-11,29.00元,7.9
3268564,Outliers,The Story of Success,Malcolm Gladwell,,Allen Lane,2008-01-01,GBP 16.99,8.3
5419534,中国人的思维危机,中国教育扼杀了中国人的思维能力,宋怀常,,天津人民出版社,2010-12,30.00元,6.7
1027877,破茧而出,发现孩子的先天优势,（美）梅尔・列文,张建群,中信出版社,2003-1,22.00元,8.6
1444027,确定性的寻求,,(美)约翰・杜威,傅统先,上海人民出版社,2005年09月,23.0,8.6
1042282,大学精神档案・近代卷（上）,,何光沪、任不寐、秦晖、袁伟时,,广西师范大学出版社,2004-07,25.00,8.6
26666217,鹅妈妈布鲁斯,,瑞安·T.希金斯 (Ryan T.Higgins),常立,郑州大学出版社,2016-9-1,CNY 34.80,9.5
4731789,少年张冲六章,,杨争光,,作家出版社,2010-3,28.00元,7.7
10767251,365个艺术创意,,[英国] 菲欧娜·伟特,郑勤砚、高婷婷,中国城市出版社,2012-6-1,78.80元,9.3
1289801,谁的大学,,薛涌,,云南人民出版社,2005-01-01,25.00,7.2
6390374,学会关心,教育的另一种模式,诺丁斯,于天龙,教育科学出版社,2011-4,32.00元,9.1
25793564,日有所诵  第四版（小学一年级）,,薛瑞萍  徐冬梅  邱凤莲,,广西师范大学出版社,2014-1,16.80,8.1
2283768,孙绍振如是解读作品,,孙绍振,,福建教育,2007-8,58.00元,8.5
4825608,阿朝快100岁了,,〔日〕黑柳朝 黑柳彻子 著,戴琇峰,南海出版公司,2010-5,22.00元,7.8
1059555,教育人类学,,O.F.博尔诺夫,李其龙,华东师范大学出版社,1999-3,8.00,8.9
1085673,在MIT上学,,佩珀·怀特,孙鹏,中信出版社,2003-10,25.00元,7.9
25823987,增广贤文,中华蒙学经典,张齐明,,中华书局,2013-11,21.00元,7.6
1758919,小豆豆与我,新经典文库,[日]黑柳朝,张晓玲,南海出版公司,2006-4,18.00元,7.8
1792666,成长.成功,,刘墉,,长江文艺,2006-5,16.00元,7.6
26847762,创始人,新管理者如何度过第一个90天,迈克尔·沃特金斯 (Michael D.Watkins),徐卓,中信出版社,2016-8-1,CNY 49.00,7.0
1035708,如何学习,,迈克尔·沃特金斯 (Michael D.Watkins),徐卓,中信出版社,2016-8-1,CNY 49.00,7.2
5907023,大夏书系·如是我读,语文教学文本解读个案,陈日亮,,华东师范大学出版社,2011-1-1,29.80元,8.4
10756655,教育是怎样变得危险起来的,,汪丁丁,,中央广播电视大学出版社,2012-4,32.00元,8.4
20441867,大人为什么要开会,运用规则获得自由,郭初阳,,广西师范大学出版社,2013-1,18.00元,8.0
26589303,中国最美的语文,,夏昆,,鹭江出版社,2015-9,39.80元,8.0
6797749,爱的教养,培养孩子的共情力,夏昆,,鹭江出版社,2015-9,39.80元,7.3
1076077,藏在书包里的玫瑰,校园性问题访谈实录,孙云晓,,北京出版社,2004-01,18.00,7.2
5255990,学校的挑战,创建学习共同体,佐藤学,钟启泉,华东师范大学出版社,2010-8,29.80元,8.2
6794746,一百分媽媽,,佐藤学,钟启泉,华东师范大学出版社,2010-8,29.80元,7.3
23780390,《3-6岁儿童学习与发展指南》解读,,佐藤学,钟启泉,华东师范大学出版社,2010-8,29.80元,7.5
2368788,学而时习之,,薛涌著,,新星出版社,2007,38.00元,7.9
3283539,郑玉巧育儿经·幼儿卷,,薛涌著,,新星出版社,2007,38.00元,8.5
1870224,道德教育,,[法]爱弥尔·涂尔干,陈光金、沈杰、朱谐汉,上海人民出版社,2006-8,36.00元,8.2
1980412,十封信--写给胆敢教书的人,,(巴西)保罗·弗雷勒,熊婴 刘思云,江苏人民出版社,2006-12,14.00,7.1
1803366,布罗迪小姐的青春,世界著名文学奖获得者文库·英国卷,[英] 缪丽尔·斯帕克,任吉生 等,中国工人出版社,1988.7,3.90,8.2
3533514,The Ignorant Schoolmaster,Five Lessons in Intellectual Emancipation,Jacques Rancière,Kristin Ross,Stanford University Press,1991-7-1,USD 25.95,8.0
5908824,《开明国语课本（典藏版）》（全八册）,,Jacques Rancière,Kristin Ross,Stanford University Press,1991-7-1,USD 25.95,8.1
26424383,新知•学习的革命（精华版）,,新知,,生活·读书·新知三联书店有限公司,2013-7-15,1.99,8.2
6779296,大学的诞生,,天野郁夫,黄丹青 窦心浩,南京大学出版社,2011-6-1,65.00元,7.6
3722956,文化与教育,,钱穆,,生活·读书·新知三联书店,2009-10,18.00元,8.4
26433341,抗战烽火中的中国大学,,陈平原,,北京大学出版社,2015-7,45.00元,7.2
26798590,3岁叛逆期，妈妈怎么办,,鲁鹏程,,机械工业出版社,2016-5-20,35,9.2
1064066,给教师的一百条新建议,,郑杰,,华东师范大学出版社,2004-11,25.00元,7.5
25865716,哈佛经典讲座,,[美]威廉·艾伦·尼尔森,尤娜,现代出版社,2014-6-1,45.00,7.7
1497763,旅居者和“外国人”,留美中国学生跨文化人际交往研究,陈向明,,教育科学出版社,2004-6,39.00元,8.6
3909464,青春期,发展，关系和文化,（美）F·菲利浦·赖斯,,上海人民出版社,2009-8,55.00元,7.6
3063061,父亲的因素,,（美）斯蒂芬.波尔特,高文辉,中国人民大学出版社,2008-4,36.00元,7.9
3711583,自尊女孩手册,,伊丽莎白·哈特利-布鲁尔,,田科武,2009-5,22.00元,8.2
3670610,瑟谷傳奇,－大眾心理學193,Daniel Greenberg,,丁凡,遠流,1997-06-01,8.7
24738671,英语.孩子这样学!-4-18岁中国孩子英语成长路线图,,Daniel Greenberg,,丁凡,遠流,1997-06-01,7.9
5948535,美国大学原来是这样的,,薛涌,,漓江出版社,2011-1,30.00元,7.2
26409552,静悄悄的革命,课堂改变,学校就会改变,佐藤学,,教育科学出版社,2014-11-1,CNY 29.80,7.8
