"2340100","遇见未知的自己","","张德芬","","华夏出版社","2008-1","29.00","8.1"
"3158482","新世界","灵性的觉醒","[德] 艾克哈特·托尔","张德芬","南方出版社","2012-2","28.00元","8.9"
"1761759","超越死亡","恩宠与勇气","[美] 肯·威尔伯","胡因梦、刘清彦 译、许金声 审校","生活·读书·新知三联书店","2006-3","39.00元","8.9"
"3413836","当下的力量","","[德] 埃克哈特·托利","曹植","中信出版社","2009-1","26.00","8.4"
"6526752","生命之书","365天的静心冥想","〔印度〕克里希那穆提著","胡因梦","译林出版社","2011-6-1","36.80元","8.8"
"2372450","改变，从心开始","学会情绪平衡的方法","罗伊•马丁纳","胡因梦","云南人民出版社","2009-8-1","32.00元","8.6"
"3834938","与神对话（第一卷）","","尼尔·唐纳德·沃尔什","李继宏","上海书店出版社","2009年7月","28.00元","8.3"
"5332713","人间是剧场","","宗萨蒋扬钦哲仁波切","","新星出版社","2010-10","38.00元","9.0"
"3266968","秘密","","[澳] 朗达·拜恩","谢明宪","中国城市出版社","2008-11","32.00","7.3"
"3236762","事事本无碍","","肯恩．威爾伯","","若水","光啟文化事業","NT$190","9.0"
"6052834","亲密关系","通往灵魂的桥梁","[加] 克里斯多福·孟","余惠玲、张德芬","山西经济出版社","2011-3","28.00元","8.2"
"3823020","性、生态、灵性","","肯·威尔伯","李明","中国人民大学出版社","2009-6-1","88.00元","8.8"
"2376506","生命的轨迹","深度心理分析手册","史蒂芬•阿若优","胡因梦","云南人民出版社","2007年12月","38.00元","8.8"
"25867744","简单冥想术：激活你的潜在创造力","","[英] 安迪•普迪科姆（Andy Puddicombe）","林盛","电子工业出版社","2014-3","35.00","8.2"
"26910859","冥想","","斯瓦米·拉玛 (Swami Rama)","","天津人民出版社","2016-10-1","CNY 35.00","8.6"
"4053315","一念之转","四句话改变你的人生","[美] 拜伦·凯蒂、史蒂芬·米切尔","周玲莹","华文出版社","2009-9","28.00元","8.3"
"5248376","一味","超个人心理学大师肯•威尔伯札记","[美] 肯·威尔伯（Ken Wilber）","胡因梦","深圳报业集团出版社","2010.8","58.00元","8.6"
"10546850","内在的天空","占星学入门","[美] 斯蒂芬•福里斯特","郭宇","云南人民出版社","2012-3","42.00元","8.9"
"6773583","意识光谱","","【美】肯•威尔伯","杜伟华、苏健","万卷出版公司","2011-7-1","65.00元","9.0"
"3875610","内观","","威廉·哈特","台湾内观禅修基金会翻译小组","海南出版社","2009-8","25.00元","8.9"
"26782080","用安静改变世界","如何科学又艺术地冥想","【美】拉塞尔•西蒙斯（Russell Simmons) 著","杨蓓","九州出版社","2016-7","38.00","7.6"
"3910883","观呼吸","平静的第一堂课","德宝法师","赖隆彦","海南","2009-8","25.00元","8.8"
"3874168","零极限","创造健康、平静与财富的夏威夷疗法","[美] 乔·维泰利、[美] 伊贺列卡拉·修·蓝","宋馨蓉","华夏出版社","2009-8","29.00","8.1"
"2241168","内在的探索","钻石途径系列之一","阿玛斯","胡因梦","深圳报业集团出版社","2009-8","26.00元","8.4"
"3327830","前世今生：16堂生死启蒙课","","（美）布莱恩·魏斯","谭智华","江苏人民出版社","2008-11-1","25.00元","7.7"
"3123393","遇见心想事成的自己","","[台湾] 张德芬","","上海锦绣文章出版社","2008-6","29.00","7.6"
"6807767","拥抱你的内在小孩","以爱疗愈内在的恐惧","克里希那南达&阿曼娜","方志华等","漓江出版社","2011-8","32.00元","8.6"
"4836697","看见真相的男孩","","(英) 斯科特","冯倩珠","广西师范大学出版社","2010.7","25.00元","8.3"
"4710580","智慧的觉醒","二十世纪最卓越心灵导师的人生智慧觉醒课","(印) 克里希那穆提","宋颜","重庆出版社","2010-5","39.80元","8.7"
"4151190","完美的爱，不完美的关系","完美的爱只在内心当中，唯有它能改善不完美的关系","约翰·威尔伍德","雷叔云","深圳报业集团出版社","2009-11","28.00元","8.2"
"3800022","活出全新的自己","唤醒、疗愈与创造","张德芬","","上海锦绣文章出版社","2009-7","29.00元","8.2"
"2347737","深夜加油站遇见苏格拉底","","[美] 丹·米尔曼","韩良忆","中国人民大学出版社","2007-11","38.00元","8.1"
"2125593","克里希那穆提传","","普普尔·贾亚卡尔","胡因梦","深圳报业集团出版社","2007-5","58.00元","8.6"
"3696966","踏上心灵幽径","","杰克·康菲尔德","易之新、黄璧惠、释自鼎","深圳报业集团出版社","2009-5","38.00元","8.9"
"3671442","修炼当下的力量","","（德）艾克哈特·托利","张德芬","辽宁教育出版社","2009年4月","25.00元","8.5"
"26844382","和这本书一样安静","","〔英〕迈克尔·阿克顿·史密斯","","未读·生活家 北京联合出版公司","2016-8","68","8.3"
"25747198","脈輪全書","","艾諾蒂．朱迪斯 Anodea Judith","林熒","積木文化股份有限公司","2013-9-17","NT$580","9.4"
"26377479","素食,跑步,修行","","斯科特·尤雷克、史蒂夫·弗里德曼","李颖琦","南京大学出版社","2015-6-1","CNY 36.00","8.1"
"21324451","不是为了快乐","前行修持指引","宗萨蒋扬钦哲仁波切","姚仁喜","深圳报业集团出版社","2013-1","38.00元","8.9"
"20394988","灵性炼金术","","帕梅拉·克里柏","郭宇、林荆、李平","同心出版社","2012-11","32.80元","9.0"
"5450660","次第花开","","希阿荣博堪布","","海南出版社","2011-3","28.00元","8.7"
"2241170","自我的真相","钻石途径系列之三","阿玛斯","胡因梦","深圳报业集团出版社","2007-8-1","24.00元","8.6"
"6125682","力量","","[澳] 朗达·拜恩","王莉莉","湖南文艺出版社","2011-6","35.00元","7.5"
"4827904","入門：古埃及女祭司的靈魂旅程","古埃及女祭司的灵魂旅程","Elisabeth Haich","","光的課程資訊中心編輯部","光的課程資訊中心","2010-1-1","9.2"
"3642050","宽恕就是爱","","保罗·费里尼","","中国友谊出版公司","2009-3","28.00元","8.3"
"1841625","标竿人生","我究竟为何而活？","华理克","PD翻译组","上海三联书店","2006-06-01","25.0","8.9"
"25693190","舍得让你爱的人受苦","","张德芬","","湖南文艺出版社","2013-9-1","35.00","8.3"
"1367116","奇蹟課程","","海伦·舒克曼（Helen Schucman）","若水","心靈平安基金會","19990914","NT$ 1200","9.1"
"3023149","狂喜之后","","杰克•康菲尔德","周和君","云南人民出版社","2008-3","35.00元","8.5"
"3772058","吸引力法则","随你所想，如你所愿","杰克•坎菲尔德  D.D. 沃特金","张彩","中国城市出版社","2009年6月","25.00元","7.5"
"23037911","正念禅修","在喧嚣的世界中获取安宁","【美】马克•威廉姆斯、【美】丹尼•彭曼","刘海青","九州出版社","2013-3","32.00元","9.1"
"25805198","初学者的冥想书","","（美）杰克·康菲尔德","唐唐","天津人民出版社","2014-1","32","8.3"
"10344040","一个瑜伽行者的自传","60周年纪念版全文译本","[美] 帕拉宏撒•尤迦南达","王博","新世界出版社·阳光博客","2012-2","49.80元","7.6"
"3894081","最后的日记","胡因梦作序推荐，克里希那穆提对世界最后的体察与省思","克里希那穆提","张婕","中国长安出版社","2009-8","22.00元","8.7"
"4199618","做梦的艺术","","卡罗斯·卡斯塔尼达","鲁宓","深圳报业集团出版社","2010-1","28.00元","8.2"
"3276880","光耀生命","","（印）B.K.S.艾扬格","杨玉功","上海锦绣文章","2008-10","39.80元","9.1"
"3813384","你值得過更好的生活","徹底顛覆金錢遊戲規則，讓你耳目一新的心靈致富法","Robert Scheinfeld","陳琇玲","大塊文化出版股份有限公司","2009-6-25","NT$300","8.2"
"7001419","突破修道上的唯物","","邱陽．創巴仁波切、Chogyam Trungpa","繆樹廉","橡樹林","2011-6-19","320NT","9.4"
"4932095","好好爱自己","","素黑","","天津教育出版社","2010-7","28.00元","7.6"
"25774384","冥想","","【法】克里斯托夫•安德烈 著","郭可、黄艳红","生活·读书·新知三联书店","2014-5","53.00","8.5"
"10755668","自我观察","第四道入门手册","雷德·霍克","","孙霖","2012-4","28.00元","8.6"
"5362056","无量之网","一个让你看见奇迹、超越极限、心想事成的神秘境地","格雷格．布雷登(Gregg Braden)","胡尧","华夏出版社","2010","39.00元","8.3"
"1091751","瑜伽","气功与冥想","张蕙兰、柏忠言","","人民体育","1986-7-1","25.00元","8.9"
"4874162","与神对话（第二卷）","","尼尔•唐纳德•沃尔什","李继宏","上海书店出版社","2010-8-5","35.00","8.3"
"4062735","对生命说是","","[澳] 阿南朵","翠思","珠海出版社","2009-10","29.80元","8.4"
"1418383","靈魂永生（賽斯書）","Seth Speaks: The Eternal Validity of the Soul","Jane Roberts","王季慶","方智","1995年06月01日","NT$ 450","9.1"
"2306659","道德经心释（上下）","","奥修","谦达那","陕西师范大学","2007-10","58.00元","9.0"
"2241169","解脱之道","钻石途径系列之二","阿玛斯","胡因梦","深圳报业集团出版社","2009-8","24.00元","8.7"
"2049781","世界在你心中","","克里希那穆提","胡因梦","深圳报业集团出版社","2007-4-1","24.00元","8.5"
"21266953","灵魂的功课","","[英] 丽兹·格林","胡因梦","中国广播电视出版社","2013-1","36.00元","8.6"
"26827590","八万四千问","","宗萨蒋扬钦哲仁波切","严望佳、戚淑萍","深圳报业集团出版社","2016-7","45.00元","8.9"
"1478831","当鞋合脚时","奥修人生箴言系列","奥修","王国伟","东方出版中心","1996-1","16","8.8"
"26372364","你在忙什么","","索达吉堪布","浦睿文化","民主与建设出版社","2015-5","39.9元","7.6"
"2157629","平常禅","活出真实的自己","[美] 艾兹拉·贝达","胡因梦","海南出版社","2007-7","24.00元","8.2"
"6011081","冥想5分钟，等于熟睡一小时","","[美] 里克·汉森、理查德·蒙迪思","姜勇","上海锦绣文章出版社","2011-4","29.80元","6.9"
"1829799","爱的觉醒","","[印度] 克里希那穆提","胡因梦","深圳报业集团出版社","2006-6","38.00元","8.7"
"4045849","无可摧毁的纯真","钻石途径之四","阿玛斯","胡因梦","深圳报业集团出版社","2009-9","32.00元","8.8"
"3012903","关于这颗心","","[泰]阿姜查","赖隆彦","海南出版社","2008-2","48.00元","9.0"
"3388249","靈性成長","與大我合一的學習之路","珊娜雅．羅曼、Sanaya Roman","羅孝英","生命潛能","2008-12-26","NT$320","9.4"
"6966843","重遇未知的自己","爱上生命中的不完美","张德芬 著、范薇 绘","","湖南文艺出版社","2011-11","32.00元","7.8"
"4884858","魔鬼家书","地狱来鸿","C.S.路易斯","况志琼、李安琴","华东师范大学出版社","2010","19.80元","9.4"
"5028585","关系之镜：两性的真爱","","[印度] 克里希那穆提","常霜林","九州出版社","2010-7","20.00元","8.5"
"26323530","念完哈佛念阿弥陀佛","","陈宇廷","","三秦出版社","2015-1","68.00元","8.3"
"2240928","当生命陷落时","","佩玛·丘卓","胡因梦","北京大方弘文（中国藏","2007-4","25.00元","8.7"
"3796598","爱情与工作的每日禅","","夏绿蒂•净香•贝克","陈丽西","深圳报业集团出版社","2009-6","28.00元","8.6"
"21329705","灵性开悟不是你想的那样","不是你想的那样","杰德·麦肯纳","鲁宓","华夏出版社","2013-1","39.90元","8.5"
"10809149","别忽视上帝的提醒","一个外科医生的黄金忠告","（美）艾伦•汉密尔顿","谢瑶玲","中信出版社","2012-8-1","32.00元","8.1"
"6010792","与神对话（第三卷）","","尼尔·唐纳德·沃尔什","李继宏","上海书店出版社","2011-3","42.00元","8.5"
"1433002","寂静的知识","巫师与人类学家的对话：智者唐望的世界","[美] 卡洛斯·卡斯塔尼达","鲁宓","内蒙古人民出版社","1998-5","16.80元","9.1"
"26838900","塔罗冥想","基督信仰內在隱修之旅","'[美] 卡洛斯·卡斯塔尼达'","'鲁宓'","'内蒙古人民出版社'","'1998-5'","'16.80元'","9.6"
"3784639","超越时空","","克里希那穆提、大卫•博姆","胡因梦","中国长安出版社","2009-6","28.00元","8.6"
"6858459","当下的力量Ⅱ","找回每时每刻的自己","埃克哈特·托利","魏姣","中国友谊出版社","2011-11","29.80元","8.1"
"19928975","去印度学倒立","吴苏媚的“西游记”","吴苏媚","","江苏人民出版社","2012-9","35.00元","7.8"
"5994832","天空之鏡","","黎堅惠","","三聯書店(香港)","2011-2","HK 170.00","8.3"
"3582354","找回你的生命礼物","","[加拿大] 克里斯多福·孟","张德芬、汤维正","山西经济出版社","2009-2","25.00元","8.0"
"24749465","断舍离","","山下英子","吴倩","广西科学技术出版社","2013-7-30","CNY 32.00","7.5"
"25977138","金钱的灵魂","让你从内在真正富起来","[美]琳内•特威斯特、[美]特蕾莎•巴克","艾琦","华夏出版社","2014-8","39.00元","7.6"
"2066374","返璞归真","纯粹的基督教","C.S.路易斯","汪咏梅","华东师范大学出版社","2007-3","24.80元","9.1"
"22166524","圣徒永恒的安息","","[英]理查德·巴克斯特","许一新","生活•读书•新知三联书店","2013-3-1","39.00元","9.5"
"4258808","还我本来面目","如何接纳自我和欣赏生命","赛安慈","吴至青","华夏出版社","2010年01月","39.80元","8.3"
"11522757","生命之花的靈性法則","The Ancient Secret of the Flower of Life, Volume 1","德隆瓦洛.默基瑟德","羅孝英","方智","2012-4","NT$320","8.6"
"6714584","轮回","前世今生来生缘","布莱恩•魏斯博士","施诺","机械工业出版社","2011-7-18","32.00元","8.2"
"1482894","隐藏的和谐","关于赫拉克利特断篇的演讲","奥修","何文珊  顾瑞荣","上海三联书店","1996","13.90","9.1"
"5288625","活在喜悦中","美国亚马逊最受读者好评的身心灵入门书，让大陆读者等待多年的权威译","（美）萨娜娅·罗曼","王季庆","华文出版社","2010-10","28.00元","8.9"
"26315455","心之道","致焦虑的年代","[美] 阿伦·瓦兹","李沁云","广西师范大学出版社","2015-4-1","29.80","7.9"
"25711748","灵性的自我开战","","杰德·麦肯纳","鲁宓","华夏出版社","2013-8","49.9元","8.6"
"6759677","走出恐惧","","克里希那南达&阿曼娜","王静娟","漓江出版社","2011-8","28.00元","8.6"
"3005076","再活一次","----用写作来调心","纳塔莉·戈德堡","韩良忆","南方出版社","2008年3月","24.00元","8.7"
"6062348","前往伊斯特兰的旅程","巫士唐望的世界","卡洛斯·卡斯塔尼达","鲁宓","上海文艺出版社","2011-3","29.00元","9.3"
"4892883","爱是一切的答案","","芭芭拉·安吉丽思 (Barbara De Angelis）","汪芸","华文出版社","2010-5","29.00元","8.5"
"1057879","荒漠甘泉(附黑门山路)","考门夫人“荒漠甘泉”系列（《荒漠甘泉》、《黑门山路》、《谷中清泉","考门夫人","信实、阳东","时代文艺出版社","2003-8-1","49.80","9.1"
"4249313","活在当下","","[美] 芭芭拉·安吉丽思","黎雅丽","华文出版社","2010-12","28.00元","7.6"
"10759777","秘密副作用","","李欣频","","中信出版社","2012-6","29.00元","7.9"
"26710502","幕后：一位觉者的实修日记","","[美]马克·李维特、朱清明","","中国青年出版社","2015-12-1","CNY 30.00","8.3"
"4011299","创造金钱","","萨娜娅·罗曼、杜恩·派克","万源一","天津科学技术出版社","2009-9","28.80元","8.6"
"1366878","与神对话","An Uncommon Dialogue","尼爾．唐納．沃許","王季慶","方智","19981201","NTD 320","9.3"
"20496057","约书亚的传导","灵性人生","[荷}帕梅拉•克里柏","艾琦、晓悦","世界图书出版公司","2013-1","36.00元","9.3"
"3277343","生命四元素","占星与心理学","[美] 史蒂芬·阿若优","胡因梦","云南人民出版社","2008-11","35.00元","8.1"
"6001611","瑜伽之树","","B.K.S.艾扬格 (B.K.S.lyengar)","","当代中国出版社","2011-3-1","28.00元","8.4"
"5290370","禅的行囊","","[美] 比尔·波特","叶南","南海出版公司","2010-10","32.00元","8.6"
"10557754","荣格与炼金术","","[美] 杰佛瑞·芮夫","廖世德","湖南人民出版社","2012-4","25.00元","8.2"
"4159343","潜意识的力量","","约瑟夫墨菲","吴忌寒","中国城市出版社","2009.11","28.00元","7.7"
"1958486","自由的迷思","","创巴仁波切","","西藏民族出版社","2005","25.00","9.2"
"1336339","靈魂占星","看南北交點如何影響你的人生","JAN SPILLER","吳四明","方智","1999年09月28日","NT$ 530","8.5"
"3358570","你可以不怕死","","一行禅师","胡因梦","深圳报业集团出版社","2008-12","28.00元","8.5"
"3628063","從未知中解脫","10個回溯前世、了解今生挑戰的真實故事","Robert Schwartz","","方智出版社股份有限公司","2009-3-25","TWD330","8.4"
"23746652","宇宙之愛","從靈魂占星揭露親密關係的奧祕","'Robert Schwartz'","''","'方智出版社股份有限公司'","'2009-3-25'","'TWD330'","8.5"
"2363639","点亮自性之光","","克里希那穆提","胡因梦","深圳报业集团出版社","2007-12-01","22.00元","8.7"
"20509730","生活就像练习","肯•威尔伯整合实践之道","肯·威尔伯、特里·帕滕、亚当·莱昂纳德、马尔科·莫雷利","金凡","北京出版集团,同心出版社","2013-1","48.00元","8.2"
"4830829","根道果","禅修的方法与次第","咏给·明就仁波切","江翰雯","海南出版社","2010-5","30.00元","9.2"
"3681639","正念","身心安顿的禅修之道","[美] 乔·卡巴金","雷叔云","海南出版社","2009-5","25.00元","8.2"
"1881776","现在开始讲解瑜伽","瑜伽经权威阐释","(印)斯瓦米·帕拉瓦南达、(英)克里斯多夫·伊舍伍德","王至成、杨柳","四川人民出版社","20060701","26.00","8.7"
"26366750","只有当心非常安静时","","马超","","北京时代华文书局","2015-5-1","36.00","9.0"
"2281420","巴坦加里的瑜伽经","","沙吉难陀","陈景圆","黄山书社","2007-10","28.00元","8.8"
"21214091","人生的十二个面向","","霍华德·萨司波塔斯","韩沁林 译  胡因梦 审订","中国广播电视出版社","2013-1","68.00元","9.0"
"25827479","再活一次，和人生温柔相拥","Dying to be Me - My Journey from Cancer, to Near Death, to True Healing","[香港]安妮塔·穆贾尼(Moorjani, Anita)","","长江文艺出版社","2014-1-1","32.00元","8.7"
"10764917","不与自己对抗你就会更强大","你就会更强大","克里斯托弗·肯·吉莫","李龙","吉林文史出版社","2012-6","29.00元","8.4"
"1319893","当和尚遇到钻石","","麦克尔·罗奇格西","","京华出版社","2005-5","26.80元","8.1"
"21249031","灵性亲密关系","","李安妮","","华夏出版社","2013-1-1","39.00元","8.7"
"2125536","懂得生命","在和谐关系中创造","麦基卓、黄焕祥","陶晓清等","深圳报业集团出版社","2007-5","32.00元","8.5"
"4835563","奥义书","","黄宝生","","商务印书馆","2010-4","27.00元","8.8"
"26600223","幸福的三个真相","","[印]萨古鲁","吴佳、郭冰虹","中国青年出版社","2015-8","39","8.5"
"3352074","萨提亚冥想－内在和谐、人际和睦与世界和平","","约翰·贝曼","","钟谷兰","2009-1","16.00元","8.1"
"20452425","自爱，无须等待","","素黑","","中信出版社","2012-12","35.00元","7.3"
"4826395","巫士唐望的教诲","","卡洛斯·卡斯塔尼达","鲁宓","上海文艺出版社","2010-05","28.00元","8.4"
"2046190","Be Here Now","","Ram Dass","","Lama Foundation","1978-10-12","USD 15.15","8.9"
"26740257","内在革命：一本关于成长的书","成长过程中的转折点，就是在你发现治愈所有伤痛的核心力量存在于自己","[美] 芭芭拉·安吉丽思","龙彦","北京日报出版社·阳光博客","2016-4","36.00","7.9"
"10545691","好好修养爱","","素黑","","中信出版社","2012-4","32.00元","7.9"
"20390893","次第花开","藏地高僧的优雅佛学心灵随笔","希阿荣博堪布","","海南出版社","2012-11","48.00元","9.3"
"4726852","正念的奇迹","","一行禅师","丘丽君","中央编译出版社","2010年1月","25.00","8.5"
"4817590","雪洞","喜马拉雅山上的悟道历程","维琪·麦肯基","莲心","南方出版","2010-4","29.80元","8.3"
"6557779","告别娑婆","","葛瑞•雷纳 (Gary  R.Renard)","若水","云南人民出版社","2011-10-1","39.80元","8.4"
"1722020","最初和最终的自由","","克里希那穆提","于自强、吴毅","华东师范大学出版社","2005-11","24.80元","8.7"
"3137185","阿米I-星星的孩子","","恩里克·巴里奥斯（Enrique Barrios）","赵德明","天津教育出版社","2008年","20.00","8.8"
"20503637","遇见我的前世今生","","高原","","江苏文艺出版社","2013-3","35.00元","7.9"
"25741377","圣洁","","J. C. 莱尔","李漫波、朱保平","生活·读书·新知三联书店","2013-10","46.00","9.6"
"4872667","爱自己","爱是唯一的力量","尼娜·拉里什-海德尔","朱刘华","北方妇女儿童出版社","2010-6","26.80元","8.1"
"26574996","赛斯书：个人与群体事件的本质","","[美]珍·罗伯兹","王季庆","世界图书出版公司","2015-6-24","52.00","8.5"
"25695309","超越自我之道","超个人心理学的大趋势","【美】罗杰·沃什&法兰西斯·方恩","胡因梦、易之新","中华工商联合出版社","2013-9","42.00","8.6"
"11629355","简朴生活真谛","","傅士德","周天和","南方出版社","2012-8","29.00元","9.0"
"4260799","灵魂幸存者","","杨腓力（Philip Yancey）","许立中","海南出版社","2010年","32","9.2"
"4030358","心灵午夜密谈","通往自由与喜悦的生命旅程","[美] 希丽尔·西蒙、[印度] 萨古鲁·加吉·瓦殊戴夫","蒋永强","中国城市出版社","2009-9","28.00元","7.9"
"4165838","接纳不完美的自己","","[美]黛比·福特(Ford.D.)","严冬冬","吉林文史出版社","2009-11-1","27.00元","8.0"
"1388288","個人實相的本質（賽斯書）上、下冊","","Jane Roberts","王季慶、王育盛 等","方智","19910000","NT$ 380","9.4"
"3662079","呼吸之间","","李谨伯、陈阳（整理）","","深圳报业集团出版社","2009年4月","58.00元","8.5"
"1221710","塞莱斯廷预言","","詹姆斯・莱德菲尔德、唐建清、张健民","张建民,唐建清译","昆仑出版社","1997-3-1","18.80元","7.6"
"2241263","与无常共处","","佩玛·丘卓","胡因梦","北京大方弘文（中国藏","2007-4","25.00元","8.7"
"1085245","天路历程","","(英国)约翰·班扬著、西海译","西海","上海译文出版社","2004-3","14.00","8.1"
"1393343","回归内在","与你的内在小孩对话","[美] 约翰·布雷萧(John Bradshaw)","傅湘雯","内蒙古人民出版社","1999-03","24.80元","8.6"
"10791825","觉醒之后","","阿迪亚香提","屠永江","华夏出版社","2012-5","39.00元","8.9"
"4236607","情绪的惊人力量","","埃斯特•希克斯、杰瑞•希克斯","钟玉玲","中国城市出版社","2010年1月","29.80元","7.3"
"4164215","当一切改变时，改变一切","动荡世界的安身之道","尼尔•唐纳德•沃尔什、Neale Donald Walsch","万源一","华文出版社","2010年1月","28.80元","7.7"
"25792009","不分心：初学者的正念书","","[美]乔·卡巴金(Jon Kabat-Zinn)","陈德中、温宗堃","中国华侨出版社","2014-1-1","32.80元","7.7"
"1482890","静心：狂喜的艺术","","奥修","吴畸  顾瑞荣","东方出版中心","1996","16.50","8.8"
"7062464","灵界见闻录","","'奥修'","'吴畸  顾瑞荣'","'东方出版中心'","'1996'","'16.50'","8.7"
"4312357","這一生為何而來","靈界導師的十門課","安士利．麥克勞","黃貝玲","李茲文化","2010","NT$320","8.3"
"6101341","回到当下的旅程","","李尔纳·杰克伯森","","甘肃人民美术出版社","2011-5","28.80元","8.4"
"1763388","没有水，没有月亮","禅的故事  

丛编题名: 印度哲人奥修如是说","奥修","陶稀","上海-上海三联书店","1996","CNY10.80","8.7"
"10480843","身心灵全面疗愈","学会情绪平衡的方法2","罗伊·马丁纳","缪静芬","深圳报业","2012-1","36.00元","8.9"
"19949017","魔力","","朗达·拜恩","郑峥","湖南文艺出版社","2012-11","29.80元","7.2"
"4834886","我需要你的爱","这是真的吗","拜伦·凯蒂","陈曦","北方妇女儿童出版社","2010-4","28.80元","8.4"
"3653133","光的课程","","'拜伦·凯蒂'","'陈曦'","'北方妇女儿童出版社'","'2010-4'","'28.80元'","9.4"
"6810299","劉若瑀的三十六堂表演課","","劉若瑀","","天下遠見出版股份有限公司","2011-8-31","NT$330","9.2"
"1899741","奧修禪卡","禪宗超凡的遊戲","'劉若瑀'","''","'天下遠見出版股份有限公司'","'2011-8-31'","'NT$330'","9.2"
"1256282","心灵自由之路","","[印度] 克里希那穆提","廖世德","九州出版社","2005-3","18.00元","8.5"
"5063378","进入你的感官世界","","[美] 史丹利·布拉克、凯洛琳·布拉克","李明芝","天津人民出版社","2010-9","28.00元","7.8"
"4909716","谁说这辈子只能这样","现在就是改变人生的关键时刻","李欣频","","广西科学技术出版社","2010-7","25.00元","7.5"
"2111837","瑜伽气功与冥想","","'李欣频'","''","'广西科学技术出版社'","'2010-7'","'25.00元'","9.0"
"10546097","陪伴生命","我从临终病人眼中看到的幸福","(美) 凯瑟琳·辛格、Kathleen Dowling Singh","彭荣邦&廖婉如、陈寿文 审校","中信出版社","2012-5","32.00元","8.4"
"3649304","无语问上帝","陶造生命系列","(美)杨腓力","白陈毓华","新世界出版社","2009年4月","26.00元","8.9"
"2286166","大师在喜马拉雅山","","'(美)杨腓力'","'白陈毓华'","'新世界出版社'","'2009年4月'","'26.00元'","8.9"
"24888041","敬虔与圣洁生活的严肃呼召","","(英)劳威廉","","生活·读书·新知三联书店","2013-11","35.00","9.4"
"3719427","心灵瑜伽","—改变生命能量的20个法则","'(英)劳威廉'","''","'生活·读书·新知三联书店'","'2013-11'","'35.00'","8.8"
"24854454","生命之花的靈性法則2","啟動梅爾卡巴光體，擴展心靈能量","德隆瓦洛.默基瑟德","","羅孝英","方智","2013-5-23","9.0"
"3842681","面对危机中的世界","","克里希那穆提","依妮","中国长安出版社","2009年7月1日","25.00元","8.7"
"3183283","无常","","阿姜查","赖隆彦","深圳报业集团出版社","2008年8月","28.00元","8.5"
"6800946","做自己的先知","李欣频修行日记","李欣频","","中信出版社","2011-9","28.00元","7.1"
"25783890","素黑：爱在136.1","破解爱之密码的奇妙振频","素黑","","湖南文艺出版社","2013-11-28","38.00元","8.1"
"1799933","所罗门的智慧","","雷·普理查德","","北方文艺出版社","2006-5","22.00元","8.4"
"2367799","莲心禅韵","这本书可以丰富你的生命","奥修","谦达那","陕西师范大学出版社","2007-12","29.80元","8.7"
"7154813","治疗密码","修复潜意识，开启正能量","【美】亚历克斯·洛伊德  班·琼森","韩亮","中信出版社","2012-1","32.00元","7.9"
"10345559","少女布莱达灵修之旅","","[巴西] 保罗·柯艾略","马琳","南海出版公司","2012-3","25.00元","8.0"
"1332029","細胞記憶","揭開前世今生超連結．業障病．細胞靈魂印記的驚人祕密","蘇菲亞．布朗、琳賽．哈理遜、Sylvia Browne、Lindsay Harrison","黃漢耀","人本自然文化事業有限公司","2004-7-1","NT$ 230","8.0"
"10747362","活出全新的自己","都市身心灵疗愈课","张德芬","","湖南文艺出版社","2012-6","33.00元","8.0"
"1418371","灵魂之旅","","苏菲亚‧布朗、琳赛‧哈理逊","法兰西斯·张","人本自然文化事业有限公司","2002-6-12","NT$370","8.4"
"3928558","宁静的森林水池","阿姜查的内观禅修","（美）杰克•康菲尔德  保罗•布里特","奥西","深圳报业","2009-8","25.00元","8.7"
"1003972","般若之旅","","（英）克里希那穆提","廖世德","台海出版社","2004-12","20.00","8.5"
"1388359","寶瓶同謀","","玛丽琳·弗格森 (Marilyn Ferguson)","廖世德","方智","19930000","NT$ 400","8.9"
"3691428","灵性科学入门","","'玛丽琳·弗格森 (Marilyn Ferguson)'","'廖世德'","'方智'","'19930000'","'NT$ 400'","8.5"
"5905901","78度的智慧","","瑞秋·波拉克(Rachel Pollack)","孙梅君","商周","2010-12-12","台币520","9.1"
"3221766","當男孩遇見女孩","","約書亞.哈里斯","葉嬋芬","中國學園","2013-1-1","28.00","8.9"
"2240291","秘苑玫瑰","告诉你一个秘密的文化历史","周宇","","上海三联书店出版社","2007-7","58.00元","8.3"
"4864406","教育就是解放心灵","克里希那穆提给学校的信","克里希那穆提","唐超权","九州出版社","2010-6","24.00元","8.7"
"6002550","轻而易举的富足","国际著名身心灵导师彼尚·安裘密","[美]Bijan Anjomi 彼尚•安裘密","吴圣珊","华文出版社","2011-4","32.00元","8.0"
"4723785","冥想的力量","","(印) 阿迪斯瓦阿南达","王志成、梁燕敏、周晓微","浙江大学出版社","2010年5月","45.00元","8.0"
"3424068","生命的心流","","[美]米哈里·契克森米哈赖","陈秀娟","中信出版社","2009-1","18.00元","7.6"
"3223370","生命的真意","奥修人生箴言系列","（印）奥修（Osho）","金晖、王建伟","东方出版中心","1996.9","16.50","9.0"
"1057794","东洋冥想的心理学","从易经到禅","（德）荣格","杨儒宾","社会科学文献出版社","2000-11","16.00","8.3"
"4838579","靈性法則之光","開啟天堂的金鑰","黛安娜．庫柏、Diana Cooper","沈文玉","生命潛能文化事業有限公司","2010-4-6","NT$320","9.3"
"15994287","你要配得上自己所受的苦","","卢苏伟","","长江文艺出版社","2012-9","29.80元","6.2"
"2064837","狂野寫作","Wild Mind—Living The Writer’s Life","娜妲莉．高柏","詹美涓","心靈工坊","2007 年 04 月 13 日","300","8.7"
"4126251","八正道","","德宝法师","","赖隆彦","2009-11","25.00元","9.1"
"1483573","其實你已經很塔羅了","The tarot revealed-a simple","Paul Fenton","許慈倩","遠流","2003","NT$300","8.8"
"2382103","生与死的冥想","","克里希那穆提","唐发铙","学林出版","2007-12","17.00元","8.6"
"1359219","愛．自由與單獨","","奧修、osho","黃瓊瑩","生命潛能","2011-3-28","NT300","9.2"
"2363654","与爱同在","","克里希那穆提","缪舒宜","深圳报业集团出版社","2007-12","28.00元","8.9"
"4881692","了凡四训讲记","净空法师讲解","(明)袁了凡","","北方文艺","2010-7","25.00元","9.0"
"2241291","转逆境为喜悦","与恐惧共处的智慧","佩玛·丘卓","胡因梦","北京大方弘文（中国藏","2007-8","25.00元","8.7"
"5404240","无我的智慧","","吉噶·康楚仁波切","丁乃竺","陕西师范大学出版社","2010-12","28.00元","8.9"
"26296901","一日浮生: 十個探問生命意義的故事","","歐文.亞隆(Irvin Yalom)","鄧伯宸","心靈工坊文化","2015-2","NT$380","9.0"
"3464891","西藏的睡梦瑜伽","","丹增旺杰","","中国藏学","2009-1","25.00元","8.3"
"6963813","灵境追踪师","少年巫师探索万物踪迹的奇幻之旅","［美］汤姆•布朗二世","达娃","江苏人民出版社","2011-11","32.00元","8.9"
"6732497","活在时间之外","","法顶禅师","","重庆","2011-8","28.00元","8.7"
"26388575","《马太福音》释经默想（莱尔四福音释经默想）（内部发行）","","莱尔","梁曙东","生活·读书·新知三联书店","2015-1-1","37.00","9.5"
"3513006","失落的致富经典","","（美）沃特尔斯","王甜甜","中国城市出版社","2009-3-1","28.00元","7.8"
"3643702","作為上師的妻子：我和邱陽創巴的人生","我和邱陽創巴的人生","黛安娜．J．木克坡、卡洛琳．蘿絲．吉米安","","吳茵茵","橡樹林文化","2008","8.3"
"2382235","负伤的治疗者（the wounded healer）","当代牧养事工的省思","卢云[荷]（Henri J.M. Nouwen）","张小鸣","基道出版社","2002年7月","48.00元","9.5"
"2382668","古代神祕學院入門書：超感應能力與脈輪開通訓練","Ancient Teachings for beginners","道格拉斯．德龍、Douglas De Long","陶世惠、Sherry Tao","生命潛能","2008年01月01日","NT$ 270","8.1"
"4879054","回到你心中","马哈希的灵性课堂","拉玛那·马哈希","陈建志","中国长安出版社","2010-7","28.00元","8.7"
"6808038","廖阅鹏催眠圣经","","'拉玛那·马哈希'","'陈建志'","'中国长安出版社'","'2010-7'","'28.00元'","9.1"
"2042225","水晶高頻治療","運用水晶平衡精微能量系統","卡崔娜．拉斐爾、Katrina Raphaell","奕蘭","生命潛能文化事業有限公司","2007-4-1","NT$280","9.2"
"11516429","只要会呼吸.就能做冥想","","【美】 托尼•布莱克","陈芳芳","中国广播电视出版社","2012-8","36.00元","7.5"
"6978645","内证观察笔记","真图本中医解剖学纲目","无名氏","","广西师大","2011-10","30.00元","8.5"
"1754852","認識神","","'无名氏'","''","'广西师大'","'2011-10'","'30.00元'","9.5"
"25798953","大地母亲时代的来临","","央金拉姆","","天津人民出版社","2014-1-1","68.00","8.4"
"1986775","丽质天生","女性灵修之旅 / 一本分享女人如何定睛仰望，快乐自处的灵修隽品","Angela Thomas","黄碧丹","内蒙古人民出版社","2005-7","16.00","8.7"
"20282379","沙漠教父言行录","","[古埃及] 安东尼 等","[英] 本尼迪克塔·沃德 英译、陈廷忠 中译","生活·读书·新知三联书店","2012-10","39.80元","8.9"
"4941751","效法基督","","托马斯·厄·肯培","黄培永","金陵协和神学院文字工作委员会","2001-4","5.00","9.4"
"4317969","克里希那穆提精选集","","[印] 克里希那穆提","姜振华","学林出版社","2010-3","39.00元","8.2"
"10796071","里外更新","生命的破碎与重建","莱瑞·克莱布","萧道生","新世界出版社","2012-6","29.00元","9.0"
"6886394","你可以不生气","快乐修炼的第一堂课","一行禅师","游欣慈","海南出版社","2011-10","28.00元","8.4"
"26823158","能量：9个能量场实验激活不可思议人生","9个能量场实验激活不可思议人生","潘·格鲁特","","湖南文艺出版社","2016-7-1","38.00元","8.7"
"25858068","100个基本","松浦弥太郎的人生信条","'潘·格鲁特'","''","'湖南文艺出版社'","'2016-7-1'","'38.00元'","7.6"
"4742960","冥想的艺术","","[美]克丽丝蒂·麦克奈丽","夏理扬","江西人民出版社","2010-4","26.00元","7.8"
"4932903","灵魂之心","情绪的觉察","盖瑞·祖卡夫、琳达·弗朗西斯","阿光","华文出版社","2010.8","28.00元","8.5"
"10484725","冥想","创造你梦想的生活","莎克蒂•高文","蒋永强","中国城市出版社","2012-2","28.00元","7.6"
"2000099","生命數字全書","","Dan Millman","柯清心、邱紫穎、許韶玲","商周出版","1999","NT$380","8.6"
"6868959","信念的力量","新生物学给我们的启示","[美]布鲁斯·H·利普顿","喻华","中国城市出版社","2012-1-1","29.00元","8.3"
"20273641","狂热的爱","","弗朗西斯·陈","张宇红","新世界出版社","2012-10","24.00元","9.1"
"20507210","爱情觉醒地图","","李欣频","","中信出版社","2013-2","32.00元","7.6"
"6557708","真爱的旅程","从幻象信任到真实信任","'李欣频'","''","'中信出版社'","'2013-2'","'32.00元'","8.6"
"2284458","靈療‧奇蹟‧光行者","一個博士靈媒的故事","朵琳．芙秋、Doreen Virtue","詹采妮、張志華","宇宙花園","2007-9-7","NT$390","9.0"
"10557518","谁设计了宇宙?","源场调查：万物背后的神秘推手与即将来临的黄金时代","David Wilcock","觉醒字幕组","江苏人民出版社","2012-8-31","48.00元","7.7"
"3228781","阿米Ⅱ-宇宙之心","","（委内瑞拉）恩里克·巴里奥斯","赵德明","天津教育出版社","2008-09","20.00元","9.1"
"3944885","全然美丽","","伊丽莎白·乔治","丘玉竹","中央广播电视大学出版社","2009-7","23.00元","8.0"
"6105662","不思考的練習","品味來自眼、耳、鼻、舌、身的感動","小池龍之介","何啟弘","究竟出版社股份有限公司","2011-4","NT$250","8.2"
"26910240","世界和平饮食","","【美】威尔·塔特尔","凌谷","陕西师范大学出版总社","2016-10-1","55","6.9"
"2142176","渴慕神","","陶恕（美）","","薛玉光","宣道出版社（香港）","2003.07","9.5"
"6772445","李欣频的私房50","","李欣频","","中信出版社","2011-8-22","38.00元","7.2"
"4162005","吸引好事的魔法咒语","","翡翠小太郎","李鑫佐","方智出版社股份有限公司","2009-8-1","NT$250","9.3"
"6998712","灵魂之旅","","迈克尔·纽顿","夏芒","华夏出版社","2012-1","36.00元","8.7"
"4262950","关系的真谛","做人、交友、处世","[印度] 克里希那穆提","邵金荣","九州出版社","2010-1","20.00元","8.4"
"20435605","從心覺醒","開啟心的聖域，邁向揚升","'[印度] 克里希那穆提'","'邵金荣'","'九州出版社'","'2010-1'","'20.00元'","9.2"
"1913947","万物简史","心理学译丛学术系列","[美] 肯·威尔伯","许金声","中国人民大学出版社","2006-9","32.00元","8.3"
"5301258","个人觉醒的力量","","[美] 萨娜娅·罗曼","罗孝英","华文出版社","2010-10","28.00元","8.6"
"4932918","找到你的灵魂伴侣","","[德] 尼娜·拉里什-海德尔","朱刘华","北方妇女儿童出版社","2010-7","25.00元","7.2"
"3238342","山中花开","","[韩]法顶禅师","刘秋凤","二十一世纪出版社","2008.11","25.00元","8.6"
"3640005","全然接受","18个放下忧虑的禅修练习","塔拉·布莱克","罗辛迪","深圳报业集团出版社","2009-4","29.80元","8.5"
"1388375","靈界的訊息（賽斯書）","The Seth Material","Jane Roberts","王季慶","方智","19940000","NT$ 250","9.0"
"3924620","在爱中升华","Rising in Love: A Philosophy of Being
海寧格智慧精華","伯特·海宁格 Bert Hellinger","林逸柔、曾立方、廖文玉","台湾海寧格管理顧問公司","2009","NT$420","9.6"
"2382099","自由是什么","","克里希那穆提","唐发铙","学林出版","2007-12","18.00元","8.3"
"10521979","唤醒内在的智慧","","[美]丹·米尔曼","法蓝西斯·张","重庆出版社","2012-3","28.00元","8.2"
"1418382","夢、進化與價值完成（賽斯書）","Dreams, 'Evolution',And Valne fulfillment","Jane Roberts","","王季慶","1996年11月01日","NT$ 450","9.3"
"25769406","一个人不要怕：完美升级版","","素黑","","湖南文艺出版社","2013-12-1","24.70","7.6"
"1335288","鑽石途徑II-存在與自由","","阿瑪斯","胡因夢","心靈工坊","2004年11月15日","NT$ 280","9.2"
"19955762","灵性的觉醒","活出完美的自己","佛罗伦斯·西恩","赵燕飞","长江文艺出版社","2012-10-10","32.00元","8.1"
"10512506","世界上的另一个你","","[美] 朗·霍尔(Ron Hall)、[美] 丹佛·摩尔(Denver Moore)","李佳纯","湖南文艺出版社","2016-1-1","26.00元","7.8"
"4323622","向宇宙下订单","","（德）贝波儿•摩尔 著","林燕君 译","中国城市出版社","2010年4月","28.00元","7.5"
"1958923","簡易靈魂出體法","","Rick Stack","林秀明","方智出版社","1999-5-1","NT180","7.9"
"1485079","心灵神医","","东杜法王仁波切 著","郑振煌 译","中国藏学出版社","2006年1月","25.00元","8.6"
"1791175","证悟者的心要宝藏","","顶果钦哲仁波切","劉婉俐","唵嘛呢呗美吽","2013-4-15","280NT","9.4"
"20493038","太阳，我的心","观照的奇迹","释一行","周和君","线装书局","2013-1","29.00元","8.9"
"1428473","告別娑婆","The Disappearance of the Universe","若水","若水","心靈平安基金","2005年09月30日","NT$ 450","8.6"
"20440847","前世今生2","总有奇迹降临","布莱恩·魏斯","刘海青、吴春玲","江苏文艺出版社","2013-1","35.00元","7.9"
"5243431","愛情的吸引力法則","","Ford, Arielle","祁怡玮","貓頭鷹","2010-8","112.00元","8.0"
"11498624","心湖上的倒影","给实修者的指导","丹津·葩默","叶文可、郑振煌 审定","深圳报业集团出版社","2012-6","38.00元","9.1"
"2371261","新世紀揚昇之光","","黛安娜．庫柏","","鄭婷玫","生命潛能","2007年11月01日","9.1"
"1331944","成熟","重新看見自已的純真與完整","奧修","黃瓊瑩","生命潛能","2001年06月08日","NT$ 280","8.9"
"11615777","生命的注释","","克里希那穆提","","九州出版社","2012-10","108.00元","8.7"
"5907290","业力管理","","'克里希那穆提'","''","'九州出版社'","'2012-10'","'108.00元'","8.6"
"1822467","竭诚为主","","章伯斯 OSWALD CHAMBLERS","蔣黃心湄 , CHEUNG, MAY","证主福音协会","1988","HK$82.00","9.4"
"1074601","穿越生命之界","","（美）卡斯塔尼达","鲁宓","中国盲文出版社","2003-04","17.00元","9.1"
"3317555","真爱密码","","格西麦克·罗区","黄晋","花城出版社","2008-09-00","39.00元","7.9"
"1915479","从岁首到年终","路易斯经典选粹","[英] C.S.路易斯 著、帕特里斯·S. 克莱因 编","何可人、王咏梅","华东师范大学出版社","2006-8","28.00元","8.7"
"1005770","寻找奇迹","无名教学的片段","P.D.邬斯宾斯基、P. D. Ouspensky","黄承晃 等","新疆人民出版社","2004-04-01","35.00元","8.9"
"6427971","学会爱，超越爱","","素黑","","天津教育出版社","2011-5","28.00元","7.7"
"2133610","召喚天使","邀請天使能量共創幸福奇蹟","朵琳．芙秋博士","王愉淑","生命潛能文化事業有限公司","2007-7-1","NT$ 280","8.3"
"2125589","塔羅入門＋原裝進口韋特塔羅牌","（塔羅入門十九堂课）","Joan Bunning","","商周出版","2007.02.12","NT799","8.4"
"3230321","奥修传","","謙達那，奧修門徒","","奧修出版社","1993","130元","9.1"
"10448566","疗愈场","宇宙秘密力量的探寻","琳内·麦克塔格特(Lynne Mctaggart)","","华夏出版社","2012-1-1","39.00元","7.6"
"7014878","基督徒的生活","","[法]约翰•加尔文、孙毅 选编","钱曜诚 等","生活·读书·新知三联书店","2011-11","26.00元","9.1"
"3662078","生活在禅中","","夏绿蒂·净香·贝克","陈丽西","深圳报业集团出版社","2009年4月","32.00元","8.6"
"2371271","預知生命大蛻變：由恐懼走向愛的靈魂進化旅程","Kirael : The Great Shift","'夏绿蒂·净香·贝克'","'陈丽西'","'深圳报业集团出版社'","'2009年4月'","'32.00元'","8.7"
"26792798","鳴響雪松系列3：愛的空間","","弗拉狄米爾．米格烈","王上豪","拾光雪松出版有限公司","2016-5-7","NT350","8.6"
"20493285","只想静下来","如果还能静下来，很多事都可以重新开始","斯蒂夫.弗洛沃斯、鲍勃.斯塔尔","杜雪莹","印刷工业出版社","2013-1","29.80元","7.9"
"5326861","喜悦无处不在","","（美）拜伦·凯蒂","陈曦","北方妇女儿童出版社","2010-10","28.80元","8.8"
"25746237","生命之轮","生与死的回忆录","[美] 伊丽莎白·库伯勒-罗斯、Elisabeth Kubler-Ross","范颖","重庆出版社","2013-11","36.00","8.2"
"1796044","地球守護者","Keepers of the Garden","多洛莉絲．侃南","張志華","宇宙花園","2006年05月02日","NT$ 380","8.7"
"25910207","灵性冲撞","","[美]杰德·麦肯纳","鲁宓","华夏出版社","2014-7-1","49.90元","8.7"
"3091645","斷輪迴","","葛瑞．雷納","林慧如","奇蹟資訊","2008","NTD300","9.3"
"4838589","零阻力的黃金人生","清理內在的瑟多納釋放法","許耀仁、王莉莉","","方智","2010年04月30日","NT$ 240","8.5"
"4215935","塔罗牌占卜完全学习手册","","M. J. Abadie","文軒","白橡文化(永續經銷)","2007年08月01日","NT 280","7.1"
"10452429","念力的秘密","释放你的内在力量","琳内•麦克塔格特(Lynne McTaggart)","梁永安","华夏出版社","2012-1","39.00元","7.9"
"6902720","意念力","激发你的潜在力量","[美]大卫·R·霍金斯","李楠","中国城市出版社","2012-1","28.00元","8.4"
"10747361","遇见心想事成的自己","都市身心灵能量课","张德芬","","湖南文艺出版社","2012-6","33.00元","7.8"
"1345276","塔羅葵花寶典","","向日葵","","尖端出版","2004 年 09 月 22 日","NT$ 220","8.4"
"19963296","一掷千金的上帝","","提姆·凯乐","吕允智","新世界出版社","2012-11","25.00元","9.3"
"6424417","一心走路","一行禅师最伟大的生命觉醒之作","一行禅师","赖隆彦 刘汉生","紫禁城出版社","2011-5","38.00元","8.7"
"3105408","榮格與密宗的29個「覺」","佛法和心理學在個體化歷程中的交叉點","羅布．普瑞斯","廖世德","人本自然文化","2008-4-1","NT$420","8.6"
"1367126","與神對話III","Conversations with God（BookⅢ）","尼爾．唐納．沃許","孟祥森","方智","19991201","200.00元","9.4"
"6894147","妻子，荣耀的帮助者","","黛比·珀尔","张丽丽","南方出版社","2011-9-1","29.80元","8.3"
"1911166","活出自己","让生命拥有一切可能","许宜铭","","中国广播电视出版社","2006-9","25.00元","8.3"
"20390624","療癒密碼","探萬病之源，見證遍布五大洲的自癒療法","Alexander Loyd、Ben Johnson","張琇雲","方智出版社股份有限公司","2012-5","NT$300","7.8"
"6079385","耶稣真貌","","(美)杨腓力（Philip Yancey）","刘志雄","南方出版社","2011-4","32.00元","9.3"
"3317244","阿米III-爱的文明","爱的文明","恩里克·巴里奥斯","赵德明","天津教育出版社","2008-12","22.00元","8.9"
"1556615","梦里晴空","人类精神的探索者","梅.萨藤","马永波","北方文艺出版社","2001-01-01","12.0","8.5"
"6507601","生命喜悦的祈祷","","沈妙瑜","","中国轻工业出版社","2011-4","34.80元","9.3"
"2370820","來自真實世界的聲音 Views from the Real World","在莫斯科、埃森土基、提弗里斯、柏林、伦敦、巴黎、纽约和芝加哥的早","葛吉夫 G.I. GURDJIEFF","黃承晃","方智","2000年07月15日","NT＄280元","9.5"
"2080980","懂得健康","在自我探索中疗愈","麦基卓、黄焕祥","易之新","深圳报业出版社","2007","22.00元","8.2"
"3005066","在爱中修行","","素黑","","南方出版社","2008-3","25.00元","8.1"
"5408900","阴影的力量","在动荡世界找寻爱","【美】迪帕克•乔普拉  黛比•福特 玛丽安•威廉逊","陈寿文 钟蓓","中信出版社","2011-1-1","28.00元","8.1"
"6018571","轮回是战场，菩萨是勇敢的战士","","宗萨蒋扬钦哲仁波切","","佛法出版社","2011-2-14","20","9.3"
"2309208","你就是世界","","克里希那穆提","赵娟娟","海南出版社","2007-10","22.00元","8.4"
"4262949","从破碎到完整","人生的转化","[印度] 克里希那穆提","桑靖宇、程悦","九州出版社","2010-1","29.80元","8.7"
"6098128","简单生活的艺术","","多米妮克·洛罗","王春慧","上海文艺出版社","2011-3","20.00元","7.7"
"25923670","超个人心理学","","〔美国〕布兰特•寇特莱特","易之新 译","上海社会科学院出版社","2014-7","22.80元","8.1"
"1982432","新铁证待判","","[美]麦道卫 Josh Mcdowell","尹妙珍、陈宝婵、伍美诗、晏小萍","宗教文化出版社","2006-12","80.00元","8.9"
"4077967","这个世界的真相","","阿姜·查","果儒","南方出版社","2010-4","28.00元","8.5"
"6027725","生死学十四讲","","余德慧、石佳仪","","中国长安出版社","2011-4","29.00元","8.3"
"2327357","博伽梵歌原意","","圣恩A.C.巴克提韦丹塔·斯瓦米·帕布德","印度","宗教文化出版社","2007-7","58.00元","9.1"
"1761732","水晶光能啟蒙","礦石是你蛻變與轉化的資產","卡崔娜．拉斐爾、Katrina Raphaell","鄭婷玫","生命潛能文化事業有限公司","2006-4-10","NT$250","8.8"
"4134761","跳过墙垣","俗世圣徒大卫","尤金·毕德生（Eugene H. Peterson）","汇思","南京大学出版社","2009-12","26","8.9"
"10868148","改变带来医治","","[美] 亨利·克劳德 博士","顾美芬","甘肃人民美术出版社","2012-6","29.00元","8.8"
"6894125","回家之旅","","【美】茹阿达纳特•斯瓦米","陶楠薇","新世界出版社","2012-1","49.80元","8.4"
"5243469","觉醒与冥想","","[印度]克里希那穆提","陈召强、何正云","海天出版社","2010-9-1","30.00元","8.2"
"3161191","迴旋宇宙序曲","光之靈","Dolores Cannon (朵洛莉絲‧侃南)","","張志華","宇宙花園","2008","9.0"
"26263508","阿克拉手稿","","[巴西]保罗·柯艾略","李玉瑶","南海出版公司","2015-3","28.00元","7.5"
"3211855","心思的战场","","JOYCE MEYER乔依丝·迈尔","林以舜、黄庆苓","以琳","2002-9","NT220","9.3"
"23780851","金刚经修心课","不焦虑的活法","费勇","","华东师范大学出版社","2013-4","32.00元","8.4"
"1859649","生命的不可思议","胡因梦自传","胡因梦","","东方出版中心","2006-8","28.00元","8.1"
"4067264","靈魂之愛","開啟三重心輪、踏上轉化的旅程","珊娜雅．羅曼、Sanaya Roman","羅孝英 Lucia","生命潛能","2009年09月04日","NT$ 350","9.1"
"20563181","巴坦加里的瑜伽经","","沙吉难陀","陈景圆","商务印书馆国际有限公司","2013-3","35.00元","8.3"
"21329286","为何是祂","在一个怀疑世代相信上帝的理由","提姆·凯乐","","吕允智","更新传道会","2012-11-1","9.0"
"4831476","美好人生的挚爱与告别","回归自然的简单生活典范","[美]海伦•聂尔宁","张燕","新世界出版社","2010.6","35.00元","8.6"
"1489218","旷野的声音","","[美] 玛洛·摩根","李永平","九州出版社","2006-01-01","28.00元","8.8"
"1367052","與神對話II","Conversations with God -- An Uncommon Dialogue(Book II)","尼爾．唐納．沃許","孟祥森","方智","19981201","160.00元","9.2"
"1658437","作门徒的代价","","迪希里特·朋霍费尔","","四川人民出版社","2000-01-01","16.0","9.0"
"20371004","生命咖啡馆","生命自由之路","约翰•史崔勒基 (John P.Strelecky)","朱衣","长江文艺出版社","2012-12","32.80元","7.5"
"1367200","與奇人相遇 Meetings With Remarkable Men","第四道大師葛吉夫的靈修之路","葛吉夫 G.I. GURDJIEFF","劉蘊芳、黃梅峰","方智","2000年06月26日","NT$ 320","8.8"
"5407498","真愛的功課","追隨一行禪師五十年","真空法师","陆鸿基、蔡寶瓊、张仕娟、赵茉莉、吕君鸣","梅村香港基金会 进一步多媒体有限公司代理","2010-11","港币128","8.9"
"2365621","心的对话","","克里希那穆提","胡因梦","深圳报业集团出版社","2007-12","22.00元","8.6"
"1418377","夢與意識投射（賽斯書）","Seth, Dreams ＆ Projection of Consiousness","Jane Roberts","王季慶","方智","1998年02月01日","NT$ 350","8.7"
"26615848","当励志不再有效","自我平静的五步锻炼","金木水","","九州出版社","2015-9-21","38.00","7.8"
"4247651","生命不再等待","","佩玛•丘卓","雷叔云","陕西师范大学出版社","2010.1","35.00元","8.6"
"4225194","生活的难题","","克里希那穆提","桑靖宇、程悦","九州出版社","2009-12","29.00元","8.6"
"1423466","单纯的品质","生命的注释Ⅲ","（印）克里希那穆提","徐文晓","华东师范大学出版社","2005-7","24.80元","9.0"
"2527362","The Law of One","The Law Of One
一的法则","RA、Don Elkins","Terry Hsu","Whitford Press","1982","USD 12.99","8.9"
"2352192","启动心的力量","","露易丝·海","李俊仪","广东南方日报","2007-10","25.00元","8.4"
"1761576","陰影.也是一種力量","：化內在陰影為生命動力的﹝榮格陰影進化論﹞","黛比‧福特","黃漢耀","人本自然","20050901","100.00元","8.1"
"4908969","灵魂的目标","从南北交看你的生命道路","大卫·瑞雷(Railey.D.)","蒋颖","云南人民出版社有限责任公司","2010.7","38.00元","7.3"
"20442237","这一生为何而来","海灵格自传·访谈录","【德】伯特•海灵格 著、嘉碧绿·谭·荷","陈丽芬","广东经济出版社","2012-12","39.80元","7.5"
"1359334","荷光者","","尼爾．唐納．沃許","王季慶","方智","20021230","NT$ 150","8.6"
"4767833","恩典多奇异","","杨腓力 (Philip Yancey)","徐成德","中国广播电视出版社","2010-04","28.8","9.2"
"11527197","谦卑","慕安德烈灵修经典（含《内在生活》）","慕安德烈","刘秀慧","西藏人民出版社","2012-7","32.00元","9.1"
"26743650","未來預演","啟動你的量子改變","Dr. Joe Dispenza","謝宜暉","地平線文化","2016-3-10","450","7.7"
"5260230","与生命相约","","一行禅师","明洁、明尧","紫禁城出版社","2010-10","38.00元","8.8"
"1331738","難以置信(II)尋訪諸神的網站","","李嗣涔","","張老師","2004年09月02日","NT$ 280","9.4"
"5253349","解离的真实","继续与唐望对话","卡洛斯·卡斯塔尼达","鲁宓","上海文艺出版社","2010-7","28.00元","8.8"
"2240911","老子心解","换一种眼光看老子","奥修","谦达那","陕西师范大学出版社","2007-9","29.80元","8.7"
"1360193","脈輪能量書1","","'奥修'","'谦达那'","'陕西师范大学出版社'","'2007-9'","'29.80元'","8.9"
"3994012","入中论讲记","入中论完整版","宗萨蒋扬钦哲仁波切","","宗教出版社","2007","50","9.3"
"3778806","天使之藥","亞特蘭提斯天使的神奇靈藥","朵琳．芙秋、Doreen Virtue","陶世惠","生命潛能文化事業有限公司","2009-6-1","NT$340","9.0"
"26276646","灵魂的暗夜","","[荷兰]帕梅拉·克里柏","艾琦","世界图书出版公司北京公司","2015-1-1","45.00元","8.3"
"20283127","活在恩典中","","阿迪亚香提","李思坤","华夏出版社","2013-1","39.00元","8.4"
"6866219","真正的修行","发现纯粹觉知的自由","阿迪亚香提","奥西","华夏出版社","2011-10","29.90元","8.7"
"25810092","如其本来","","克里希那穆提","司哲","万卷出版公司","2014-1-1","32","8.7"
"26383445","开悟者眼中的生命真相","","[美]杰德·麦肯纳","莫里斯","中国青年出版社","2015-4","RMB39","8.7"
"25758333","活得累，学冥想","超简单减压的上班族日常冥想术","（日）宝彩有菜","落沙","中华工商联合出版社","2013-12","22.00","7.9"
"5327868","智慧瑜伽","商羯罗的《自我知识》","商羯罗、斯瓦米•尼哈拉南达英译","王志成汉译并释论","四川人民","2010-9","24.00元","8.6"
"10548353","你当刚强壮胆","","【美】陆可铎（Max Lucado）","柳惠容","南方出版社","2012-3","29.00元","8.8"
"6986029","心灵突破60问","张德芬、马丁纳带你找回生命的大自在","张德芬、[荷] 罗伊·马丁纳","管策","中信出版社","2012-1","28.00元","8.1"
"3013926","靈性復興：科學與宗教的整合道路","","肯恩．威爾伯","龔卓軍","張老師文化","2000-4","TWD 320.00","7.9"
"3021808","祈祷出来的能力","","邦兹 (E.M.Bounds)","滕近辉","宣道出版社","1997","HK$28.00","8.9"
"6985230","神智学","超感官的世界认识与人的天职导论","鲁道夫·施泰纳","廖玉仪","财团法人人智学基金会","2011-7-1","67","9.0"
"10812235","荷欧波诺波诺的幸福奇迹","","伊贺列卡拉·修·蓝博士","周海琴","华夏出版社","2012-5-1","29.00元","8.5"
"2969365","七重山","","(美)多玛斯·牟敦","方光珞、郑至丽","上海三联","20080101","48.00元","8.4"
"19990843","天空之镜","","黎坚惠","","中国戏剧出版社","2012-10-1","136.00元","8.0"
"1372203","內在的火焰－唐望故事","","CASTANEDA, CARLOS魯宓譯","","方智","19970000","NT$ 280","9.2"
"3713669","靈性低潮","","钟马田","","福音证主协会","2005年4月","78","9.1"
"1359201","印加能量療法","Shaman, Healer, SageHow to Heal Yourself and Others with the Energy Medicine of the Americas","阿貝托．維洛多","許桂綿","生命潛能","1991年07月01日","NT$ 280","8.7"
"4015556","天使數字書","發現天使密碼","朵琳．芙秋、Doreen Virtue","王愉淑","生命潛能文化事業有限公司","2009-7-1","NT$250","8.1"
"22601779","与无常共处","108篇生活的智慧","佩玛·丘卓","胡因梦","深圳报业集团出版社","2013-2","28.00元","9.0"
"1358642","質疑克里希那穆提","","J. KRISHNAMURTI等繆妙坊譯","","方智","19980000","NT$ 330","8.4"
"4060789","天路客的行囊","诗篇上行之诗导读","尤金·毕德生（Eugene H. Peterson）","郭秀娟","南京大学出版社","2009-10","22","9.0"
"1418385","心靈探險─賽斯修練法","A Seth Workbook--Create Your Own Reality","Nancy Ashley","王季慶","方智","1994年07月01日","NT$ 180","8.7"
"4186088","当和尚遇到钻石II","善用业力法则 创造富足人生","麥可．羅區格西(Geshe Michael Roach)、克莉絲蒂．麥娜麗喇嘛(Lama Christie McNally)、胡瑞伯(Robet Hou)","吳茵茵","橡樹林文化","20091109","112.00元","8.3"
"25866991","手印","健康握在指尖","迪帕克·杜德曼德","","世界图书出版西安有限公司","2014-4-1","CNY 39.80","7.9"
"11026658","名望，財富與野心","「成功」真正的意義是什麼？","奥修、OSHO","Zahir","麥田","2011-11-11","NT300","8.0"
"2301958","人可能进化的心理学","","Peter D .Ouspensky、邬斯宾斯基","楊斐華","斐华出版社","1979","24.00元","8.2"
"26686645","过好日子的190个基本","","[日]小池龙之介","李颖秋","中国友谊出版公司","2016-1","32.00元","7.5"
"1439496","不逃避的智慧","","佩瑪‧丘卓","胡因夢","心靈工坊","2005年11月07日","NT$ 250","8.7"
"1332025","靈魂轉生的奧秘","","吉娜居明娜","陳家猷","世茂出版有限公司","2013-7","NT$ 300","8.7"
"26326433","瑜伽经的禅修要诀","","夕阳","","中央编译出版社","2015-2-1","48.00元","8.6"
"4747122","通行靈界的科學家","史威登堡獻給世人最偉大的禮物","史威登堡、史威登堡研究會","王中寧","方智出版社股份有限公司","2010-3-25","NT$260","7.7"
"5922748","心灵之药","","伯特·海灵格","周鼎文","世界图书出版公司","2011-1","36.00元","8.5"
"4194910","开启的世界","幸福从未离开你","阿勋","","中信出版社","2010-1","25.00元","7.7"
"24371384","遇见未知的自己","都市身心灵修行课","张德芬","","湖南文艺出版社","2013-5","68.00元","7.9"
"2062160","庄子心解","","奥修","谦达那","陕西师范大学出版社（南京事业部）","2007-6","29.80元","8.8"
"10607781","耶稣也说禅","","梁兆康","胡因梦、张欣云","译林出版社","2012-4-1","36.80元","8.5"
"6963840","草原狼导师","印第安灵魂向导的宇宙合一之道","［美］汤姆•布朗二世","谢维玲","江苏人民出版社","2011-11","28.00元","9.0"
"6310967","一生的呼召","","葛尼斯","林以舜","新世界出版社","2011-4-29","29.00元","8.9"
"1437167","靈魂的符號","從占星學發現你的宿業","Gina Lake","","麥田出版","2005-9-5","NT$320","8.0"
"5291640","灵魂的自由","","伊能静","","万卷出版公司","2010年9月22日","28.00元","7.5"
"1267063","让心自由","托尔特克智者的四个约定","赵希锋","","新世界出版社","2002-09","15.00","8.9"
"3010287","巧合是故意的","看見生命的重要訊息","史逵爾","","陳念萱","方智出版社股份有限公司","Feb 01, 2006","7.1"
"3550605","禅与自在解脱","","艾雅·凯玛","","陈锦书","2009-2","28.00元","8.4"
"5364479","静谧之心","","克里希那穆提","","九州出版社","2010-11-1","28.00元","8.6"
"4229353","情感自由","让自己从消极情感中解放出来","[美] 朱迪斯·欧洛芙","魏志敏","中国商业出版社","2010-1","32.80元","8.1"
"6753671","空性之舞","","阿迪亚香提","李思坤","华夏","2011-8","39.00元","8.4"
"1331681","超越自我之道","","羅傑.渥","易之新","心靈工坊","2003年05月15日","NT$ 450","8.6"
"1971644","与神同在","","'羅傑.渥'","'易之新'","'心靈工坊'","'2003年05月15日'","'NT$ 450'","9.0"
"3010573","遇見心想事成的自己","","''羅傑.渥''","''易之新''","''心靈工坊''","''2003年05月15日''","''NT$ 450''","8.1"
"26384643","整合心理学-人类意识进化全景图","人类意识进化全景图","（美）肯•威尔伯","聂传炎","安徽文艺出版社","2015-5","68","7.8"
"1892443","属灵操练礼赞","靈性增長之道","傅士德","","周天和","香港基督徒學生福音團契","1982","8.9"
"6423681","灵心小史","让爱撬动地球","(法)小德兰","聂传炎、张安毅","吉林出版集团有限责任公司","2011-9-1","25.00元","8.5"
"6517272","慧心自在","阿姜查的禅修疗愈之道","杰克·康菲尔德","维民","海南","2011-6","38.00元","8.8"
"6014494","爱，不是你以为的那样","","'杰克·康菲尔德'","'维民'","'海南'","'2011-6'","'38.00元'","8.5"
"4922703","克里希那穆提画传","众人对这位20世纪最伟大心灵导师的最真实回忆","（美）艾芙琳娜•布劳","吕文静 译","深圳报业集团出版社","2010.7","68.00元","8.6"
"3807973","神操","The Spiritual Exercises of St.Ignatius","圣依纳爵","房志荣","上海光启出版社","2004","RMB 6.00","9.6"
"6872501","開放通靈","如何連結你的指導靈","珊娜雅‧羅曼、杜安‧派克","羅孝英","生命潛能","2011-1-5","NT350","8.4"
"4820443","擁抱你的內在小孩","","'珊娜雅‧羅曼、杜安‧派克'","'羅孝英'","'生命潛能'","'2011-1-5'","'NT350'","9.1"
"2981084","吸引力法则","","(加)迈克尔·劳塞尔","蒋永军","东方出版社","2008-2-1","25.00元","7.5"
"5401928","炼爱","真爱挑战40天","阿莱克斯•肯德里克、斯蒂芬•肯德里克","陶颖颖、美国展望神学院张文文牧师审订","接力出版社","2010-12-1","29.80元","8.8"
"1474445","静心","","[印度] 奥修；陶稀，朱慧","陶稀、朱慧","上海三联书店","1995-05-01","16.8元","8.8"
"4073606","为约会立界线","","亨利·克劳德 , 约翰·汤森德","刘如青","海天出版社","2009-9","30.00元","8.5"
"4278367","好好愛自己","","素黑","","知出版社","2010年01月","HK$62.00","8.0"
"1436700","做个喜悦的人","念处今论","苟嘉陵","","花城出版社","1995年8月","12.4","9.0"
"1367488","勇氣－在生活中冒險是一種喜悅COURAGE:THE JOY OF LIVING DANGEROUSLY","","奧修OSHO黃瓊瑩譯","","生命潛能","20010901","NT$ 300","9.0"
"6313401","生命即当下","","一行禅师","向兆明","中信出版社","2011-4","25.00元","8.5"
"3794437","超越生死門","高等靈界知識與修證法門","'一行禅师'","'向兆明'","'中信出版社'","'2011-4'","'25.00元'","8.0"
"4074775","了解性，超越性—从性到超意识","","''一行禅师''","''向兆明''","''中信出版社''","''2011-4''","''25.00元''","9.3"
"5974322","与神回家","","[美] 尼尔·唐纳德·沃尔什","赵恒","中信出版社","2011-4","30.00元","8.6"
"1360194","脈輪能量書II","","奧修OSHO沙微塔　SEVITA譯","","生命潛能","20040901","NT$ 250","9.1"
"3582276","正常的基督徒生活","","'奧修OSHO沙微塔　SEVITA譯'","''","'生命潛能'","'20040901'","'NT$ 250'","9.6"
"1341738","死亡．奇蹟．預言","Saved by the Light","丹尼.白克雷、羅若蘋译","罗若苹","方智出版社股份有限公司","20011025","NT$ 180","8.3"
"1346471","西藏心瑜珈","","麥可．羅區，譯／項慧齡","","橡樹林","20041210","NT$ 250","9.0"
"10426428","当下觉醒","灵性觉醒之旅的指南","【美国】史蒂芬·鲍地安","【台湾】易之新","译林出版社","2012-2","28.80元","8.5"
"2285229","克里昂靈性寓言故事 The Parables of Kryon","以高層心靈的視界，突破此生的課題與業力","李．卡羅 Lee Carroll","邱俊銘","生命潛能","2007年10月01日","250","9.4"
"4823003","比神更快乐","","尼尔•唐纳德•沃尔什","谢明宪","华文出版社","2010.5.1","28.00元","8.2"
"4245441","三个国王的故事","扫罗·大卫·押沙龙","(美国)吉恩·爱德华 (Gene Edwards)、田超 插图","赵刚","北方文艺出版社","2009-10","20.00元","8.8"
"24755040","你天生就是性愛女神","喚醒愛、智慧、性能量的十堂課","李安妮","","晨星出版有限公司","2010-6-7","NT$300","8.8"
"26585417","冥想，活在当下的练习","","佩玛·丘卓","吕文静","重庆出版社","2015-10-1","38.00元","7.9"
"4879642","大师读心经","人生大境界","弘一法师","","重庆出版社","2010-6","29.80元","8.9"
"4857084","守护者","","埃克哈特•托利、帕特里克•麦克唐纳","陈寿文、钟蓓","中信出版社","2010年8月","28.00元","8.4"
"10502466","与神对话","献给青少年","尼尔·唐纳德·沃尔什","玉冰","人民邮电出版社","2012-3","35.00元","8.2"
"10767378","不再约会","","[美]约书亚·哈里斯","叶蝉芬","中央编译出版社","2012-3","24.80元","8.4"
"24704442","靈魂的出生前計畫","你與生命最勇敢的約定","羅伯特．舒華茲、Robert Schwartz","張國儀","方智出版社股份有限公司","2013-3-28","NT$330","8.3"
"26661766","李中莹亲密关系全面技巧（升级版）","","李中莹","","北京联合出版公司","2015-10","36","8.2"
"2380804","恐惧的由来","","克里希那穆提","凯锋","学林出版","2007-12","15.00元","8.0"
"1105890","生命的重建","","露易丝·海","徐克茹","中国宇航出版社","2008-01-01","22.80元","8.2"
"4932573","身心合一","","肯·戴奇沃迪","邱温","当代中国","2010-12","29.80元","8.1"
"4301498","愛","BEING IN LOVE","奧修 OSHO","Zahir","麥田出版","2010-1-22","NT 320","8.9"
"1151098","埃克哈特大师文集","","[德] 埃克哈特","荣震华","商务印书馆","2003-12","27.00元","8.7"
"5336215","老神再在","奇迹对话录","謝明杰","","商周出版","2010","300","9.3"
"4722608","Alien Interview","","Lawrence R. Spencer","","Lawrence R. Spencer","2008-05-28","USD 18.50","7.7"
"11601992","世界之战","科学与灵性如何决定未来","（英）伦纳德·蒙洛迪诺、（美）迪帕克·乔普拉","梁海英","中信出版社","2012-9","58.00元","7.5"
"3377058","返璞归真","神奇的前世回溯疗法","'（英）伦纳德·蒙洛迪诺、（美）迪帕克·乔普拉'","'梁海英'","'中信出版社'","'2012-9'","'58.00元'","8.4"
"26704957","光之手","人體能量場療癒全書","Barbara Ann Brennan","吕忻洁,黄诗欣","橡树林","2015-9-24","NT899元","8.2"
"3540706","人体特异功能的实验研究与诱发训练","","复旦大学电子工程系人体信息科学研究组编","","复旦大学出版社","1995","10.00元","7.3"
"1352455","當和尚遇到鑽石","","麥可．羅區，譯／項慧齡","","橡樹林","20011030","NT$ 320","9.0"
"25893196","与自己和解：治愈你内心的内在小孩","","一行禅师","汪桥","河南文艺出版社","2014-6-1","29.9元","8.6"
"6969134","凯龙星","靈魂的創傷與療癒","梅蘭妮．瑞哈特","譯者：魯道夫","心靈工坊","2011-11-1","NT$ 880","8.9"
"1456019","到达真爱的旅程","从性到超意识","奥修","林国阳","上海三联出版社","1996","7.20元","9.0"
"25908281","学会思考（精装）","","（印度）克里希那穆提","常霜林","九州出版社","2014-8","55.00","8.0"
"5373553","淡定的力量","","[英] 威廉姆·布鲁姆","杜青","中国友谊出版公司","2010-12","28.80元","6.7"
"1332227","密教超能力咒術","","（日）中冈俊哉","呂棣華","大坤書局","1993年01月01日","NT$ 180","7.5"
"6775832","生而为人","","克里希那穆提","陈雪松","九州出版社","2011-8-1","26.00元","8.5"
"1331720","難以置信：科學家探詢神祕信息場","","李嗣涔","","張老師","2000年07月01日","NT$ 240","8.9"
"4293302","眾神的植物","神聖、具療效和致幻力量的植物","理查.伊文斯.舒爾茲(Richard Evans Schultes)、艾伯特.赫夫曼(Albert Hofmann)、克里斯汀.拉奇(Christian Rätsch)","恆鑣","商周出版","2010-04","NT980","9.3"
"20273179","苹果禅","—25种简单生活禅","一行禅师   张莉莲","刘汉生","现代出版社","2012-11","38.00元","8.1"
"1347979","健康之道：最後的一堂賽斯課（賽斯書）","","珍．羅伯茲，譯／王季慶","","遠流","20050301","192.00元","9.3"
"6892010","这是我的人生，不是别人的","坚持做自己的人生法则","堂•米格尔•路易兹，堂•何塞•路易兹，珍妮特•米尔斯","张金，曹爱菊","中信出版社","2011-11","28.00元","7.5"
"3205460","超功能气功宝典","开发人体特异功能的神通术","俸怀邦、黄明山","","书目文献出版社","1989-06-01","4.2 元","8.3"
"4327996","親愛的，別把上帝縮小了","","爱德华.韦尔契、Edward T. Welch","顾蓓晔、李台莺","天恩出版社","2009年06月初版","NT$225","9.2"
"19941238","预备成为帮助者","","黛比·珀尔","","张丽丽","2012-10","32.00元","8.4"
"5340502","失落的幸福经典","","佛罗伦斯·西恩","赖佩霞","中国轻工业出版社","2010-8","16.80元","8.3"
"26107847","丰盛的恩典（基督教经典译丛）","","【英】约翰·班扬","苏欲晓","生活·读书·新知三联书店","2014-9","33.00","8.1"
"10601559","上帝的情书","上帝的情书","(美) 杨腓力","徐成德","新世界出版社","2012-5","24.00元","8.7"
"1427846","解讀地球生命密碼","Earth : Pleiadian keys to the living library","芭芭拉．馬西尼克","翁靜育","世茂","1999年06月15日","NT$ 270","8.5"
"1789108","发现心中的日月","帮助青少年完善自我的名人故事","刘娜、王墨馥 编著","","重庆出版社","2010-6","16.50元","9.3"
"10745487","精读本圣经","","'刘娜、王墨馥 编著'","''","'重庆出版社'","'2010-6'","'16.50元'","8.1"
"1332023","來自靈界的答案","","蘇菲亞．布朗、琳賽．哈理遜、Sylvia Browne、Lindsay Harrison","黃漢耀","人本自然文化事業有限公司","2005-7-1","NT$260","7.7"
"4861583","抛开妄想，告别任性","","吴九箴","","中国发展出版社","2010-6","25.00元","7.9"
"1427850","通靈工作坊","綻放你內在的直覺力與靈性潛能
The Psychic Workshop","金．雀絲妮、Kim Chestney","許桂棉","生命潛能","2005年08月05日","NT$ 280","8.1"
"1957786","人的破碎与灵的出来","","'金．雀絲妮、Kim Chestney'","'許桂棉'","'生命潛能'","'2005年08月05日'","'NT$ 280'","8.5"
"1422191","另一宇宙來的人","研究人天科學的實錄","冠玄","","明窗出版社","1994","HK$ 40","7.8"
"1316620","花香满径","","维廉·巴克莱","余也鲁","作家出版社","1996-3","20.00元","8.2"
"23788417","铃木大拙说禅","","[日] 铃木大拙","张石","浙江大学出版社","2013-4","45.00元","8.3"
"4177973","再連結療癒法","來自宇宙能量的治療奇蹟","艾力克．波爾","黃愛淑","生命潛能","2009年11月01日","NT$ 380","8.9"
"7053270","玛雅日历2012","","李欣频","","印刷工业出版社","2011-12","38.00元","6.5"
"10529545","再见耶稣","海灵格谈成功的思维","伯特·海灵格","","世界图书出版公司","2012-1","36.00元","9.1"
"10494256","活在当下","","[美]拉姆•达斯","王国平","吉林出版集团有限责任公司","2012-3-1","27.00元","6.5"
"11620528","与指导灵沟通","約書亞靈訊和靜心練習","Pamela Kribbe、潘蜜拉‧克里柏","艾琦","方智","2012-7-25","NT$230","8.2"
"4035941","与马同跑","耶利米的非凡人生","尤金·毕德生","张秀兰","南京大学出版社","2009年","18","8.9"
"3277935","室利·罗摩克里希那言行录","","（印）格塔原","王志成","北京-宗教文化出版社","2008-8","48.00元","8.3"
"26291539","正念冥想","遇见更好的自己","阿里迪纳 (Shamash Alidina)","","人民邮电出版社","2014-10-1","CNY 49.00","7.6"
"5260073","最简单的方式","","玛贝尔·卡茨","宋小飒","华夏","2010-8","29.00元","8.1"
"4214860","绅士生活","男人的得体与优雅","[英] 爱德华·伯曼","李钊平、张跣","当代中国出版社","2010-1-1","30.00","7.3"
"1408609","心靈成長－地球生命課程","","荷西．史帝文斯","陳麗昭","世茂","1999年05月20日","NT$ 300","9.3"
"1423465","爱与思","","克里希那穆提","范佳毅","华东师范大学出版社","2005-7","26.00元","8.8"
"26585473","上帝的火柴","用安徒生童话点亮心灯","'克里希那穆提'","'范佳毅'","'华东师范大学出版社'","'2005-7'","'26.00元'","8.2"
"3041616","奥秘心理学","","奥修","","金晖、王建伟","上海三联","1998","8.6"
"1408607","克里昂—現世文明的最後時刻","","'奥修'","''","'金晖、王建伟'","'上海三联'","'1998'","8.0"
"5989473","生命的重建","","露易丝•海 (Louise Hay)","","中信出版社","2011-2-1","28.00元","7.9"
"26700517","通往天堂的入口","","[英] 卡伦·L.弗伦奇","吴冬月","中国友谊出版公司","2016-2-1","68.00","7.8"
"3838032","给孩子们的信","","C.S.路易斯","余冲","华东师范大学出版社","2009-07","19.80","9.1"
"2262410","關於靈魂的21個祕密","美國知名靈媒給世人的靈性覺醒忠告
If You Could See What I See","蘇菲亞．布朗、Sylvia Browne","李怡萍","人本自然","2007年09月01日","140.00元","8.0"
"1418387","心靈的本質（賽斯書）","","Jane Roberts","王季慶","方智","1997年06月01日","NT$ 250","9.3"
"2133692","My Utmost for His Highest","An Updated Edition in Today's Language","Oswald Chambers","","Discovery House Publishers","1992-07","USD 14.99","9.7"
"2134786","觉悟之道","佛陀最直接的教导","那烂陀","学愚","山东人民出版社","1996-7-","38.00元","9.1"
"4893616","占星相位研究Aspects in Astrology","","蘇．湯普金 Tompkins, Sue","胡因夢","積木文化股份有限公司","2010-6-15","NT$500","8.9"
"25873654","不纠结的修行","","小池龙之介","李颖秋","印刷工业出版社","2014-5","29.80元","7.3"
"5341571","地心文明桃乐市（第一册）","","'小池龙之介'","'李颖秋'","'印刷工业出版社'","'2014-5'","'29.80元'","9.2"
"25910940","西游原旨","","(清)刘一明","","中央编译出版社","2014-7","78.00元","8.0"
"10580991","觉醒之旅","365天都市身心修行课","[美] 马克·尼波","曾琳、赵菁","南方出版社","2013-2","38.00元","8.2"
"3925873","大乘百法明门论讲记","大乘百法明门论讲记","广超法师 讲述","","复旦大学出版社","2009-7","26.00元","8.8"
"7006517","刹那冥想","熙攘俗世中，还你清净心","[美]马丁·保罗森（Martin Boroson）","张颖颖","世界图书出版公司","2011-12-1","22.00元","8.3"
"4712849","神的形象","","杨腓力（Philip Yancey）、保罗•班德（Paul Brand）","高庆辰","新世界出版社","2010-02","28.00元","9.1"
"1082832","生命的七大精神法则","","乔普拉 (Chopra Deepak)","覃学岚","海南出版社，三环出版社","2004-4","16.8","8.8"
"2245997","把好運吸過來","突破現狀的吸引力法則","琳·葛雷朋、Lynn ggrabhorn","周俐伽","方智出版社股份有限公司","2001年6月","NT$280","8.2"
"4222475","天堂教我的七堂課","Secrets of the Light : Lesson from Heaven","Dannion Brinkley","張國儀","方智出版社","2009-10","70.00元","8.9"
"23008777","论真理","克里希那穆提系列文集","[印]克里希那穆提","罗若蘋","中信出版社","2013-5-1","35.00元","8.9"
"10862347","生命的重建2","","露易丝·海","","杨南超","2012-8","35.00元","8.4"
"5299299","前世的愿望是今生的际遇","","罗伯特·施瓦茨","段淳淳、马飞剑","江苏人民出版社","2010-10","25.00元","8.1"
"1437359","力量的传奇","","（美）卡斯塔尼达、鲁宓译","","内蒙古人民出版社","1999年1月第一版","17.50","9.1"
"26610897","快乐就这么简单","龙泉寺见行堂语系列漫画第三部","学诚法师   著、贤书 贤帆  绘","","华文出版社","2015-10","39.8","8.5"
"4890641","天·藏","","宁肯","","北京十月文艺出版社","2010-6-1","36.00元","8.6"
"6731393","活着即修行","","南直哉","王玥","中信","2011-7","28.00元","7.4"
"6845717","我是谁","在纷扰的世界中找回自我的精神力量之旅","【西班牙】爱德华多·普塞特·卡萨尔斯","王路","现代出版社","2011-11","29.80元","6.9"
"6007305","愤怒之舞","","[美]哈丽特·勒纳","张婕","中国城市出版社","2011-1","28.80元","8.6"
"2159947","参禅日记","","'[美]哈丽特·勒纳'","'张婕'","'中国城市出版社'","'2011-1'","'28.80元'","8.6"
"1386889","大脑的秘密档案","","Rita Carter","洪蘭","遠流","2002-01-01","NT$ 360","7.5"
"6403625","淨化脈輪引導式冥想","","Doreen Virtue, Ph.D.","","陶世惠 Phar","生命潛能","2011-4-6","8.4"
"2384364","Peace Is Every Step","The Path of Mindfulness in Everyday Life","Thich Nhat Hanh","","Bantam","1992-3","USD 15.00","8.7"
"1395436","塞莱斯廷预言Ⅱ第十种洞察力","","James Redfield","李松梅","昆仑出版社","1998","18.80","7.1"
"4820559","沙漠的智慧","The Wisdom of the Desert","多玛斯．牟敦Thomas Merton","香港公教真理学会","香港公教真理学会","1989年10月","港币30元","8.3"
"6967540","《加拉太书》注释","","马丁·路德","李漫波 译","生活·读书·新知三联书店","2011-11","28.00元","9.4"
"2278308","生命輪迴","超越時空的前世療法","布萊恩．魏斯（Brian L. Weiss）","譚智華","張老師文化","2006-05-01","NTS270","8.4"
"5340971","放下，刹那花开","","町原","","团结出版社","2010-11","29.80元","7.7"
"2227642","你是做梦大师","","蓋兒‧戴蘭妮","黄汉耀","张老师出版社","1998-4","18.00元","7.6"
"5297205","一辈子做女孩2——承诺","","伊丽莎白·吉尔伯特","于非","湖南文艺出版社","2010-10","29.80元","7.2"
"6829168","唤醒能量","","克裡希那穆提","李赫楠","九州出版社","2011-7","29.00元","8.7"
"5405128","生命的重建","","（美）露易丝　著，","方颖","中信出版社","2011-1-25","29.00元","7.6"
"6006409","生命数字密码","总有一个数字掌控着你的命运","苏醒","","文艺出版社","2011-3-25","29.80元","7.7"
"4278490","邀請你的指導靈","讓神聖團隊支持你","桑妮雅．喬凱特、Sonia Choquette","邱俊銘(Ethan)","生命潛能文化事業有限公司","2010-1-4","NT$ 380","8.2"
"1418379","未知的實相（賽斯書）一、二卷","The 'Unknown' Reality","Jane Roberts","王季慶","方智","1994年12月01日","NT$ 600","9.1"
"25930051","人類圖：找回你的原廠設定","","Chetan Parkyn","賴孟怡","橡實文化","2013-5-23","450","7.5"
"6952711","生命之光","一位瑜伽大师获得力量、优雅与疗愈的真实记录","[美] 马克思·斯多姆","王博","中信出版社","2011-10","38.00元","8.2"
"25853217","一切都是最好的安排","","加措","","中国友谊出版公司","2014-3-1","CNY 39.80","6.7"
"2133617","大天使神諭占卜卡：45張精美大天使卡＋書+雅致絲絨袋","Archangel Oracle Cards：A 45-Card Deck and Guidebook","朵琳．芙秋博士","王愉淑Ra Sha","生命潛能","2007年07月01日","NT$ 680","9.7"
"1338144","奧修說女人","","奧修","陳明堯","布波族出版","2002年10月01日","NT$ 260","8.8"
"26681849","爱不曾遗忘任何人","告别娑婆3","葛瑞 雷納（Gary R. Renard）","","蔡孟璇","橡實文化","2015-7-23","8.3"
"1775301","上帝唇边的长笛","","奥修","","东方出版中心","1996","17.50","9.2"
"3113156","有求必應","22個吸引力法則","伊絲特、傑瑞‧希克斯","鄧伯宸","心靈工坊文化","20080501","320台币","8.5"
"6890297","莫测树下","","尤金•毕德生 Eugene H. Peterson","吴燕来","中国广播电视出版社","2011-10","25.00","9.3"
"3103049","Thiaoouba Prophecy","","'尤金•毕德生 Eugene H. Peterson'","'吴燕来'","'中国广播电视出版社'","'2011-10'","'25.00'","8.1"
"5908575","气场的秘密","","泰德·安德鲁斯","贾毓婷","新世界出版社","2011-1","25.00元","5.7"
"2160751","活出美好","","約爾．歐斯丁","程佩然","保羅文化","2005年09月05日","380元新台币","8.1"
"4209407","专注的惊人力量","（专注当下顺应生命之流，“吸引力法则”宗师希克斯夫妇笃行30年精华","埃斯特·希克斯  杰瑞·希克斯","邢鑫","中国城市出版社","2010","29.80元","7.2"
"25983893","瑜伽•生活禅","","'埃斯特·希克斯  杰瑞·希克斯'","'邢鑫'","'中国城市出版社'","'2010'","'29.80元'","8.6"
"1460381","沙的智慧","奥修智慧金言系列","奥修","林国阳","学林出版社","1996","16.00","8.6"
"3997930","巴夏","來自未來的生命訊息","'奥修'","'林国阳'","'学林出版社'","'1996'","'16.00'","8.4"
"1423464","思考从结论开始吗","生命的注释Ⅲ","（印）克里希那穆提","徐文晓","华东师范大学出版社","2005-07-01","24.80元","8.8"
"3280857","雅比斯的祷告","扩张你的生命境界","'（印）克里希那穆提'","'徐文晓'","'华东师范大学出版社'","'2005-07-01'","'24.80元'","8.8"
"3885660","生命不仅仅如此","辟谷记","樊馨蔓","","海南出版社","2009-9","30.00元","8.2"
"10750459","慢慢喝水，就能消除焦虑的慢动作冥想法","","阿鲁老和尚（Alubomulle Sumanasara）","酸奶","江苏文艺出版社","2012-6-1","28.00元","7.6"
"3202123","大成就者之歌（上：法源篇）","祖古·乌金仁波切灵修回忆录","'阿鲁老和尚（Alubomulle Sumanasara）'","'酸奶'","'江苏文艺出版社'","'2012-6-1'","'28.00元'","9.0"
"2284446","梦参禅学系列:修行.随缘.禅·简单启示","梦参禅学系列1、2、3","梦参","","海南","2007-9","66.00元","8.9"
"21318023","内在父母与内在小孩的拥抱","成长与疗愈的超个人心理策略","米杉","倪男奇","世界图书出版公司","2013-1","36.00元","8.7"
"4212459","心的导引","宁静安住的禅修之道","萨姜米庞仁波切","周和君","海南出版社","2010-1","25.00元","8.4"
"5373686","承认不完美，心灵才自由","","'萨姜米庞仁波切'","'周和君'","'海南出版社'","'2010-1'","'25.00元'","7.0"
"3070942","如实生活如是禅","","林谷芳、孙小宁","","山西人民出版社","2008-4","28.00元","8.3"
"3272443","生命的教导","","（德）瑞哈夏","谦达那","中国广播电视出版社","2008-10","55.00元","8.0"
"2117867","小靈魂與太陽","The little soul and the sun :a children’s parable adapted from Conversation with God","尼爾‧唐納‧沃許","劉美欽","方智","2001年05月09日","NT$ 129","9.5"
"2216161","心灵花园","","马丁·路德等","","西藏人民出版社","2007-7","26.00元","8.9"
"3013759","奉耶稣的名","属灵领导新纪元","亨利.卢云神父（荷兰）","李露明","香港基道出版社","2001","港币 43元","9.4"
"1367288","全然的自由（上）－克里希那穆提要義","","克里希那穆提 (Jiddu Krishnamurti)","廖世德","先驗","2004年12月08日","NT$ 300","8.1"
"3434994","占星学","（上）","'克里希那穆提 (Jiddu Krishnamurti)'","'廖世德'","'先驗'","'2004年12月08日'","'NT$ 300'","9.3"
"3733323","重塑心灵","","许宜铭","","中国轻工业出版社","2009-5","29.80元","8.3"
"19954280","卖掉法拉利的高僧","获得圆满人生的7项美德","[加]罗宾·夏玛(Robin Sharma)","宋晓丽","浙江人民出版社","2012","36.90元","7.6"
"4006535","神的杰作","身体奥秘的发现之旅","保罗•班德（Paul Brand）、杨腓力（Philip Yancey）","吴文秋","新世界出版社","2009-10","22.00元","8.7"
"5581690","当好男人遇上试探","","比尔·佩金斯","杨高俐理","新世界出版社","2010-12","23.00元","8.6"
"4932919","黄庭禅","","张庆祥","","百花洲文艺","2010-7","29.00元","8.3"
"11601379","生命的真相","葛吉夫的第四道","珍妮·迪·萨尔斯曼","","孙霖","2012-8","39.00元","7.5"
"19899498","花精物语","生命的38种痛与美","王晓莉","","河北科技出版社","2012-9-1","36.00元","8.9"
"19963287","诸神的面具","金钱、性爱与权力的空洞承诺，以及脱离它们的盼望","提姆·凯乐","吕允智","新世界出版社","2012-11-1","32.00元","9.0"
"1367665","直覺式塔羅牌","","謙達那","","奧修出版社","2001.11.26","NT$ 1250","8.4"
"5372473","心灵的重建","《生命的重建》实践进阶手册 ，20年经典首次中文简体版！","路易丝·海","萧顺涵","华文出版社","2010-12","22.80元","8.0"
"1950044","生命、爱与欢笑","无生命不應該只是變老它必須 成長","奥修","陶稀","上海三联书店","1995-09-01","8.00 元","9.1"
"4015601","30天學會靈魂出體","","Rick Stack","賽斯編譯小組","賽斯文化","2009年07月01日","NT$250","7.3"
"2160114","印加巫士的智慧洞見","成為地球守護者的操練與挑戰","阿貝托．維洛多博士 Alberto Villoldo,Ph.D.","奕蘭","生命潛能","2007年07月30日","280元","8.1"
"26940246","最美的生命","","丹真绒布","","陕西师范大学出版总社","2017-1","39元","9.0"
"1427682","The Ra Material: An Ancient Astronaut Speaks (The Law of One , No 1)","An Ancient Astronaut Speaks","Don Elkins、James Allen McCarty、Carla Rueckert","Terry Hsu","Donning Company Publishers","May, 1984","USD 14.99","9.3"
"25693212","接纳生命中的不完美:承认不完美,心灵才自由","","马登","罗俊英","中国华侨出版社","2013-7-1","32.00元","9.2"
"3189696","两个人的孤独","","素黑","","深圳报业集团出版社","2008-8","25.00元","7.2"
"1082496","黑门山路","心灵福音书","考门夫人","阳东、信实","陕西师范大学出版社","2003-09-01","68.0","8.7"
"1870844","生命密码","","（加拿大）蓝宁仕","邱紫颖","内蒙古人民出本社","1998.2","15.8","7.2"
"1859392","不再一樣","察驗並活出神的旨意","布克比、金科德","","香港浸信會","1995","NT$ 530","9.8"
"2227151","靈氣為你帶來豐盛","遠離匱乏、體驗豐盛的42天靈氣方案","萊絲蜜．寶拉．賀倫、Paula Horan","胡澤芬","生命潛能文化事業有限公司","2007-8-1","NT$220","8.7"
"4039401","放下的幸福","","圣严法师","","长江文艺出版社","2009-8-1","23.00元","8.1"
"4243315","寻找精神家园","","(美)亨利·戴维·梭罗","方碧霞","外语教学与研究出版社","2010-1","20.90元","8.4"
"6852021","与内心的小孩对话","如何治愈你的童年创伤","【美】金伯利•罗斯、弗雷达•弗兰德曼博士","王小亮","金城出版社","2011-8","26.80元","7.6"
"4152155","英雄大爱","","胡银芳","","华夏","2010-1","29.00元","7.6"
"20493040","来自心上的答案","生活是最好的修行","释一行","颜和正","线装书局","2013-1","29.00元","8.9"
"4748894","情绪的力量","如何打开幸运之门","佩吉•麦科尔","缪静芬","中信出版社","2010年4月","24.00元","7.7"
"26051394","靜坐的科學、醫學與心靈之旅","21世紀最實用的身心轉化指南(隨書附贈60分鐘靜坐導引與音樂CD)","'佩吉•麦科尔'","'缪静芬'","'中信出版社'","'2010年4月'","'24.00元'","7.8"
"4251258","卡巴拉智慧","如何在不确定的世界找到和谐的生活","迈克尔·莱特曼","李旭大","天津社会科学院出版社","2010-2","25.00元","7.6"
"26728772","对生命说是","一切痛苦只因说“NO”，一切幸福只因说“YES”！台湾诚品、金石堂销量N","[澳]奥南朵","翠思","北京联合出版公司","2015-8-1","45.00","7.9"
"3024819","浪子回头","一个归家的故事","卢云神父","徐成德","台北校园书房出版社","1997年","新台币170元","9.4"
"6722287","三分钟爱上催眠","NGH美国催眠师协会专业催眠师廖云钒独创“健康催眠”概念，让你夜夜好","廖云钒","","云南人民出版社","2011-7","35.00元","6.4"
"25902141","正见","佛陀的证悟","'廖云钒'","''","'云南人民出版社'","'2011-7'","'35.00元'","8.1"
"4246438","与自己的生命对话","让生命发声","帕克·巴默尔","吴佳绮","中华工商联合出版社有限责任公司","2010-1","19.80元","7.8"
"1248766","稳行高处","","汉娜﹒何纳德(Hannah Hurnard)","王汉川","中国工人出版社","2003-9","18.00元","8.4"
"3248865","活着，就要幸福","","[韩]法顶禅师","柳奇奇","二十一世纪出版社","2008.11","28.00元","8.6"
"3569853","尋覓孿生的靈性伴侶","","Maurie Pressman、Patricia Joudry","劉蘊芳","智慧事業體有限公司","2001-11-1","NT$200","7.8"
"4001861","与神同行","","莱尔","","赵中辉","改革宗出版社 , 台北","NT$170","9.5"
"11589955","来，做我的光","","Mother Teresa、Brian Kolodiejch","骆香洁","中信出版社","2012-9","58.00元","8.6"
"3012933","黎明路上","靈修日誌","卢云神父","罗燕明","香港基道出版社","2002","港币78元","9.0"
"1266197","宽恕就是爱","","(美)费里尼","","中国社会出版社","2004-01-01","22.00元","8.3"
"11444869","內觀瑜伽","結合禪修與中醫的療癒之道","莎拉．鮑爾思 （Sarah Powers）","謝瑤玲","橡樹林文化","2011-3","NT$380","8.9"
"5377591","开启潜意识","看透你未知的心","阿勋","","中信出版社","2010-12","25.00元","8.3"
"2157500","每日与主同行","","'阿勋'","''","'中信出版社'","'2010-12'","'25.00元'","8.6"
"4294466","沉思课","","艾内斯·艾斯华伦(Easwaran.E.)","高天羽","吉林出版集团有限责任公司","2010年02月","27.00元","8.1"
"3810394","磐石之上","掌握救恩要义 稳健属灵生命","傅格森","Virginia Yip（叶从容）","改革宗出版社","2008","TWD 330","9.3"
"4855578","麻雀变凤凰","女人就要活出女人的样子","(美)艾杰奇","平山","重庆出版社","2010年5月","28.00元","8.0"
"1292291","白云之道","","奥修(Osho)","谦达那","上海三联书店","1998","13.50","8.8"
"4825563","财富吸引力法则","获得财富、健康和幸福的实践法则","埃斯特•希克斯、杰瑞•希克斯","邢鑫","中国城市出版社","2010-5","28.80元","7.5"
"25872084","神秘现象探索","揭秘灵界生命","苗兴壮","","北京燕山出版社","2013-11-1","35.00元","7.2"
"19989305","做才是得到","索达吉堪布给你点滴加持","索达吉堪布","","甘肃人民美术出版社","2012-11-1","38.00元","8.4"
"4817594","觉知生命的七封信","","焦谛卡禅师","果儒法师","南方出版社","2010-4","26.00元","8.5"
"6027375","华理克读经法","","华理克","","傅湘雯","2011-3","28.00元","7.9"
"3337250","在覺知中創造十大法則","","弗瑞德．思特靈、Fred Sterling","黃愛淑","生命潛能生命潛能文化事業有限公司","2008-10-1","NT$360","7.9"
"1007652","禅","生命的微笑","郑石岩","","广西师范大学出版社","2004-05","15.00元","8.1"
"3269870","奥义书","","乃文","","中国致公出版社","2008-11","16.00元","8.3"
"1291214","生活智慧","","奥修","林国阳","学林出版社","1996年1月1日","22.5","9.0"
"6021817","另一个上帝","心灵大师被封禁的觉醒书","[印] 安东尼·德·梅勒、来国强、戚晔 绘","孙张静","湖南人民出版社","2011-4","28.00元","8.1"
"3753941","我爱吕西安","","帕特里夏·圣约翰","王培洁","中央广播电视大学出版社","2009-5","22.00元","9.2"
"1332065","密宗譚崔的精神與性","","奧修大師","謙達那","奧修出版社","1992年05月01日","NT$ 200","8.2"
"5923924","MBA女巫帶你開通能量","七堂神奇的脈輪課","MBA女巫YoYo","","方智出版社","2010-12-27","320","8.4"
"26715299","《马可福音》释经默想","","莱尔","梁曙东","生活·读书·新知三联书店","2016-2","38.00","8.0"
"2117870","與神合一","Communion with God","尼爾．唐納．沃許","王季慶","方智","2001年11月26日","NT$ 280","8.7"
"1938230","Healing Pluto Problems","","Donna Cunningham","Red Wheel","Weiser","1986-05-01","USD 19.95","9.4"
"25662148","南师所讲呼吸法门精要","","刘雨虹","","上海书店出版社","2013-8-1","CNY 20.00","8.6"
"26256971","新零极限","透过未完成的清理，再度脱胎换股的秘密","乔·维泰利","彭展","中国青年出版社","2015-1-1","33.00元","8.2"
"26605714","与神对话3","","尼尔•唐纳德•沃尔什","李继宏","江西人民出版社","2015-8-10","CNY 68.00","7.2"
"3526023","效法耶稣的服侍","Jesus Driven Ministry","费兰度(Ajith Fernando)","郑名芝","福音证主协会","2006","98 HK","8.9"
"1256284","谋生之道","","克里希那穆提","廖世德","九州出版社","2005-3","22.00元","8.4"
"26546733","鳴響雪松系列1：阿納絲塔夏","","弗拉狄米爾．米格烈","王文瑜、李裕泰","拾光雪松出版有限公司","2014-10-1","NT350","9.0"
"1439458","心我论","对自我和灵魂的奇思冥想","[美] 道格拉斯.R.霍夫施塔特(Douglas R.Hofstadter)、[美] 丹尼尔·C.丹尼特(D.C.Dennett)","陈鲁明","上海译文出版社","1999","15.40元","8.6"
"26556930","生命之树","个人成长与能量疗愈","[美] 凯思•雪伍（Keith Sherwood）","王岩","中国文联出版社","2015-7-1","45.00元","8.0"
"4882456","有话问苍天","","[美] 杨腓力（Philip Yancey）","黄陈妙玲","中国电影出版社","2010-06","28.00元","8.7"
"26306760","生命的所有可能","冥想、觉知、探究生命潜能","克里希那穆提","","王晓霞","2015-1","32.8","8.0"
"1360237","再次成為孩子－奧修說孩童","","奧修，譯／林群華","","華（吉吉）","20040924","NT$ 280","9.6"
"3528012","坦呈自我","","苏珊·赛森格","李茁","北京大学出版社","2009-1","38.00元","8.7"
"6791741","步行冥想","第一本有关心境的漫步减压书","一行禅师、阮英明香","宁凡","湖南师范大学出版社","2011-9","28.00","7.3"
"20438719","生活，原本可以更美","一些你了解但却忽视的智慧","[英]迪恩•坎宁安","马跃","商务印书馆","2012-11","19.90元","7.4"
"25850143","我们真正的归宿","","[泰]阿姜查","法园编译群","商务印书馆","2013-12","25.00","8.6"
"10566302","富在工作","","[美]伊贺列卡拉·修·蓝博士、[日]河合政实","刘滌昭","华夏出版社","2012-3","29.00元","7.6"
"3611687","祷告","Prayer: Does It Make Any Difference?","楊腓力(Philip Yancey)","","徐成德、黃梓恩、應仁祥","校園書房出版社","2008年09月01日","9.4"
"2240394","吸引力法则","","华莱士·沃特尔斯","李外","中国发展","2007-8","25.00元","7.0"
"10607702","宽恕就是爱2","拥抱真我","保罗·费里尼","杨倩","印刷工业","2012-5","29.80元","7.9"
"6002631","逆境中的祝福","","[美]奥斯•希尔曼（Os Hillman） 著","","王培洁","2011-2","28.00元","8.3"
"6773038","生命的完整","","克里希那穆提","","九州","2011-7","29.80元","8.9"
"25857408","心静了，世界就静了","","'克里希那穆提'","''","'九州'","'2011-7'","'29.80元'","7.2"
"3126372","心想事成的秘密","思想心灵指导的权威之作","[美]杰里·希克斯 艾斯特·希克斯","陈燕茹","群言出版社","2008-6","25.00元","7.6"
"6901549","完全饶恕","","柯恩德","","刘可洲","2011-11","26.00元","9.0"
"10524093","改变大脑的灵性力量","","安德鲁•纽伯格、马克•瓦德门","邓伯宸","译林出版社","2012-3","28.80元","7.4"
"2977280","降伏其心","","'安德鲁•纽伯格、马克•瓦德门'","'邓伯宸'","'译林出版社'","'2012-3'","'28.80元'","9.0"
"3193134","人生观的故事","The Good Life","[美] 查尔斯•寇尔森、哈罗德•费科特","钟昊","西藏人民出版社","2008-8","45.00元","8.8"
"4244650","没有你的故事，你是谁？","中国少年儿童百科全书","拜伦•凯蒂","屠永江","北方妇女儿童出版社","2010-10-1","19.80元","6.9"
"3900685","生命的重整","","巴刻","文逢參","宣道出版社","2001年11月","54","9.5"
"26411434","重遇未知的自己","爱上生命中的不完美（增订本）","张德芬","","湖南文艺出版社","2015-6","38.00","7.5"
"1981332","通靈教戰手冊","開發你的通靈潛能","莎夏．芳鄧","朱玫菁","萊韻","2007年01月10 日","NT$ 280","6.8"
"1439636","指導靈，我的朋友‧我的影子","","泰德‧安德魯斯、Ted Andrews","林惠瑟","自然風文化事業股份有限公司","2001-11-1","NT$ 250","7.4"
"1888099","馨香的没药/Sweet Smelling Myrrh","盖恩夫人传略","盖恩夫人","俞成华","台湾福音书房","2008","3","8.7"
"26556957","阿玛斯开悟自传","","阿玛斯（A.H.Almaas）","林群华、胡因梦","中国文联出版社","2015-7-1","45.00元","6.6"
"2368198","一生必读的关于信仰与人生的30部经典","从《忏悔录》到《复活》","齐宏伟","","江西人民出版社","2008-1-1","32.00元","8.5"
"4060733","做人的佛法","《善生经》和《大乘本生心地观经》讲记","净慧法师","","文化艺术出版社","2009-10","26.00元","9.1"
"4854924","米尔顿的秘密","","埃克哈特·托利、罗勃·弗里德曼、法兰克·瑞奇欧","","张德芬","2010-6","29.80元","7.9"
"25981306","少有人走的路4","心灵地图","托马斯 摩尔（Thomas Moore）","严冬冬","中国商业出版社","2014-4-1","32.8","7.4"
"5044643","负面思考的力量","","最上悠","黄玉萍","华夏出版社","2010-8","29.00元","7.3"
"24533105","生命这出戏","","希阿荣博堪布","","华文出版社","2013-5","38.00元","8.5"
"4233071","静思语","","证严上人","","复旦大学出版社","2010-1","58.00元","8.8"
"3778814","如何聆聽天使訊息","","朵琳．芙秋博士、Doreen Virtue, Ph.D.","王愉淑","生命潛能","2009","NT$240","8.4"
"2101454","与天堂对话","Talking to heaven","詹姆斯·范·普拉格","陆朴、杜岚","昆仑出版社","1999.1","15.50","8.6"
"10781603","风闻有你","","【美】琼妮•厄尔克森•多田（Joni   Eareckson Tada）、史蒂夫•埃斯提（Steve Estes）","","团结出版社","2012-5","29.00元","9.2"
"10440537","淡定","内心强大的力量","戴尔·卡耐基","马剑涛、肖文健编译","中国华侨出版社","2012-2","32.00元","7.4"
"2311715","叛逆的靈魂","奧修自傳","奧修","","黃瓊瑩","生命潛能文化事業有限公司","Jan 01, 2003","9.0"
"3279764","The Twelve Houses","Exploring the Houses of the Horoscope","Howard Sasportas","Flare Publications","London School of Astrology","2007-8-22","GBP 18.99","8.8"
"3267944","《秘密》的秘密","大获成功的畅销书解密","（美）凯伦·凯利","江唐","中国长安出版社","2008-10","26.80","7.4"
"6903272","猫的禅","我的心灵修行课","(美)坦西","叶红婷","同心出版社","2011-12-1","29.80元","7.0"
"2023782","罗马城的小丑戏","对独处、独身、祷告及默观之反省","卢云神父","袁达志","基道书楼","1990","港幣$43","9.0"
"1756645","禅的智慧","","圣严法师","单德兴","上海三联书店","2006-1","25.00元","8.4"
"26307846","贤德的妻子","做合他心意的帮助者","[美] 玛莎·佩斯","肖莉、杨小隆","华夏出版社","2015-1","38.80","7.6"
"4334314","拙火瑜珈","史上最奥秘的生命原能","斯瓦米韦达·帕若堤","","石宏","2010-4","28.00元","8.2"
"5346154","佛陀之心","","一行禅师","方怡蓉","海南出版社","2010.10.01","32.00元","9.0"
"1470244","美赫巴巴语录","","美赫巴巴、Meher Baba","田心","澳大利亚悉尼世界轴心出版社","2004","30元","7.9"
"10560601","呼吸的科学","","威廉·沃克·阿特金森","邱宏","天津人民出版社","2012-3","29.80元","7.8"
"10600369","不可思议的色彩能量书","","杰米·琳","","贾毓婷、纪春莲","2012-7","38.00元","6.5"
"1578810","生存智慧","奥修智慧金言系列","奥修","林国阳","学林出版社","1996-01","8.0","8.7"
"25848584","在旅行中找到自己","李欣频的智慧修行之旅","李欣频","","中信出版社","2013-3-1","39.00","7.2"
"4714893","爱的勇气","","斯蒂芬·吉利根","萧德兰等","中国广播电视出版社","2010-2","32.00元","8.0"
"1353177","阿姜查的禪修世界：定(第二部) Food for the Heart: The Collected Teachings of Ajahn Chah","定(第二部","阿姜查，譯／賴隆彥","","橡樹林","20040830","NT$ 250","9.2"
"6437041","沉默入门","","[日] 小池龙之介","马梦瑶","中信出版社","2011-7","28.00元","7.7"
"4731759","Power of Now","","'[日] 小池龙之介'","'马梦瑶'","'中信出版社'","'2011-7'","'28.00元'","8.4"
"6870643","瑜珈:身心靈合一之旅","","多那.法喜(Donna Farhi)","余麗娜","心靈工坊文化事業股份有限公司","2011-5","NTD420","8.3"
"1423467","浩渺无垠","生命的注释Ⅱ","（印）克里希那穆提","李立东，史芳梅","华东师范大学出版社","2005-7","28.00元","9.0"
"26589040","转化生命的友谊","基督徒必读祷告书","侯士庭","陈恩明","生活·读书·新知三联书店","2015-8-10","38","8.8"
"3021781","从幻想到祈祷","Reaching Out - The Three Movements of Spiritual Life","卢云神父、Henri Nouwen","","香港公教眞理學會","香港公教进行社","1987","9.1"
"25718092","零极限的美好生活","世上清理最久的人教你时刻体验四句话的神奇","[美]KR女士","龚婉如","华夏出版社","2013-9","29.00","7.7"
"4826356","般若摄颂浅释","","'[美]KR女士'","'龚婉如'","'华夏出版社'","'2013-9'","'29.00'","9.7"
"3235100","禅宗公案","","陈继生","","天津古籍出版社","2008年","28.00元","8.0"
"3449836","死亡","","[印度] 奥修","林国阳","上海三联书店","1998-1","5.80元","8.5"
"2343336","活出有爱的生命","俗世中的灵性生活","卢云","新加坡长老会真理堂","香港基道出版社","2005","43","9.2"
"10733030","宽恕就是爱3","真正的幸福","保罗·费里尼","李平","印刷工业","2012-6","29.80元","8.2"
"6024014","呼吸的奇迹课程","","李宜静","","中信出版社","2011-3","28.00元","7.7"
"10493986","行在水面上","","约翰•奥伯格（John Ortberg）","屈贝琴","新世界出版社","2012-3","29.80元","8.7"
"3924299","问道","《问道》","张剑峰（主编）","","陕西师范大学出版社","2009年07月","26","8.1"
"25847219","10% Happier","How I Tamed the Voice in My Head, Reduced Stress Without Losing My Edge, and Found Self-Help Tha","Dan Harris","","It Books","2014-3-11","USD 15.59","7.4"
"4811880","不再一样","改变生命的重要真理","[美]斯图亚特•布里斯柯（Stuart Briscoe）","彭芬","中国商业出版社","2010-04","26.00元","8.4"
"26766844","遇见未知的自己（修订版）","","'[美]斯图亚特•布里斯柯（Stuart Briscoe）'","'彭芬'","'中国商业出版社'","'2010-04'","'26.00元'","6.1"
"1186561","只有分手才有幸福","","听海的冰女孩","","世界知识出版社","2004-9-1","22.00","8.0"
"5341152","遇见100%的幸福","","[美] 佛罗伦丝·辛","忞心","武汉出版社","2010-10","26.00元","8.5"
"23780225","能断","金刚经给你强大","索达吉堪布","","甘肃人民美术出版社","2013-5-1","38.00元","8.7"
"1795105","春来草自青","","奥修","","东方出版社","1996年7月","13.50元","9.0"
"1408608","不要以人類的方式思考","","李‧卡羅","王秀珍","世茂","1997年12月15日","NT$ 380","8.1"
"3450104","活在圣灵中","","J I Packer、巴刻","陳霍玉蓮","宣道出版社","2007","HK$60","8.9"
"1331629","譚崔經典（一）","","奧修","","奧修出版社","2005-5-1","NT$ 300","7.8"
"3195320","祷告的学校","全書三十一課，引領我們逐步深入禱告的殿堂。","慕安得烈、Andrew Murray","","董挽華、吳碧霜","校園書房出版社","NT$ 185","8.9"
"5254286","奇异恩典","约翰·牛顿传","约拿单·艾特肯","张鹤","中国社会科学出版社","2010-08","39.00元","8.3"
"5360776","上帝的公式","心灵大师的哲理故事集","安东尼·德·梅勒","孙张静","湖南人民出版社","2010-11-20","25.00元","7.7"
"4730245","内在小孩解道德经","","韩金英 绘著","","团结出版社","2010","41.00元","7.9"
"3185951","吸引力法则","","威廉·沃克·阿克金森","","张楠","2008-9","32.00元","7.7"
"5998210","這一生要具備的十種力量","療癒前世創痛迎向大蛻變","[美]安士利．麥克勞 MacLeod, Ainslie","謝佳真","李茲文化有限公司","2011-1-26","NT$350","7.3"
"3830650","胜过黑暗","明白你在基督里的身份和权柄","尼尔.安德生","","何国强","中国学园传道会出版部","2008","9.1"
"1473879","虚舟","","奥修","","上海三联","1996","15","9.0"
"1332106","寬恕十二招：尋回真愛的秘訣","","PAUL FERRINI","周玲瑩","心靈平安","2001年03月28日","NT$ 220","8.5"
"10512476","爱的正念","听一行禅师讲活在当下的智慧","一行禅师","方怡蓉","现代出版社","2012-3","38.00元","8.2"
"10332444","特蕾莎修女","奇迹的故事","［奥］里昂•马斯堡","郭菲","江苏人民出版社","2011-11","32.00元","7.9"
"4826159","告别自欺欺人的生活","","一念行者","","深圳报业集团出版社","2010年4月","25.00元","8.3"
"26594680","懒惰","隐藏在圣洁生活中的敌人","金南俊","王桂珠","甘肃人民美术出版社","2014-7","28","8.4"
"2184905","天下大道","","（印）奥修","谦达那","陕西师范大学出版社","2009-6-1","29.80元","8.4"
"26682726","鳴響雪松系列2：俄羅斯的鳴響雪松","","弗拉狄米爾．米格烈","王文瑜、王上豪","拾光雪松出版有限公司","2015-12-4","NT350","9.0"
"21364254","丈夫，天生需要帮助者","丈夫,天生需要帮助者","迈克尔•珀尔 (Michael Pearl)","","新世界出版社","2013-2-1","32.00元","8.1"
"3012966","祈祷真谛（港版译名《亲爱主，牵我手》","认识祈祷真义","'迈克尔•珀尔 (Michael Pearl)'","''","'新世界出版社'","'2013-2-1'","'32.00元'","9.0"
"4062809","改善情绪的正念疗法","","马克·威廉姆斯、约翰·蒂斯代尔","谭洁清","中国人民大学出版社","2009-10","39.80元","8.6"
"4894608","阴影，属于你的生命礼物","走出黑暗，接纳自我","戴比","马晓棠","中信出版社","2010-8","22.00元","8.1"
"26377143","诸般不美好皆可温柔相待","在不完美中寻找完美的自己","【英】杰夫·福斯特","程敏淑(译）","江苏凤凰文艺出版社","2015-5","36","7.4"
"2382165","自然与生态","","克里希那穆提","凯锋","学林出版","2007-12","15.00元","8.8"
"5920824","气场修习术","","[法] 希恩·德玛","程茗荟、冯雪、丁小溪","中国青年出版社","2011-1","19.80元","5.9"
"1389035","巴哈花疗法心灵的解药","","大衛．威奈爾","黃寶敏","生命潛能","20040801","100.00元","8.8"
"22010232","心靈女戰士","快樂女人覺醒六法","央金拉姆","","方智出版社股份有限公司","2013-1-31","NT$310","8.0"
"4208761","沙漠教父的苦修主义","基督教隐修制度起源研究","许列民","","上海人民出版社","2009-12","32.00元","8.3"
"24845147","坎贝尔生活美学","从俗世的挑战到心灵的深度觉醒","[美]戴安娜•奥斯本(Diane K.Osbon)","朱侃如","浙江人民出版社","2013-6","39.99","7.8"
"11631078","升起你的靈性天線","下載榮耀版的自己","Yantara Jiro、李欣頻","","方智出版社股份有限公司","2012-7-25","NT$300","8.1"
"10519204","覺醒時刻","巴觀的合一祝福","巴觀、Sri Bhagavan、合一大學","彭芷雯、傅國倫","方智出版社股份有限公司","2011-11-25","NT$300","9.0"
"6875427","成功的七大精神法则","","[美] 迪帕克·乔普拉","蒋永强","中国城市出版社","2011-10","29.80元","8.3"
"1360484","自由－成為自己的勇氣","","奧修OSHO林妙香　PREMPUJA譯","","生命潛能","20050101","NT$ 280","7.7"
"1485625","瑜伽之光","","B.K.S.艾扬格","王晋燕","世界图书出版公司","2009","58.00元","9.1"
"1320083","瑜伽的基础","","（印度）室利·阿罗频多  著，徐梵澄  主编","","华东师大","2005-4","10.00元","8.0"
"1320082","瑜伽箴言","","室利·阿罗频多","徐梵澄","华东师范大学出版社","2005-4","19.80元","8.5"
"2688140","我的第一本祈祷书","","李斯凯","","陕西师范大学出版社","2008-1","48.00元","8.0"
"24531572","能量场","","苏祺","","江苏文艺出版社","2013-5-1","35.00","6.8"
"1312295","送你一座玫瑰园","能有效提升生活质量的心理学术语","杨眉","","中国城市出版社","2005-1","17.80元","9.1"
"11541938","Happy Money","","'杨眉'","''","'中国城市出版社'","'2005-1'","'17.80元'","7.4"
"4826446","爱的功课","李思坤的身心灵地图","李思坤","","北方妇女儿童出版社","2010","29.00元","8.0"
"6072799","冥王星：靈魂的演化之旅","","傑夫．格林","韓沁林","積木文化","2011-3-10","TWD 500","8.8"
"7564799","马太福音","—摩根解经从卷","[英] 坎伯·摩根","张竹君","上海三联书店","2011-12","32.00元","8.6"
"24531902","全观的视野","肯·威尔伯整合方法指导","肯·威尔伯","王行坤","同心出版社","2013-5","32.00元","6.6"
"10573963","好好爱自己","","素黑","","天津教育出版社","2012-4","32.00元","7.2"
"2215053","现在开始讲解瑜伽","","斯瓦米·帕拉瓦南达、克里斯多夫·伊舍伍德","王志成、杨柳","四川出版集团,四川人民出版社","2006-7","26.00元","8.4"
"11607921","故事的疗愈力量","","周志建","","华夏出版社","2012-7","39.00元","7.8"
"3684053","爱的纯全","特蕾莎修女圣爱灵修箴言录","特蕾莎修女","上智文化事业","北方文艺出版社","2009-04","15.00元","9.0"
"4280996","The Horary Textbook","","John Frawley","","Apprentice Books","2003-9-25","GBP 22.00","9.2"
"11535669","空行母","性別、身分定位，以及藏傳佛教(二版)","June Campbell","呂艾倫","正智","2012-8-1","250","6.7"
"10463879","清晨甘露","“讲道王子”司布真灵修巨著","司布真","李肇琳","全国基督教两会","1999-11","10.00","8.3"
"25772285","当时忍住就好了","哈佛大学性格自修课","[美]肯•林德纳","钱峰","中国友谊出版公司","2013-12","38.00","6.4"
"25911995","别让小情绪害了你","","[美]弗雷德曼•肖普","于非","湖南文艺出版社","2014-7-1","36.00","7.2"
"1895990","橘子禪","","一行禪師","方怡蓉","橡實文化","2006 年 09 月 28 日","新台幣250元","9.0"
"2229239","新生命 福音性查经","第一阶段：喂养课程","徐锦城","","香港出版集团有限公司","1997年2月1日","78港币","9.4"
"10602324","念力的秘密2","发挥念力的蝴蝶效应","琳内·麦克塔格特","王原贤","华夏","2012-5","39.00元","6.9"
"2161713","因果的真相","庄圆法师讲《金刚经》","庄圆法师","","陕西师范大学出版社","2007-6","38.00元","8.6"
"6510382","生命之重建","治愈你的身体","[美] 露易丝·海","闫翠翠","珠海出版社","2011-5","29.80元","8.1"
"1338285","如何為自己禱告","","史多美.","彭海陽","雅歌出版社","2004年04月26日","NT$ 200","9.1"
"4246474","女人的幸福女人定","","（德）阿斯格德姆　著","宋娀","中华工商联合出版社有限责任公司","2010-1","19.80元","7.3"
"1264155","带着爱来中国","戴德生自传","戴德生","陆中实","人民日报出版社","2004","39.80元","9.1"
"1332010","與神為友","Friendship With God","NEALE DONALD","王季慶","方智","2000年09月25日","NT$ 480","9.1"
"1538499","灵商","","佐哈","王毅","上海人民出版社","2001年1月1日","18.80元","7.6"
"4216649","密教特异功能开发法","","'佐哈'","'王毅'","'上海人民出版社'","'2001年1月1日'","'18.80元'","7.6"
"6794015","太傻天书","你的最后一本书","太傻","","世界图书出版公司","2011-8","46.00元","7.4"
"4215929","你可以再塔罗一点","","保羅．凡頓—史密斯、Paul Fenton-Smith","許慈倩","远流出版社","2009年10月30日","NT 360","8.1"
"1359390","再創造自己","ReCreating Your Self","尼爾‧唐納‧沃許","王季慶","方智","20030301","NT$ 160","7.9"
"2388592","Conscious Loving","The Journey to Co-Commitment","Gay Hendricks、Kathlyn Hendricks","","Bantam","1992-2-1","USD 16.00","7.9"
"10565780","旅途的脚印","放下就是幸福","索朗达吉","","陕西师范大学出版总社","2013-1","38.00元","8.4"
"6723905","身心灵修行与疗愈大全(灵之卷)","引发生活革命的灵修方法","方志明","","湖南人民出版社","2011-9","36.00元","7.3"
"20492337","海的礼物","","'方志明'","''","'湖南人民出版社'","'2011-9'","'36.00元'","8.1"
"10490980","与神为友","","尼尔·唐纳德·沃尔什","李继宏","上海书店出版社","2012-2","40.00元","6.7"
"3183277","心的世界","","冯学成","","南方日报出版社","2008年8月","58.00元","8.7"
"23754813","东灵","东方神秘文化的百科全书式小说","英格丽张","","百花洲文艺出版社","2013-5","39.80元","7.3"
"24704110","自由之旅-与剑桥大学心灵导师的精神对话","与剑桥大学心灵导师的精神对话","【英】亚瑟·克里斯托弗·本森","邢锡范 译  孔谧 校","黑龙江教育出版社","2013-7-1","39.00","7.9"
"3999054","仁慈的吸引力","","皮耶罗·费鲁奇","","席玉苹","2009-8","28.00元","7.8"
"2381207","出走,是為了愛","第二版","素黑","","知出版","2008","$58","8.0"
"26285518","佛陀传","12个疗愈身心的故事","[日]濑户内寂听","刘薇","华文出版社","2014-12","38.00元","7.7"
"10354347","哈达瑜伽之光","","斯瓦特玛拉摩","王志成 灵海","四川人民","2012-1","36.00元","9.0"
"1441400","生死的幻觉","","白玛格桑仁波切","三宝弟子","西藏人民出版社","2005-05-01","35.00元","8.2"
"1418281","能量醫療","","唐娜.伊頓(Donna Eden)、大衛.費恩斯坦(David Feinstein)","蔡夢璇","琉璃光","2004年08月31日","NT$ 320","8.3"
"10583429","禅：两刃相交","","林谷芳","","生活·读书·新知三联书店","2012-3","22.00元","8.3"
"1258513","爱与寂寞","","[印度] 克里希那穆提","罗若蘋","九州出版社","2005-3","22.00元","8.5"
"6012507","圣经里的女性","","【荷】金凯森 Gien Karssen 著","朱玉华 李玉臻","甘肃人民美术出版社","2011-3-25","34.00元","8.2"
"4729791","回到当下","","'【荷】金凯森 Gien Karssen 著'","'朱玉华 李玉臻'","'甘肃人民美术出版社'","'2011-3-25'","'34.00元'","9.4"
"1857799","戴尼提","自我心理调节技术","L. Ron Hubbard","于晓","生活·读书·新知三联书店","1989-01","6.00","7.4"
"1349108","心靈政治（賽斯書）","Psychic Politics","珍．羅勃茲，譯／王季慶","","方智","20050429","NT$ 300","8.1"
"10537384","蕙兰瑜伽1","蕙兰瑜伽","张蕙兰、柏忠言","","江苏科学技术出版社","2012-3-1","48.00元","9.2"
"2376978","原来可以这样爱","开启全新情爱关系","许宜铭","","中国广播电视出版社","2006-9","29.80元","7.7"
"4149098","天使療癒卡","","Doreen Virtue, Ph.D.、朵琳．芙秋","陶世惠","生命潛能文化事業有限公司","2009-10-1","NT$850","8.2"
"2025443","十诫人生","","斯图亚特·布里斯柯","曹文丽","中国电影出版社","2007-2","20.00元","8.1"
"23134222","这些年，我们都忘了爱自己","送自己一本爱的练习册（一经出版即荣登美国亚马逊心灵类第一名！","里克·汉森","李龙","吉林文史出版社","2013-4","29.80元","6.8"
"1282131","脑内革命 第一卷:重新认识、开发、利用你的大脑","重新认识、开发、利用你的大脑--第一卷的新描述","春山茂雄","郑民钦","中国对外翻译出版公司","1998-07-01","10.00","8.0"
"6524075","前世的秘密","","[美]泰德•安德鲁斯","贾毓婷","新世界出版社","2011-7","28.00元","6.2"
"1372123","巫士的傳承－唐望故事","","CASTANEDA, CARLOS魯宓譯","","方智","19970000","NT$ 280","8.8"
"10549092","隐士的生活","","[澳]巴里·斯通","秦传安","中央编译出版社","2012-7-1","38.00元","7.5"
"6047831","十字架上的爱","","[印] 安东尼·德·梅勒、来国强、戚晔 绘","孙张静","湖南人民出版社","2011-4","28.00元","7.7"
"1854879","智慧金块","奥修智慧金言系列","奥修","林国阳","学林出版社","1996-01","7.20","9.0"
"6001661","8分钟幸福疗法","","维克多·戴维奇","马天娇","江西科技","2011-2","29.80元","7.3"
"5269191","迦陵频伽","","程然","","吉林出版集团有限责任公司","2010-8","26.00元","8.2"
"4842743","自在的幸福","享受生活给你的每一张牌","吴九箴","","湖南人民出版社","2010","24.80元","8.5"
"19995305","释迦牟尼佛广传·白莲花论","白莲花论","Bill Guggenheim、Judy Guggenheim","謝明憲","方智出版社股份有限公司","2009-8-31","NT$320","9.5"
"2999307","秘密全集","","(美)华莱士•沃特斯、(美)查尔斯•哈奈尔","赵彩虹","中国言实","2008-4","39.80元","7.3"
"1825701","榮格解夢書：夢的理論與解析","","'(美)华莱士•沃特斯、(美)查尔斯•哈奈尔'","'赵彩虹'","'中国言实'","'2008-4'","'39.80元'","8.5"
"6878785","活出内在的力量","海灵格的独特静心课","伯特•海灵格 (Bert Hellinger)","叶劲廷","广东经济出版社","2011-10","29.50元","7.8"
"6265875","水知道答案3","水能传递爱的力量","江本胜","陈晶","南海出版公司","2011-5","22.00元","7.1"
"25843915","爱是勇者的游戏","","阿噶巴仁波切","","三秦出版社","2014-2-1","35","7.7"
"19949360","寻便寻见","杨腓力手把手带你灵修","杨腓力","彭海阳","新世界出版社","2012-10","29.00元","8.5"
"3411501","如何无忧无惧过生活","","达摩难陀法师","","林淑丹、廖舜茹","圆明","NT260","8.6"
"2283335","心灵的密码","","狄巴克·乔布拉","任海龙","中国工人出版社","2007-10","28.00元","7.9"
"4885262","夢瑜伽與自然光的修習","","南開諾布仁波切","歌者","橡樹林文化","20100531","112.00元","7.7"
"4212283","从基本到超凡","论信仰  论做人","杨牧谷","","海南出版社","2009-12","27","8.3"
"1511427","雪狮的蓝绿色鬃毛","The Snow Lion’s Turquoise Mane","'杨牧谷'","''","'海南出版社'","'2009-12'","'27'","9.4"
"2011594","白寶書","RAMTHA：The White Book","傑西奈","張小鷗、朱玉琪、陶馥蘭","新雨","2006年06月27日","NT$ 350","8.2"
"4831351","让寂寞来，让寂寞走","","吴九箴","","湖南人民出版社","2010-05","24.80元","7.8"
"4209076","寻找安详","","郭文斌","","中华书局","2013-3","22.00元","7.2"
"10550568","生命的重建","今天开始爱自己","'郭文斌'","''","'中华书局'","'2013-3'","'22.00元'","7.9"
"19959643","星光下的灵魂","","毕淑敏","","长江文艺出版社","2012-9","28.00元","7.6"
"10436113","谢谢你折磨我","","马克·罗森","王丽","吉林出版集团有限责任公司","2011-12","28.00元","6.7"
"1353204","阿姜查的禪修世界－慧（第三部）Food For The Heart : The Collected Teachings of Ajahn Chah","慧(第三部","阿姜查，譯／賴隆彥","","橡樹林","20040929","NT$ 230","9.0"
"4291226","真爱无惧","","'阿姜查，譯／賴隆彥'","''","'橡樹林'","'20040929'","'NT$ 230'","8.0"
"2252366","恩主","","苏珊·桑塔格","姚君伟","上海译文出版社","2007-9","27.00元","8.1"
"1926627","逆境的祝福","","芭芭拉·安杰利斯","","中国人民大学出版社","2006-10","35.00元","8.8"
"4703163","立足当下","发现你未知的幸福","[美] 克里斯·加德纳、米姆·艾奇勒·里华斯","蔡秀星、郭浩","陕西师范大学出版社","2010-4","28.00元","8.3"
"1438673","雙手能量療法","","麥可．布萊","鄭澔陽","世茂","1998.08.01","250 元","7.4"
"1478748","Conversations with God","An Uncommon Dialogue (Book 1)","Neale Donald Walsch","","Putnam Adult","1996-10-29","USD 23.95","9.5"
"4279135","正向能量","十大绝招让你将疲劳、压力和恐惧转化为生机、能量和爱心","朱迪斯·欧洛芙博士(Judith Orloff.M.D.)","李中","中国商业出版社","2010-3","32.80元","7.9"
"3358681","简易祈祷法/Experiencing the Depths of Jesus Christ","","盖恩夫人","俞成华","香港以琳出版社","1985年5月","160元","8.1"
"2022501","单身爱之语","","盖瑞·查普曼","柯美玲","江西人民出版社","2007-2","20.00元","8.5"
"1917279","美國靈媒大師瑪麗蓮：通靈大師的精彩人生暨見證","Angelic Force","瑪麗蓮．拉斐爾","吳孝明、朱凱勝","2006 年 10 月 15 日","2006年10月15日","NT$ 360","7.6"
"1796049","印加靈魂復元療法","Mending the Past and Healing the Future with Soul Retrieval","阿貝托．維洛多博士","許桂綿","生命潛能","2006年06月05日","NT$ 280","7.8"
"22712251","异乡客","基督徒的拓荒生活","侯活士、威廉姆","贺志勇","世界图书出版公司北京公司","2013-4","26.00元","9.2"
"26201934","零极限","创造健康、平静与财富的夏威夷疗法","乔·维泰利、伊贺列卡拉·修·蓝博士","胡尧","中国青年出版社","2014-8","30","7.5"
"2246943","世界伟人成功秘诀之分析","","萧天石","","华夏出版社","2007","49.00元","8.9"
"3358357","心理占星學全書","","[印]Veda Bherati","石宏、萧斐  黄涵音","中央编译出版社","2014-9-1","48.00元","7.7"
"1013677","拥舞生命","","许宜铭","","中国工人出版社","2003-02","20.00","8.3"
"10566052","打通你的气场","改变千万人命运的心灵按摩术","里·克雷格","彭月明","吉林文史出版社","2012-4","26.00元","6.8"
"3179498","覺悟勇士：香巴拉的智慧傳承","","'里·克雷格'","'彭月明'","'吉林文史出版社'","'2012-4'","'26.00元'","9.1"
"2984272","堪舆","古今图书集成术数丛刊","郑同","郑同 注解","华龄","2008-1","120.00元","7.4"
"3012588","心靈面包","","卢云神父","徐成德","校园书房出版社","1999-3","NT$280","9.3"
"2037049","人體氣場彩光學","","喬漢納．費斯林傑、緹娜．費斯林傑","遠音編譯群","生命潛能","2007年02月05日","NT$ 250","7.4"
"2982662","如何安心如何空","","杨海鹰","","中国时代经济出版社","2008-1","26.00元","7.8"
"10800709","孤独是一种修行","终南山隐居笔记","青山 著","","光明日报出版社","2012-7","29.80元","7.6"
"10443261","地心文明桃樂市(第二冊)","人類揚昇的光啟之道","Aurelia Louise Jones奧瑞莉亞盧意詩瓊斯","黃愛淑","生命潛能文化事業有限公司","2011-8","NTD300","8.0"
"25850137","森林里的一棵树","","[泰]阿姜查","法园编译群","商务印书馆","2013-12","33.00","8.2"
"11513516","藥師琉璃光如來本願功德經","","'[泰]阿姜查'","'法园编译群'","'商务印书馆'","'2013-12'","'33.00'","9.5"
"6875697","失落的神谕","心灵大师被封禁的人生哲思录","【印度】安东尼•德•梅勒","孙张静","湖南人民出版社","2011-10","28.00元","7.7"
"25920693","心灵之镜","曼陀罗绘画疗法","陈灿锐、高艳红","","暨南大学出版社","2014-6-1","CNY 35.00","8.2"
"4704707","灵花灵火","","汤姆·巴特勒","徐志跃","上海三联文化传播有限公司","2010-3-1","38.00元","8.2"
"3804304","证悟","","[泰] 阿姜查、保罗•布里特编","赖隆彦","深圳报业集团出版社","2009年6月","28.00元","8.8"
"3245529","赐我甘露","德兰修女嘉言品读","华姿","","上海三联书店","2008-10","28.00元","8.7"
"6963747","今生","经受与寻找","何士光","","中央编译出版社","2011-10","29.80元","7.8"
"2054252","灵感","回归真我的18条心灵法则","韦恩.W.戴尔","洪友","群言出版社","2007年4月","21.80元","7.9"
"25955929","和平勇士的智慧之道","改变生活的指南书","[美] 丹·米尔曼","黄喻麟译、陈寿文校","北京时代华文书局","2014-9-1","26.00元","7.7"
"24743319","打造创意版自己","","李欣频","","电子工业出版社","2013-6-1","CNY 32.00","7.3"
"24714158","喝茶是修行","茶道，通往内观世界的方便之门","【美】亚伦·费希尔","刘媺、杨黎","江蘇文藝出版社","2013-5","32.00元","7.0"
"6800010","爱与被爱的艺术","亲密关系的七个层次","马修·凯利(Matthew Kelly)","","东方出版社","2011-8-1","31.00元","7.8"
"4753973","属灵传统礼赞","","傅士德（Richard J.Foster）","袁达志","海南出版社","2010-04","35.00元","8.7"
"3398362","涂鸦日记","倾听你的心灵","[美]Babara Ganim、[美]Susan Fox","谭晨","中国轻工业出版社","1970-1","28.00元","7.9"
"3739780","做个真女人","<提多书>女性灵性修养读本","[美]卡罗琳•马哈尼（Carolyn Mahaney）","阚春梅","中央广播电视大学出版社","2009","25.00元","8.5"
"10541079","灵魂之旅Ⅱ","浮生归宿","[美] 迈克尔·纽顿、Michael Newton","夏芒","华夏出版社","2012-3","45.00元","8.9"
"5329647","七田真超右脑学习法","","七田真","","路秀明","2010-10","20.00元","7.3"
"3763110","催眠术入门教程","催眠术教程-AAH催眠教学讲义","'七田真'","''","'路秀明'","'2010-10'","'20.00元'","7.6"
"1006958","洗衣船","","H.荷西修士","何迟","中国戏剧出版社","2004-05","35.00","7.9"
"4278498","預見未知的高我","Guide to the Unseen Self","弗瑞德．思特靈","林瑞堂","生命潛能","2009年12月15日","NT$ 380","7.8"
"2256989","简朴生活真谛","","傅士德 （Richard J. Foster）","周天和","FES PRESS","1987","HK$55","9.0"
"25709120","神總是微服出巡","","羅杭．古內爾","陳蓁美","自由之丘","2013-8-29","360NT$","7.7"
"3433704","轮回转世之约","源淼自传","源淼","无","春光出版社","2007.06","260 TWD","8.5"
"4827137","爱的提醒","","一念行者","","深圳报业集团出版社","2010年4月","25.00元","8.2"
"4766748","绝望中遇见梅尔达","","章成","","北方妇儿","2010-3","26.80元","6.8"
"3165281","万能钥匙","","[美] 查尔斯·哈尼尔","李汉昭","安徽教育出版社","2008-7","19.80元","8.0"
"25775617","倾听内心的声音","","[印度] 克里希那穆提","陈晓霞（Sue）","九州出版社","2013-11-1","48.00元","8.8"
"10442255","玛雅四维时间书","","阿格勒斯、瓦苏米","龙思宇","武汉大学出版社","2012-2","32.00元","8.0"
"4326244","与心对话","","嘎玛仁波切","","江苏文艺","2010-2","32.00元","8.4"
"6853067","失而复得的日记","宋尚节日记摘抄","宋天真编","","团结出版社","2011-8-1","39.80元","9.3"
"2258155","Surprised by Joy","The Shape of My Early Life","C. S. Lewis","","Harcourt, Brace, Jovanovich","1966-3-23","USD 13.95","7.8"
"1462604","拙火經驗","The Kundalini Experience","Lee Sannella","梅心","方智","1998年10月10日","NT$ 180","7.0"
"3534105","引爆吸引力","相信就可以得到","乔·瓦伊塔尔","吴佳绮","重庆出版社","2009-2","29.80元","7.5"
"1495041","信心銘","","'乔·瓦伊塔尔'","'吴佳绮'","'重庆出版社'","'2009-2'","'29.80元'","9.3"
"3197628","佛经故事新编","","谈锡永","","中国友谊出版公司","1988-12","1.80","9.2"
"2560928","The Crystal and the Way of Light","水晶与光道","Chogyal Namkhai Norbu","","Snow Lion Publications","1999-10-1","USD 18.95","9.3"
"1378069","愛與自由","家族治療大師瑪莉亞‧葛莫利傳","'Chogyal Namkhai Norbu'","''","'Snow Lion Publications'","'1999-10-1'","'USD 18.95'","7.6"
"6438580","荒漠甘泉","《荒漠甘泉》口袋版","考门夫人","陈刚","中国广播电视","2011-5-1","25.00元","9.3"
"25801915","家族占星","","琳恩．貝兒","魯道夫、陳燕慧","心靈工坊","2013-12-18","TWD 580","7.5"
"3802921","當下的覺醒","","Annie Dillard","","Harper Perennial","1990-8-17","USD 13.99","8.2"
"10554057","情绪的“处方”","针对7种消极情绪的38种巴赫花精处方","崔玖 林少雯","","中南出版传媒集团 湖南人民出版社","2012-3","34.80元","8.5"
"23679340","生命的旅程","如何在不确定的世界凭信而活","比利·葛培理","王恩惠","新世界出版社","2013-3","35.00元","8.7"
"5031917","奇迹30","奇迹课程","彼尚•安裘密","飞野","江苏文艺出版社","2010年","26.00元","8.3"
"3090784","My Stroke of Insight","A Brain Scientist's Personal Journey","Jill Bolte Taylor","","Viking Adult","2008-5-14","USD 24.95","8.3"
"2887221","Meditation for Dummies","","Bodian, Stephan","","John Wiley & Sons Inc","2006-1","$ 24.99","7.6"
"3056633","如何明白神的引領","","劉志雄","","道聲出版社","2005.07","劉志雄","8.3"
"6903285","蒙淘克的金字塔","探索意识之谜","［美］普林斯顿•B.尼克尔斯、［美］彼得•穆恩","刘仲敬","江苏人民出版社","2011-9","28.00元","7.0"
"11525222","跟著大師學塔羅","當代塔羅大師瑪莉老師的成名之作","Mary K. Greer","小泉","遠足文化","2012-4-18","台幣 520元／港幣 ＄133","7.5"
"5367631","生命的奇迹水知道","","江本胜","冯亚彬","新世界出版社","2010-12","25.00元","7.8"
"25855372","记得自己","第四道传统精选","[俄]葛吉夫、邬斯宾斯基  等著","王君永  编译","中央编译出版社","2014-3","36.00元","7.0"
"24743325","从伤痛中开出最美的花","","马冉冉","","百花洲文艺出版社","2013-6-1","CNY 29.80","8.6"
"26661519","富裕，屬於口袋裝滿快樂的人","22堂吸引財富和幸福的能量課程，讓整個世界動起來幫助你！","David Cameron Gikandi","謝佳真","李茲文化有限公司","2015-10-1","NT$360","9.4"
"1769530","禅与悟","","圣严法师","","上海三联书店","2006-1","43.80元","8.2"
"4009714","基督教教义","海德堡要理问答","'圣严法师'","''","'上海三联书店'","'2006-1'","'43.80元'","9.7"
"26422126","冥想","","[美]爱德华•维尔容（Edward Viljoen）","胡敏","湖南文艺出版社","2015-7","32.00","7.2"
"4091110","五十奥义书","","徐梵澄","","中国社会科学出版社","1984年","6.90元","9.5"
