"1786387","影响力","","[美] 罗伯特·西奥迪尼","陈叙","中国人民大学出版社","2006-5","45.00元","8.6"
"1894695","营销管理","","[美] 菲利普·科特勒、[美] 凯文·莱恩·凯勒","梅清豪","上海人民出版社","2006-9","78.00元","9.0"
"1017180","定位","","[美] 艾·里斯、杰克·特劳特","王恩冕 等","中国财政经济出版社","2002-2","39.80元","8.3"
"26919762","畅销的原理","为什么好观念、好产品会一炮而红？","[爱尔兰] 马修·威尔科克斯（Matthew Willcox）","包云波","北京联合出版公司·后浪出版公司","2016-12","45.00元","8.5"
"3900987","引爆点","如何制造流行","[美] 马尔科姆·格拉德威尔","钱清、覃爱冬","中信出版社","2009-8","27.00元","7.7"
"1031526","一个广告人的自白","","（美）奥格威","林桦","中国物价出版社","2003-7-1","29.80","8.4"
"3869711","消费者行为学 （第8版·中国版）","","[美] 迈克尔·R. 所罗门","卢泰宏、杨晓燕","中国人民大学出版社","2009-7","69.00元","8.2"
"5914475","无价","洞悉大众心理玩转价格游戏","[美] 威廉·庞德斯通","闾佳","华文出版社","2011-1","49.80元","8.0"
"20473412","品牌洗脑","世界著名品牌只做不说的营销秘密","[美] 马丁·林斯特龙","赵萌萌","中信出版社","2013-1","45.00元","7.9"
"1083403","世界上最伟大的推销员","插图本珍藏版","[美] 奥格·曼狄诺","安辽","世界知识出版社","2002-8","16.80元","8.0"
"26270679","零售的哲学：7-Eleven便利店创始人自述","","[日] 铃木敏文","顾晓琳","江苏文艺出版社","2014-12-1","36","8.0"
"24854628","文案创作完全手册","文案大师教你一步步写出销售力","罗伯特•布莱 (Robert W. Bly)","刘怡女、袁婧","北京联合出版公司","2013-9-1","CNY 45.00","7.9"
"25942507","参与感","小米口碑营销内部手册","黎万强","","中信出版社","2014-8","56.00元","7.5"
"26541801","增长黑客","创业公司的用户与收入增长秘籍","范冰","","电子工业出版社","2015-7-1","CNY 59.00","7.9"
"26688605","认同感：用故事包装事实的艺术","","【美】吉姆·西诺雷利","刘巍巍、孟艳、李佳","九州出版社·阳光博客","2016-1","36.00","6.9"
"3320425","跨越鸿沟","颠覆性产品营销圣经","[美] 杰弗里·摩尔(Geoffrey A. Moore)","赵娅","机械工业出版社","2009-1","36.00元","8.3"
"1000900","顾客为什么购买","新时代的零售业圣经","昂德希尔","刘尚焱","中信出版社","2004-5-1","22.00元","8.2"
"24541955","史玉柱自述","我的营销心得","优米网","","同心出版社","2013-6-1","42.00元","8.0"
"5399425","销售就是要搞定人","","倪建伟","","云南人民出版社","2011-1","32.00元","8.4"
"25779152","超级符号就是超级创意","席卷中国市场10年的华与华战略营销创意方法","华杉、华楠","","天津人民出版社","2014-1","46.00","8.3"
"1013638","销售巨人1","SPIN教你如何销售大订单","[美] 尼尔·雷克汉姆","石晓军","企业管理出版社","2004-5","50.00元","8.7"
"3794450","细节营销","","柏唯良、Willem Burgers","朱宇","机械工业出版社","2009","36.00元","8.5"
"4246667","粘住","为什么我们记住了这些，忘掉了那些","[美] 奇普·希思、[美] 丹·希思","雷静","中信出版社","2010-1","29.00元","7.6"
"3631947","销售圣经","","杰弗里·吉特默","陈召强","中华工商联合出版社","2009-5","39.00元","8.1"
"25714687","文化战略","以创新的意识形态构建独特的文化品牌","[美]道格拉斯•霍尔特、[美]道格拉斯•卡梅隆","汪凯","商务印书馆","2013-8","52.00","9.1"
"6753830","文案训练手册","","[美] 约瑟夫·休格曼","杨紫苏、张晓丽","中信出版社","2011-8","48.00元","7.8"
"4216944","卖轮子","选择最佳营销方式","杰夫 科克斯、霍华德 史蒂文斯","李耀廷、张玲","中央编译出版社","2010-1","39.80元","8.8"
"3419122","22条商规","","（美）里斯、（美）特劳特","寿雯","山西人民出版社","2009-1-1","28.00元","8.4"
"20434393","销售无处不在","一个金牌销售的成长笔记","廖敏夫","","中国商业出版社","2013-1","32.80元","8.0"
"10484709","让顾客自己来定价","世界排名第一的商科沃顿商学院揭示最盈利公司的创新定价策略","[美] 贾格莫汉•拉古、张忠","刘媛媛","中国人民大学出版社","2012-2","45.00元","8.2"
"3063888","我的广告生涯&科学的广告","","克劳德·霍普金斯","","邱凯生","2008-4","45.00元","8.5"
"1101267","营销战","","[美] 艾·里斯、杰克·特劳特","李正栓、贾纪芳","中国财政经济出版社","2002-8","39.80元","8.2"
"25804890","疯传","让你的产品、思想、行为像病毒一样入侵","乔纳·伯杰 (Jonah Berger)","","电子工业出版社","2014-1-1","CNY 48.00","7.5"
"22229485","需求","缔造伟大商业传奇的根本力量","[美] 亚德里安•斯莱沃斯基（Adrian J. Slywotzky）、[美]卡尔•韦伯 （Karl Weber）","魏薇、龙志勇","浙江人民出版社","2013-6","64.9","7.8"
"2151324","市场营销原理","（第11版）","菲利普·科特勒","焦小婷","清华大学","2007-6","68.00元","8.5"
"26591077","销售就是要玩转情商：99%的人都不知道的销售软技巧","","科林•斯坦利 （Colleen Stanley）","佘卓桓","武汉出版社","2015-9","36.80","8.0"
"6801742","人生定位","特劳特教你营销自己","（美）阿尔·里斯（Al Ries）、杰克·特劳特（Jack Trout）","何峻、王俊兰","机械工业出版社","2011-9","42.00元","7.5"
"3002878","优势谈判","一位王牌谈判大师的制胜秘诀","罗杰•道森 (Roger Dawson)","","重庆出版集团,重庆出版社","2008-3-1","38.00元","8.7"
"4851372","怎样卖龙虾","","比尔·毕晓普","张恒","珠海出版社","2010年3月","39.80元","8.3"
"2015536","消费者行为学","行动影响力","利昂·G·希夫曼","江林","中国人民大学出版社","2007-1","58.00元","8.1"
"6509957","洞见","世界最富创意的广告公司BBDO","[美] 菲尔·杜森伯里","宋洁","上海远东出版社","2011-5","32.00元","8.3"
"1074945","奥格威谈广告","","大卫・奥格威","曾晶","机械工业出版社","2003-6-1","98.00","8.5"
"3622624","绝对成交","","〔美〕罗杰•道森（Roger Dawson ）","刘祥亚","重庆出版社","2009-4","38.00元","8.3"
"24738953","疯狂的简洁","","【美】肯·西格尔","王岑卉","北京联合出版公司","2013-7","42","7.1"
"6999354","玩法变了","淘宝卖家运赢弱品牌时代","胖胡斐","","电子工业出版社","2012-1","39.00元","8.1"
"4796746","房地产营销19讲","","'胖胡斐'","''","'电子工业出版社'","'2012-1'","'39.00元'","8.8"
"6052860","海底捞你学不会","","黄铁鹰","","中信出版社","2011-3","39.00元","7.2"
"6851648","迷恋","如何让你和你的品牌粉丝暴增","[美]莎莉·霍格斯黑德","邱璟旻","中华工商联合出版社有限责任公司","2011-11-1","39.90元","7.3"
"5482329","How Brands Grow","what marketers don‘’t know","'[美]莎莉·霍格斯黑德'","'邱璟旻'","'中华工商联合出版社有限责任公司'","'2011-11-1'","'39.90元'","8.8"
"3625123","销售的革命","","尼尔·雷克汉姆、约翰·德文森蒂斯","陈叙","中国人民大学","2009-3","45.00元","8.6"
"3827035","战略品牌管理","","凯文·莱恩·凯勒 (Kevin lane keller)","","中国人民大学出版社","2009-6-1","72.00元","7.9"
"3932520","免费","商业的未来","[美] 克里斯·安德森","蒋旭峰、冯斌、璩静","中信出版社","2009-9","39.00","7.5"
"24872319","理性的非理性","谁都逃不过的 10 大心理陷阱","郑毓煌、苏丹","","中国商业出版社","2013-8","39.9","8.1"
"11601991","哈佛最受欢迎的营销课","","扬米·穆恩","王旭","中信出版社","2012-9","42.00元","7.8"
"26830108","疯传：让你的产品、思想、行为像病毒一样入侵（全新修订版）","","[美] 乔纳•伯杰（Jonah Berger）","乔迪、王晋","电子工业出版社","2016-6","68.00","8.1"
"6718052","从“为什么”开始","乔布斯让Apple红遍世界的黄金圈法则","[美] 西蒙·斯涅克","苏西","海天出版社","2011-7","32.00元","8.2"
"3396111","网络营销实战密码","","昝辉Zac","","电子工业出版社","2009.1","56.00元","7.9"
"25783682","营销的16个关键词","","叶茂中","","机械工业出版社","2014-1-1","CNY 98.00","8.2"
"1085646","商业秀","体验经济时代企业经营的感情原则","（美）斯科特·麦克凯恩","王楠岽、徐化","中信出版社","2003-12","23.00元","7.7"
"26687512","自品牌","社交媒体时代如何打造个人品牌","[美] 丹·斯柯伯尔（Dan Schawbel）","佘卓桓","湖南文艺出版社","2016-1-1","39.80元","7.4"
"26710938","爆款：如何打造超级IP","","【美】安妮塔•埃尔伯斯","杨雨","中信出版社","2016-1-10","49","6.9"
"1843100","数据挖掘技术","市场营销、销售与客户关系管理领域应用","[美]MichaelJ.A.B","别荣芳、尹静、邓六爱","机械工业","2006-7","49.00元","8.3"
"26575141","场景革命","重构人与商业的连接","吴声","","机械工业出版社","2015-7-1","59.00元","6.6"
"3350931","2小时品牌素养","","'吴声'","''","'机械工业出版社'","'2015-7-1'","'59.00元'","8.0"
"26828718","社群营销","方法、技巧与实践（第2版）","秋叶、秦阳、陈慧敏","","机械工业出版社","2016-6","49.90元","8.7"
"1440592","用脑拿订单","销售中的全脑博弈","孙路弘","无","中国人民大学出版社","2006-1","29.80元","7.9"
"26817189","谁偷走了我的客户（第2版）","","【美】哈维•汤普森（Harvey Thompson）","赵玲","北京联合出版公司","2016-6-18","46.00元","8.2"
"6843244","广告人手记","","叶茂中","","朝华出版社","2011-10","45.00元","7.7"
"2180422","营销想象力","","西奥多·莱维特","辛弘","机械工业出版社","2007-6","38.00元","8.3"
"26596778","计算广告","互联网商业变现的市场与技术","刘鹏、王超","","人民邮电出版社","2015-9-1","69.00元","8.7"
"1460235","创新的扩散","","[美] 埃弗雷特·M. 罗杰斯","辛欣","中央编译出版社","2002-6","33.00元","8.6"
"26857846","销售洗脑","把逛街者变成购买者的8条黄金法则","'[美] 埃弗雷特·M. 罗杰斯'","'辛欣'","'中央编译出版社'","'2002-6'","'33.00元'","7.6"
"1263690","市场营销管理","","菲利普·科特勒","菲利普·科特勒","中国人民大学出版社","2003-1","76.0","8.4"
"26431332","社群营销","方法、技巧与实践","秋叶、秦阳","","机械工业出版社","2015-6","49.90元","7.3"
"26810317","爆品战略","39个超级爆品案例的故事、逻辑与方法","金错刀","","北京联合出版公司","2016-7-1","56.00","6.9"
"3283973","啤酒与尿布","神奇的购物篮分析","高勇","","清华大学出版社","2008-11","38.00元","7.4"
"21363088","价格游戏","看麦琪如何巧用价格来刺激需求、增加利润、提升消费者满意度","利•考德威尔","钱峰","浙江大学出版社","2013-2","42.00元","7.9"
"26931324","运营笔记","如何成为一个优秀的运营人","类延昊","","天津人民出版社","2016-12-30","39.80","7.4"
"1318427","蓝海战略","超越产业竞争，开创全新市场","[韩] W.钱·金、[美] 勒妮·莫博涅","吉宓","商务印书馆","2005-5","38.00元","7.7"
"25958166","吸金广告","史上最赚钱的文案写作手册","[美] 德鲁·埃里克·惠特曼","焦晓菊","江苏人民出版社","2014-8-1","38.00元","7.6"
"26382598","零售心理战","不要为顾客着想，而是要站在顾客的立场上思考","铃木敏文","顾晓琳","江苏凤凰文艺出版社","2015-6-1","39","7.5"
"1082364","发现利润区","","亚德里安・J・斯莱沃斯基、大卫・J・莫里森、劳伦斯・H・艾伯茨、保罗・G・克利福德","","中信出版社","2003-8","29.00元","8.1"
"20413922","视觉锤","视觉时代的定位之道","（美）劳拉•里斯","王刚","机械工业出版社","2012-12","49.00元","7.4"
"26108557","洞见远胜创意","世界最富创意的广告公司BBDO","菲尔·杜森伯里","宋洁","上海远东出版社","2014-10-1","38","8.5"
"24714655","我看电商","作者近三十年从事及电子商务管理的总结和分享","黄若","","电子工业出版社","2013-6-1","CNY 39.00","8.4"
"26780215","你的团队需要一个会讲故事的人","","安妮特·西蒙斯","","江苏凤凰文艺出版社","2016-5-10","36","6.2"
"2065100","成功销售必读的24本书","","孙路弘","","中国人民大学出版社","2007-4","32.00元","8.2"
"26324886","微商创业者手册","","凌教头","","机械工业出版社","2015-1-1","CNY 59.00","7.1"
"26801367","反直觉询问","引爆线上销量的询问式营销技巧","莱恩·莱韦斯克","刘国华","北京联合出版公司","2016-5-1","CNY 46.00","8.3"
"2146670","怎样销售你自己","","吉拉德","王淑贤","中国人民大学出版社","2007-5","30.00元","7.8"
"26919741","热点","引爆内容营销的6个密码","【美】马克•舍费尔（Mark Shaefer）","曲秋晨","中国人民大学出版社","2017-1","49.00","8.4"
"2063029","销售中的心理学","","崔西","","中国人民大学出版社","2007-4","32.00元","7.5"
"4225644","街头生意经","","（美）布罗茨基，（美）博林翰","李瑜偲","中信出版社","2010-1","29.00元","8.5"
"10516877","体验经济","","（美）B.约瑟夫·派恩（B.Joseph Pine Ⅱ）詹姆斯 H.吉尔摩（James H.Gilmore）","毕崇毅","机械工业出版社","2012-3","48.00元","8.0"
"24875857","社交红利","如何从微信微博QQ空间等社交网络带走海量用户、流量与收入","徐志斌","","北京联合出版公司","2013-8","42","6.8"
"3038329","奢侈品品牌管理","","米歇尔·舍瓦利耶（Michel Chevalier）、热拉尔德·马扎罗夫(Gerald Mazzalovo)","卢晓","格致出版社,上海人民出版社","2008","45.00元","7.6"
"5977133","营销革命3.0","从产品到顾客,再到人文精神（社会化媒体必看10本书之一）","（美）菲利普·科特勒（Philip Kotler）、（印度尼西亚）何麻温·卡塔加雅（Hermawan Kartajaya）、伊万·塞蒂亚万（Iwan Setiawan）","毕崇毅","机械工业出版社","2011-3-1","36.00元","7.5"
"25850257","消费者行为学","","迈克尔·所罗门 (Michael R.Solomon)、卢泰宏、杨晓燕","卢泰宏、杨晓燕","中国人民大学出版社","2014-1-1","CNY 68.00","8.7"
"25762445","奢侈品战略","揭秘世界顶级奢侈品的品牌战略（原书第2版）","（法）Vincent Bastien、Jean-Noel Kapferer","谢绮红","机械工业出版社","2013-11","99.00","7.7"
"11538549","大客户销售","能力测试与成长","孙路弘","","浙江人民出版社","2012-8","49.90元","8.3"
"24844993","全新销售","说服他人,从改变自己开始","丹尼尔•平克 (Daniel H.Pink)","闾佳","浙江人民出版社","2013-7-1","CNY 49.90","8.1"
"24530309","一个媒体推手的自白","揭露营销神话背后的真相","瑞安·霍利迪","潘丽君","广东人民出版社","2013-6","38.00元","7.4"
"3808887","做单","前IBM销售长篇职场成长小说","胡震生","","五洲传播出版社","2009-7","36.00元","7.5"
"1479072","消费者行为学","（第七版）","（美）卡纽克","","华东师大","2002-04-01","63.0","8.1"
"1827578","输赢","","付遥","","北京大学出版社","2006-7","39.80元","7.6"
"2364723","洞人心弦","一个广告人的洞见与事件","菲尔·杜森伯里","宋洁","上海远东","2008-1","35.00元","8.4"
"5921213","MBA教不了的创富课","我在30岁之前赚到1000万的经验谈","老雕","","当代中国出版社","2011-1-1","28.00元","8.5"
"26866421","爆品手记","","金错刀","","中国友谊出版公司","2016-9-20","39.80","8.1"
"4244699","赢单九问","分享千万大单成交心得","'金错刀'","''","'中国友谊出版公司'","'2016-9-20'","'39.80'","8.6"
"4195531","超越对手","大项目售前售后的30种实战技巧","张志、萧秋水、宋利","","机械工业出版社","2010","35.00元","8.4"
"26386566","一个人的电商","运营策略与实操手记","许晓辉","","电子工业出版社","2015-5-1","CNY 59.00","7.4"
"3685204","长尾理论2.0","","安德森","乔江涛、石晓燕","中信出版社","2009-5","42.00元","7.9"
"1101268","新定位","","[美] 杰克·特劳特、史蒂夫·瑞维金","李正栓、贾纪芳","中国财政经济出版社","2002-10","39.80元","7.6"
"26812805","新媒体营销圣经（全彩）","引诱,引诱,引诱,出击!","加里•维纳查克","","张树燕","北京联合出版社","56.00","7.1"
"26920886","那些人人都懂的销售技巧，你就别再用了","日本销售大王教你99%的人都不会的说服攻心术","[日]河濑和幸","李娟","北京文通天下图书有限公司","2016-11-1","32.8","8.0"
"3795574","部落：一呼百应的力量","","高汀 (Godin.S.)","刘晖","中信出版社","2009-7","26.00元","7.0"
"1361766","增加19倍銷售的廣告創意法","","John Caples","劉怡伶、柯理詮","滾石文化","20010530","NT$ 470","9.0"
"1068884","水平营销","","陈燕茹、菲利普・科特勒、费尔南多・德・巴斯","陈燕茹","中信出版社","2005-1","25.00元","7.9"
"3744558","奥美的数字营销观点","新媒体与数字营销指南","[美] 肯特·沃泰姆、[美] 伊恩·芬威克","台湾奥美互动营销公司","中信出版社","2009-6","45.00元","7.1"
"1033488","公关第一 广告第二","","[美] 阿尔·里斯、劳拉·里斯","罗汉、虞琦","上海人民出版社","2004-04","32.00元","6.9"
"3192038","广告心理","","[日]仁科贞文","","外语教学与研究出版社","2008-7","30.00元","7.8"
"26860776","鞋狗","耐克创始人菲尔·奈特亲笔自传","[美] 菲尔·奈特","毛大庆","北京联合出版公司","2016-9-1","89.90元","8.5"
"26796535","伏牛传","一个社群品牌的内部运营笔记","张天一","","机械工业出版社","2016-5","39.00元","7.7"
"3673767","问题就是答案","","阿兰·皮斯","","九洲","2009-4","20.00元","8.8"
"10531533","管理品牌资产","管理品牌资产","戴维·阿克","吴进操、常小虹","机械工业出版社","2012-3","42.00元","7.8"
"26655503","那些让文案绝望的文案","“80篇甲壳虫经典广告原图、原文”+“戛纳广告节铜狮奖获得者、前奥美","小马宋","","北京联合出版公司","2015-10","45","6.2"
"1151152","发现你的销售力量","挖掘销售机会的九条法则，倍增销售业绩的十二条途径","杰·亚伯拉罕","袁力","中国商业","2006-12","35.00元","8.2"
"26314393","自营销互联网方法","内容营销之父手册","乔.普立兹","","张晓青、王冬梅","机械工业出版社","2015-1-14","8.7"
"26348488","引爆社群","移动互联网时代新4C法则","唐兴通","","机械工业出版社华章科技","2015-3","49","6.8"
"1691984","客户关系管理","","邓.皮泊斯","","中国金融出版社","2006-1","58.00元","8.3"
"10469535","无畏而赢","奥巴马竞选团队经理权威亲述竞选运作内幕","[美] 戴维•普洛夫","周磊","中国人民大学出版社","2012-2","66.00元","8.2"
"5500944","信任五环","","夏凯","","机械工业","2011-1","42.00元","8.7"
"3667896","消费心理学","","刘军、王砥 主编","","机械工业出版社","2009-4","29.00元","7.0"
"6558345","信任代理","如何成就网络影响力","[美]克里斯·布罗根","缪梅","万卷出版公司","2011-8","49.80元","7.1"
"25960651","移动社交时代的互动搜索营销（全彩）","红人诡作 营销奇书 最新鲜案例全程覆盖 最完整体系一本通杀 最辛辣语","萧秋水、秋叶、南方锈才","","电子工业出版社","2014-8-1","55.00元","8.0"
"6990013","渠道分销","建立适应新经济的分销盈利模式","朱利安·丹特","灵思泉、杨博","中华工商联合出版社","2012-1","39.80元","8.3"
"10546139","SEO艺术","","Eric Enge、Stephan Spencer、Rand Fishkin","昝辉","电子工业出版社","2012-4","89.00元","8.0"
"26348352","微商：运营策略、技巧、工具、思维与实战","","'Eric Enge、Stephan Spencer、Rand Fishkin'","'昝辉'","'电子工业出版社'","'2012-4'","'89.00元'","6.4"
"1435909","竞争战略","竞争三部曲之一","迈克尔•波特 (Michael E. Porter)","陈小悦","华夏出版社","2005-10-1","29.00元","8.6"
"3526116","买","","（美）马丁·林斯特龙（Martin Lindstrom）","赵萌萌","中国人民大学出版社","2009-3-1","35.00元","7.5"
"1179603","品牌22律","","阿尔・里斯、劳拉・里斯、储文胜、周安柱、梅清豪","储文胜、周安柱、梅清豪","上海人民出版社","2004-7-1","28.0","7.5"
"25839089","卖什么都是卖体验","互联网时代必学的39条客户体验法则","李·科克雷尔","","中信出版社","2014-3-3","36.00元","7.1"
"26735302","浪潮式发售","让你卖什么都秒杀并持续热卖的产品发售方程式","[美] 杰夫.沃克（Jeff Walker）","李文远","广东人民出版社","2016-3-1","39.80元","8.0"
"1009089","60分钟企业经营战略","","（日）神田昌典","杨洁","哈尔滨出版社","2004-10","29.80","8.8"
"4232132","博恩·崔西销售圣经","","博恩·崔西","路言春","化学工业出版社","2010-1","39.80元","8.9"
"1852664","活动策划完全手册","","朱迪•艾伦 (Judy Allen)","","旅游教育出版社","2006-6-1","28.00元","7.2"
"6430968","把任何东西卖给任何人","","乔•吉拉德","","当代中国出版社","2011-5","35.00元","8.3"
"25809418","五星级服务","客户忠诚度实操手册","[美]莱昂纳多·因基莱里、迈卡·所罗门","杨波","世界图书出版公司·后浪出版公司","2014-2","26.00元","8.4"
"4306582","正在爆发的营销革命","社会化网络营销指南","Tamar Weinberg","赵俐、刘霞、高朝勤","机械工业出版社","2010-04","39.80","7.1"
"1129051","聚焦法则","企业经营的终极策略","里斯","王笑歌","上海人民出版社","2003-1","38.00元","8.3"
"6851214","社会化营销","人人参与的营销力量","陈亮途","","万卷出版公司","2011-10-1","45.00元","7.3"
"1048851","体验经济","","'陈亮途'","''","'万卷出版公司'","'2011-10-1'","'45.00元'","7.5"
"1083685","竞争性销售","简化企业销售的六大关键","瑞克・佩吉、何涌","何涌","中国财政经济出版社","2004-10","39.80元","8.6"
"3578154","不小心做了销售","","克里斯·莱特尔","扈喜林","中信出版社","2009-3","29.00元","8.5"
"3271015","定价战略与战术","","（美）纳格、（美）霍根、（美）王佳茜","龚强","华夏出版社","2008-11","39.00元","8.2"
"1178658","科特勒市场营销教程","","〔美〕加里・阿姆斯特郎","俞利军","华夏出版社","2004-10","75.00元","8.6"
"3031800","定价圣经","","罗伯特·J·多兰、赫尔曼·西蒙","董俊英","中信出版社","2008-4","39.00元","7.7"
"2281055","小就是大","154条改变你事业和人生的商业妙想","(美)高汀","刘祥亚","重庆出版社","2007-10-1","35.00元","7.8"
"25831443","体验为王","","'(美)高汀'","'刘祥亚'","'重庆出版社'","'2007-10-1'","'35.00元'","7.1"
"3837306","紫牛","","赛斯·高汀","施诺","中信出版社","2009-10","29.00元","6.9"
"3574895","营销人都是大骗子","营销，从一个投其所好的故事开始","塞斯·高汀","郑水富","高教教育出版社","2009-2-1","20.00元","7.7"
"25926762","自媒体时代，我们该如何做营销","","[美]迈克尔·波特    乔斯琳·华莱士","刘锐","中国人民大学出版社","2014-6-1","CNY 75.00","7.2"
"1048633","营销革命","","[美] 艾·里斯、杰克·特劳特","左占平 等","中国财政经济出版社","2002-10","39.80元","7.9"
"26663738","一个广告人的自白（纪念版）","","[美]大卫·奥格威","林桦","中信出版社","2015-7-1","CNY 35.00","8.4"
"22226818","数据挖掘技术","应用于市场营销、销售与客户关系管理","Gordon S.Linoff、Michael J.A. Berry","巢文涵、张小明、王芳","清华大学出版社","2013-3","79.80元","8.9"
"1895758","广告与促销","整合营销传播视角","[美]乔治·贝尔奇 等","","中国人民大学出版社","2006-07-12","89.00元","8.4"
"26662454","新网络营销推广实战从入门到精通","","谭贤","","人民邮电出版社","2015-11","59.80元","9.4"
"1007377","整合行销传播","21世纪企业决胜关键","[美] 唐·舒尔茨 等","吴怡国、钱大慧、林建宏","中国物价出版社","2002-8","36.00元","8.0"
"1027648","销售巨人2-SPIN2非传统销售模式实战手册","SPIN非传统销售模式实战手册","尼尔，雷克汉姆","","企业管理出版社","2001-05","22.00","8.8"
"26823976","品牌洗脑（珍藏版）","世界著名品牌只做不说的营销秘密","[美]马丁•林斯特龙（Martin Lindstrom）","赵萌萌","中信出版社","2016-8-1","49.00","7.9"
"6530484","与众不同","","（美）杰克·特劳特（Jack Trout）史蒂夫·里夫金（Steve Rivkin）","火华强","机械工业","2011-6","42.00元","7.9"
"10772650","创建强势品牌","创建强势品牌","戴维•阿克(David A.Aaker)","","机械工业出版社","2012-6-1","49.00元","7.9"
"25863878","宜家真相","藏在沙发、蜡烛与马桶刷背后的秘密","[瑞典]约翰•斯特内博","牟百治、肖开容","漓江出版社","2014-5-1","29.80元","6.8"
"26651382","微信力量","","谢晓萍等著","","机械工业出版社华章公司","2015-10-28","59.00","6.5"
"5355455","新规则","用社会化媒体做营销和公关","David Meerman Scott","赵俐、谢俊、张婧妍","机械工业出版社","2011-1-1","45.00元","7.4"
"2047886","叶茂中的营销策划","","叶茂中","","中国人民大学出版社","2007-3","36.80元","7.3"
"3717165","众包","大众力量缘何推动商业未来","杰夫·豪","牛文静","中信出版社","2009-6","36.00元","7.3"
"26589080","社交红利2.0","即时引爆","徐志斌","","中信出版社","2015-9","42元","7.1"
"26924386","感官品牌","隐藏在购买背后的感官秘密","[美] 马丁·林斯特龙","赵萌萌","中国财政经济出版社","2016-10","42.00","8.2"
"26716085","文案力","如果沒有文案，這世界會有多無聊？","盧建彰","","天下文化","2016-2-1","NT330","8.3"
"2349831","汽车销售的第一本书","","孙路弘","","人民大学","2008-1","39.80元","8.0"
"2702449","市场营销学","","加里·阿姆斯特朗","","中国人民大学出版社","2007-12","65.00元","8.1"
"6047919","感官品牌","","[美] 马丁·林斯特龙","赵萌萌","天津教育出版社","2011-3","35.00","7.4"
"1041003","少数派广告","","王铮","","电子工业出版社","2004-03","30.00","8.2"
"1018654","转身看策划","","'王铮'","''","'电子工业出版社'","'2004-03'","'30.00'","8.3"
"25790123","懂报表比会营销更重要","MBA商学院最受欢迎的财务课","【中】蔡丽煌","","清华出版社","2013-11-1","32.00","8.5"
"3576560","客服圣经","","保罗·蒂姆","丰祖军、张朝霞","中国人民大学出版社","2009-2","49.80元","7.9"
"5385350","品牌的起源","","[美]艾·里斯、[美]劳拉·里斯","寿雯","山西人民出版社","2010-12","39.80元","7.7"
"1005291","非常营销：娃哈哈--中国成功的实战教案","娃哈哈:中国最成功的实战教案","吴晓波、胡宏伟","","浙江人民出版社","2002-09","25.00","7.6"
"2371787","瞬间的真实","首席执行官品牌管理规划之再定义","(德)安德雷斯·鲍尔","王书斌","辽宁画报","2008-2","50.00元","8.4"
"26801362","网红经济","移动互联网时代的千亿红利市场","袁国宝、谢利明","","企业管理出版社","2016-5-1","CNY 42.00","6.5"
"1082355","广告大师奥格威","未公诸于世的选集","（美）大卫·奥格威","庄淑芬","机械工业出版社","2003-7-1","29.80元","7.9"
"3035175","乔治·路易斯大创意","","[美] 乔治·路易斯、[美] 比尔·皮茨","何辉","中国人民大学出版社","2008-3","49.80元","8.4"
"1024932","奥美的观点（Ⅰ）","","宋秩铭 等","","企业管理出版社","2000-10","32.00元","7.4"
"1187279","个人品牌50","","汤姆·彼得斯","李英华","上海世纪出版集团（上海人民出版社）","2004-10","18.00元","7.8"
"25934013","销售脑","如何按下消费者大脑中的'购买按钮'","帕特里克•任瓦茨 (Partrick Renvoise)、克里斯托弗•莫林 (Christophe Morin)","鹂嘉图","浙江人民出版社","2014-7-1","CNY 45.90","7.8"
"4149745","從Brand到Icon，文化品牌行銷學","看世界頂尖企業如何創造神話、擦亮招牌","'帕特里克•任瓦茨 (Partrick Renvoise)、克里斯托弗•莫林 (Christophe Morin)'","'鹂嘉图'","'浙江人民出版社'","'2014-7-1'","'CNY 45.90'","7.7"
"3694923","巷口商学院","日本新经营之神揭示衰退中高增长之道，年轻人修炼敏锐商业头脑最佳指","胜见明、铃木敏文、野中御次郎","陈俊廷","中国城市出版社","2009-4","35.00元","8.0"
"1489474","与鲨共泳","","哈维·麦凯","","中信出版社","2006-1","26.00元","8.0"
"25764520","走出电商困局","","黄若","","东方出版社","2013-11-1","38.00","8.1"
"1839790","关键价值链","从客户价值到公司价值","古普塔，莱曼 著","王霞、申跃","中国人民大学出版社","2006-6-1","32.00元","8.5"
"26263689","微信思维","","谢晓萍","","羊城晚报出版社","2014-11","49","6.4"
"4791169","湿营销","最具颠覆性的营销革命","汤姆·海斯（Tom Hayes）、迈克尔 S.马隆（Michael S.Malone）","曹蔓","机械工业出版社","2010-4","38.00元","7.5"
"3170900","时尚品牌传奇","","马克.唐盖特","陈婕","中国纺织出版社","2008-8","38.00元","7.5"
"10428900","创意的秘密","","【英】史蒂夫•哈里森（Steve Harrison）","杨凯、赵雯婧","世界图书出版公司·后浪出版公司","2012-1","32.00元","7.8"
"26881122","增长黑客营销","如何快速定位产品、聚集用户，实现小投入大增长","[美] 瑞安·霍利迪 (Ryan Holiday)","谭怡琦","广东人民出版社","2016-10-1","38.00元","6.5"
"3300588","新战略营销","","'[美] 瑞安·霍利迪 (Ryan Holiday)'","'谭怡琦'","'广东人民出版社'","'2016-10-1'","'38.00元'","8.5"
"26866492","非传统营销","营销专家不知道的品牌成长定律","''[美] 瑞安·霍利迪 (Ryan Holiday)''","''谭怡琦''","''广东人民出版社''","''2016-10-1''","''38.00元''","7.0"
"1272879","棋行天下","","董明珠","","花城出版社","2000-4","19.80元","7.8"
"1195807","纵横","","崔建中","","新世界出版社","2010-1","36.00元","8.5"
"26434651","软文营销从入门到精通","","苏高","","人民邮电出版社","2015-2-1","48.00元","7.6"
"3991799","说服你其实很简单","从NO到YES的心理营销战术","[美] 凯文•霍根（Kevin Hogan）、[美] 詹姆斯•斯皮克曼（James Speakman）","成静","广东经济出版社","2009年9月","29.80元","7.3"
"25964079","品牌相关性","将对手排除在竞争之外","戴维·阿克 (David A.Aaker)","金珮璐","中国人民大学出版社","2014-9-1","CNY 59.90","7.7"
"26872840","松鼠老爹与三只松鼠","互联网品牌IP化、人格化运营之路","鼠念念","","电子工业出版社","2016-10-1","59","7.1"
"1919363","顾客要买什么","","[美]迈克尔·西尔","方海萍","中国人民大学出版社","2006-10","38.00元","7.4"
"2990291","B2B品牌管理","","(美)菲利普·科特勒、(德)弗沃德","","楼尊","2008-1","35.00元","7.6"
"4171044","奢侈品应该这样卖","时刻提供顾客满意的100%高品质服务","岩仓正枝","田龙姬","中华工商联合出版社有限责任公司","2010-1","25.00元","6.9"
"5297292","麻辣烫为什么穿在签子上卖？","","[日] 初鹿野浩明","陈芳","中国人民大学出版社","2010-9","32.00元","7.0"
"26598926","品牌是什么？——互联网时代品牌系统创新","","刘晓彬","","电子工业出版社","2015-9","60","7.2"
"22790103","病毒循环","从Netscape、eBay、PayPal到YouTube、Facebook、Twitter，病毒营销如何造就伟大的","亚当•潘恩伯格 (Adam L.Penenberg)","刘素洁","浙江人民出版社","2013-5-1","56.90元","6.7"
"1187241","零售管理","","[美]迈克尔·利维","俞利军、王欣红","人民邮电出版社","2004-9","68.00元","9.3"
"5940650","简单的力量","穿越复杂正确做事的管理指南","（美）杰克·特劳特（Jack Trout）、史蒂夫·里夫金（Steve Rivkin）","谢伟山、苑爱冬","机械工业出版社","2011-1-20","38.00元","7.4"
"6536667","重新定位","杰克•特劳特封笔之作","（美）杰克·特劳特（Jack Trout）史蒂夫·里夫金（Steve Rivkin）","谢伟山、苑爱冬","机械工业出版社","2011-7","48.00元","7.3"
"1191041","网络营销","","拉菲·默罕默德","","中国财政经济出版社","2004-10","65.00元","7.6"
"3814007","心魔行銷","引誘人的心理手段","李民傑、江健勇","","平凡企業","2008","HK$91","8.5"
"5319110","攻心式销售","","'李民傑、江健勇'","''","'平凡企業'","'2008'","'HK$91'","7.8"
"4066788","搜索引擎营销","","Mike Moran（迈克 莫兰）、Bill Hunt（比尔 亨特）","董金伟","电子工业出版社","2009","69.00元","8.3"
"25837689","Growth Hacker Marketing","A Primer on the Future of PR, Marketing, and Advertising (APenguin Special from Portfolio)","Ryan Holiday","","Portfolio","2013-9-3","USD10.31","7.6"
"1781918","广告媒体策划","","[美] 杰克•西瑟斯、[美] 罗杰•巴隆","","中国人民大学出版社","2006-5","88.00元","7.8"
"1427527","竞争优势","","[美] 迈克尔·波特","陈小悦","华夏出版社","2005-8","38.00元","8.7"
"6730341","特劳特营销十要","","（美）杰克·特劳特（Jack Trout）","谢伟山，苑爱冬","机械工业出版社","2011-7","38.00元","8.1"
"1843327","当代广告学（上下册）","（第8版·上下册）","[美] 阿伦斯（Arens、W.F.）、、丁俊杰、程坪、钟静、康瑾","","人民邮电","2006-6","58.00元","8.6"
"6878784","经销商管理动作分解培训","升级版","魏庆","","京华","2011-9","48.00元","8.5"
"1102720","消费者行为学","","符国群","","机械工业出版社","2003-1","78.00元","8.1"
"5348144","SEO实战密码","60天网站流量提高20倍","昝辉Zac","","电子工业出版社","2015-7","69.00元","8.4"
"1768398","关键时刻MOT","","[瑞典] 詹•卡尔森 著","韩卉","人民大学出版社","2006-4","32.00元","7.6"
"4988236","活动策划全攻略","","朱迪·艾伦","卢涤非","旅游教育","2010-7","38.00元","7.1"
"24749380","微信控 控微信","","萧秋水、秋叶、油杀臭干","","人民邮电出版社","2013-6","45.00元","7.0"
"2309689","圈子圈套1","战局篇","王强","","清华大学出版社","2006-1","28.00元","8.0"
"10749632","强关系","社会化营销制胜的关键","[加] 斯科特•斯特莱登","魏薇","中国人民大学出版社","2012-6","45.90元","6.8"
"10796949","品牌领导","","（美）戴维•阿克、埃里克•乔基姆塞勒","耿帅","机械工业出版","2012-6","49.00元","7.8"
"25779416","大数据营销","定位客户","（美）麦德奇、保罗B. 布朗","","王维丹","2013-12","39.00","6.9"
"1258268","科特勒说","","菲利普・科特勒","郭永","当代中国出版社","2005-2","25.00元","8.3"
"26581852","互联网+","传统行业跨界融合与转型升级新模式","陈国嘉","","人民邮电出版社","2015-8-1","49.80元","9.6"
"10433774","创意传播管理","数字时代的营销革命","陈刚","","机械工业出版社","2012-1","55.00元","7.4"
"25752502","跟德鲁克学营销","","（美）威廉•科恩","","中信出版社","2013-11","42.00元","8.2"
"25976281","Traction: A Startup Guide to Getting Customers","A Startup Guide to Getting Customers","Gabriel Weinberg、Justin Mares","","S-curves Publishing","2014-8-25","USD 14.99","7.8"
"26828720","零售的本质：7-Eleven便利店创始人的哲学","7-Eleven便利店创始人的哲学","緒方知行, 田口香世","陆青","机械工业出版社","2016-6-23","CNY 45.00","7.8"
"1289157","至爱品牌","","（美）罗伯茨","丁俊杰","中国人民大学出版社","2005-04","188.00","7.7"
"26921070","《微信营销方法1+2+3》","大咖教你玩转朋友圈、微信群、公众号","'（美）罗伯茨'","'丁俊杰'","'中国人民大学出版社'","'2005-04'","'188.00'","8.6"
"19966132","自营销","如何传递品牌好声音","[美]亚历克斯•博古斯基（Alex Bogusky）、[美]约翰•温莎（John Winsor）","闾佳","浙江人民出版社","2012-10","42.90元","6.8"
"25896881","影响力方程式","如何为自己代言","［美］克里斯·布洛根（Chris Brogan）、［美］朱利恩·史密斯（Julien Smith）","常利","浙江人民出版社","2014-6","49.90元","7.8"
"26579684","营销的本质","","包政","","机械工业出版社","2015-7-6","CNY 49.00","8.3"
"24870504","精简","大数据时代的商业制胜法则","[美] 马修·E·梅","华驰航","中信出版社","2013-7-5","45.00元","6.9"
"25996807","恨着恨着就爱上了","杜子建谬论集","杜子建","","北京联合出版公司","2014-10","59.00元","6.8"
"25794720","传播的法则","","[日]伊藤直树","高森  赵晨","江苏美术出版社","2014-1","39.00元","7.5"
"1453171","市场营销原理","","[美] 菲利浦·科特勒","","清华大学出版社","2005-8","59.80元","8.5"
"1454583","消费者行为学","第6版：中国版","迈克尔·R·所罗门","卢泰宏","电子工业出版社","2006-1","68.00元","8.1"
"1921474","战略品牌管理","","凯文·莱恩·凯勒","","人民大学","2006-9","69.00元","8.0"
"7067578","网络营销推广实战宝典","","江礼坤","","电子工业出版社","2012-1-1","59.00元","6.0"
"14336944","卓越服务，非凡利润","打造五星级客户服务的秘诀","（美）莱昂纳多·因基莱里、迈卡·所罗门","杨波","世界图书出版公司·后浪出版公司","2012-11","26.00元","8.7"
"24758501","世界上最伟大的女销售员","","[美] 凯特琳·凯利 Caitlin Kelly","王珺","中信出版股份有限公司","2013-7-2","45.00元","6.9"
"4191825","公众风潮","互联网海啸","查伦·李、乔希·贝诺夫","陈宋卓涵","机械工业出版社","2010年1月","48.00元","7.3"
"26632967","一位经营鬼才的自白","7—ELEVEn创始人亲述零售帝国背后的故事","铃木敏、胜见明","","浙江大学出版社","2015-7-1","CNY 42.00","7.7"
"26579629","品牌大师","塑造成功品牌的20条法则","【美】戴维•阿克、王宁子","","中信出版社","2015-7-1","48","7.2"
"26685458","用户力：需求驱动的产品、运营和商业模式","","郝志中","","机械工业出版社","2015-11-1","59.00","7.5"
"1805443","品类杀手","","罗伯特.斯佩克特","","商务印书馆","2006-3","40.00元","6.4"
"22492088","自我营销七堂课","","黄欢","","中国商业出版社","2013-4","35.00元","7.8"
"1449010","品牌路线图","","迈克·莫泽","","商务印书馆","2005-10","38.00元","7.6"
"1442491","浪尖上的宝洁","","（美）戴尔","兰燕卓","电子工业出版社","2006-1","39.00元","7.8"
"3076770","怎样赢销","","乔·吉拉德","","当代中国出版社","2008-4","26.00元","8.4"
"26787096","故事营销有多重要","用终极故事和传媒思维打造独特品牌","【美】尼克•南顿（Nick Nanton）、【美】杰克•迪克斯（Jack Dicks）","闾佳、邓瑞华","中国人民大学出版社","2016-6","45元","7.5"
"4171045","为什么人们不买我的东西","五步帮你大幅提升销售额","【美】哈里•沃什伯恩、金•华莱士 著","传神翻译公司","中华工商联合出版社有限责任公司","2010-1","28.00元","8.0"
"3063835","电话销售与成交技巧","","'【美】哈里•沃什伯恩、金•华莱士 著'","'传神翻译公司'","'中华工商联合出版社有限责任公司'","'2010-1'","'28.00元'","8.0"
"3249259","电话销售实战训练","","李智贤","","机械工业","2008-10","39.80元","8.2"
"25890721","O2O进化论","数据商业时代的全景图","板砖大余、姜亚东","","中信出版社","2014-5","49","6.8"
"1159800","体验营销","如何增强公司及品牌的亲和力","Bernd h.schmitt","刘银娜、高靖、梁丽娟","清华大学出版社","2004-4","36.0","8.1"
"2146750","怎样成交每一单","","乔·吉拉德、舒克","刘志军 等译","中国人民大学出版社","2007-5-1","28.00元","7.9"
"2160715","现代销售之父帕特森的销售策略","","(美)罗伊·约翰逊 拉塞尔·林奇","陈叙 译","中国人民大学出版社","2007-7","39.8","7.9"
"3036132","图解市场调查指南","","酒井隆","郑文艺、陈菲","中山大学出版社","2008-3","43.00元","8.3"
"1041421","服务营销","","'酒井隆'","'郑文艺、陈菲'","'中山大学出版社'","'2008-3'","'43.00元'","8.0"
"6811698","品类战略","定位理论最新发展","张云、王刚","","山西人民","2011-9","39.80元","8.2"
"24756675","微信，这么玩才赚钱","","王大恩（笔名：王易）、曹雪怡（笔名：蓝尧）","","机械工业出版社","2013-7","49.00","5.5"
"25795601","品类战略","","张云、王刚","","机械工业出版社","2014-1","40.00","8.2"
"2116324","市场营销原理","","科特勒","","清华大学出版社","2007-5","69.00元","8.5"
"1208098","市场研究实务","","郑宗成、陈进","","中山大学出版社","2002-1-1","39.90","8.4"
"26652276","触心：DT时代的大数据精准营销","","付峥嵘","","人民邮电出版社","2015-10","39.80元","9.1"
"6798700","市场研究实务与方法","","郑宗成、陈进、张文双","","广东经济","2011-8","58.00元","8.3"
"1482309","星巴克的感性营销","","（韩）金英汉、（韩）林希贞","张美花","当代中国出版社","2006-01-01","29.80元","6.7"
"25775887","微信营销与运营","策略、方法、技巧与实践","王易","","机械工业出版社","2014-1-1","CNY 49.00","5.4"
"2122211","做自己的教练","医药代表的五把利剑","仲崇玉","","企业管理出版社","2012-4-1","35.00元","8.1"
"1169968","创建强势品牌","","戴维・阿克","","中国劳动社会保障出版社","2004-5-1","48.00","7.5"
"2340006","科特勒营销策略","","菲利普·科特勒","高登第","中信出版社","2007-12","36.00元","8.1"
"1490242","营销策划技能案例训练手册","","郑方华","","机械工业出版社","2006-1","29.80元","7.5"
"7154810","天下没有坐着吃的午餐","如何在最残酷的公司，创下最惊人的业绩","[日] 市村洋文","千太阳","中信出版社","2011-12","28.00元","7.1"
"1510415","品牌知行","微观品牌管理和研究","郑宗成","","中山大学出版社","2004-5","49.80元","8.3"
"4924860","谁说商业直觉是天生的","","[美] 戴夫·帕特奈克 (Dev Patnaik)、[美] 彼得·莫特森 (Peter Mortensen)","马慧","万卷出版公司","2010-07","36.00","7.2"
"5904053","微博：改变一切","","李开复","","上海财经大学出版社","2011-2","28.00元","5.8"
"2173308","買與不買都上癮: 從Armani到Zara的時尚行銷","","'李开复'","''","'上海财经大学出版社'","'2011-2'","'28.00元'","7.6"
"6082116","不说话就赢的企划术","打造必胜商用文本","（日）天野畅子","李 青","世界图书出版公司·后浪出版公司","2011-7-1","28.00元","7.9"
"4312608","流量的秘密","","(英)Brian Clifton","钟镭","人民邮电出版社","2010-2","45.00元","7.6"
"1476966","互联网商规11条","摩根士丹利所推崇的商业战略思想","[美] 阿尔·里斯、[美] 劳拉·里斯","梅清豪、周安柱","上海人民出版社","2006-01-01","25.00元","7.1"
"26876372","小众时代","小众崛起","焦涌","","北京时代华文书局","2016-9","68","9.6"
"2249558","光环效应","何以追求卓越，基业如何长青","[美] 罗森维 (Phil Rosenzweig)","张湛","北京师范大学出版社","2007-9-1","32.00元","8.3"
"6901990","如何让新消费者买单","用新型消费规律赚钱的实战方法","[美]马歇尔•科恩","焦程程","中华工商联合出版社有限责任公司","2012-2-1","36.00元","6.2"
"25841481","大数据预测","告诉你谁会点击、购买、死去或撒谎","【美】埃里克·西格尔","周昕","中信出版社","2014-3","58.00","7.1"
"3441595","虎口夺单","","马克","","北京大学出版社","2009-1","36.00元","8.3"
"1410402","将任何东西卖给任何人","","乔·吉拉德","","天地出版社","2005-4","28.0","7.6"
"5327903","要素品牌战略","B2B2C的差异化竞争之道","菲利普•科特勒、瓦得马•弗沃德","李戎","复旦大学出版社","2010.10","38.00元","7.7"
"1082768","品牌新世界","","斯科特·贝德伯里","","中信出版社","2004-3","21.00元","8.6"
"25853922","图解营销策划","","[英]马尔科姆•麦克唐纳（Malcolm McDonald）、彼得•莫里斯（Peter Morris）","徐佳","电子工业出版社","2014-3","39.00","6.3"
"1409275","蒙牛内幕","时代光华培训大系","张治国","","北京大学出版社","2006-8","49.00元","7.0"
"1420801","人生犹如赛马","营销大师教你如何推销自己","（美）里斯、（美）特劳特","曹建海","中国财政经济出版社","2005-8","29.80元","7.3"
"26357206","人人都在晒，凭什么你出彩","玩转社交网络的10堂创意自修课","【美】奥斯丁•克莱恩","张舜芬、徐立妍","北京联合出版公司","2015-4","38.00","7.3"
"1488517","叶茂中策划.上卷·做","","叶茂中营销策划机构","","机械工业出版社","2006-1","49.80元","7.2"
"25909396","绝对成交话术内训手册","打造无往不利的影响力、说服力和销售力","（美）迈克• 舒尔茨（Mike Schultz）、（美）约翰•E. 杜尔（John E. Doerr）","孙路弘","海天出版社","2014-7","49.80元","7.7"
"26371405","京东平台运营攻略（全彩）","","京东商学院","","电子工业出版社","2015-5","69.00元","7.4"
"2042485","看电影学销售","","孙路弘","","中国人民大学出版社","2007-4","28.00元","7.6"
"6511269","电影营销实务","","'孙路弘'","''","'中国人民大学出版社'","'2007-4'","'28.00元'","7.9"
"1159373","产品经理的第一本书","","林达·哥乔斯","戴维依","中国财政经济出版社","2004-1","39.80元","7.2"
"25928983","周鸿祎自述","我的互联网方法论","周鸿祎","","中信出版社","2014-8","45.00元","7.6"
"26827114","分享时代","如何缔造影响力","'周鸿祎'","''","'中信出版社'","'2014-8'","'45.00元'","6.9"
"5408880","商界裸奔","理查德·布兰森与他的维珍之旅","[英] 理查德·布兰森","李志斌、郑云辉","中信出版社","2011-2","48.00元","7.8"
"1011884","国际广告商务译丛――增加19倍销售的广告创意法","","（美）卡普斯","孟庆姝","内蒙古人民出版社","2000-08","25.80","8.2"
"6892003","打破界限","电通式跨媒体沟通策略","电通跨媒体开发项目组","苏友友","中信出版社","2011-10","35.00元","7.8"
"1853323","圈子圈套2","迷局篇","王强","","长江文艺出版社","2006-8","28.00元","7.9"
"1000065","公关圣经","公关理论与实务全书","(美)菲利普.莱斯礼","","汕头大学出版社","2004-03","98.00","7.6"
"24715619","百度推广","搜索营销新视角","百度营销研究院","","电子工业出版社","2013-6","59.00元","7.5"
"1263603","问题就是答案","","阿兰·皮斯","黄邦福","四川大学出版社","2004年11月1日","15.0","8.0"
"6830066","市场营销","","[美]罗杰·A·凯林、史蒂文·W·哈特利、威廉·鲁迪里尔斯","董伊人、史有春、何健","世界图书出版公司","2011-11","128.00元","7.8"
"5242168","秒杀","博恩·崔西的快速成交法","[美] 博恩·崔西","杨彬、吴孟儒","中华工商联合出版社","2010-8","28.00元","8.2"
"25925083","再看电商","2013年年度管理畅销书《我看电商》黄若最新力作，梳理了近一年电商发","黄若","","电子工业出版社","2014-7-1","CNY 39.00","8.2"
"1922099","日本7-ELEVEN消費心理學：你所不知的買物心理","","國友隆一","鄭涵壬","臺灣東販","2002","240 NTD","7.5"
"5325849","权衡","你的产品要的是体验,还是便利?","'國友隆一'","'鄭涵壬'","'臺灣東販'","'2002'","'240 NTD'","7.4"
"1258791","奢华,正在流行","","迈克尔・西尔弗斯坦、约翰・巴特曼、高晓燕、尼尔・菲斯克","高晓燕","电子工业出版社","2005-01-01","28.00","7.8"
"5377414","榨干百度谷歌","搜索引擎广告大赢家","张志","","电子工业出版社","2011-1","28.00元","7.5"
"5299847","与全世界做生意","一个经济学家的环球冒险","柯纳·伍德曼、Conor Woodman","闾佳","机械工业出版社","2010-10","32.00元","8.0"
"1799166","奥美的观点IV","","奥美公司","","中国人民大学出版社","2006-6","68","7.4"
"2008603","服装应该这样卖","","王建四","","北京大学","2007-2","29.00元","6.4"
"2257609","圈子圈套3","终局篇","王强","","长江文艺出版社","2007-10","32.00元","8.0"
"6861033","微力无边","","杜子建","","万卷出版公司","2011-10-15","45.00元","6.0"
"25733593","沃顿商学院最实用的谈判课（原书第2版）","","（美）G. 理查德•谢尔","林民旺、李翠英","机械工业出版社","2013-10","39.00","7.9"
"1067090","攻心为上","","(美)麦凯","曾阳晴","三联书店","1991-09","8.80","7.6"
"25972635","点击的奥秘：运用说服心理术提升在线影响力（全彩）","全球最畅销互联网心理学著作 世界最前沿科研成果及趋势 彻底破译用户","Nathalie Nahai(娜塔莉.纳海)","陈旭","电子工业出版社","2014-9-1","75.00元","7.2"
"2012802","消费者心理学","","罗子明","","清华大学出版社","2007-1","35.00元","6.6"
"24863461","商业就是一场秀","热卖的产品或服务都是演示出来的","[美]李•勒菲弗","胡小锐","中信出版社","2013-8-1","45","7.7"
"11631833","微博控•控微博","","萧秋水、秋叶语录、社会网络与数据挖掘","","人民邮电出版社","2012-9-1","45.00元","6.8"
"25785187","实战第三屏：移动营销实务十讲","","'萧秋水、秋叶语录、社会网络与数据挖掘'","''","'人民邮电出版社'","'2012-9-1'","'45.00元'","8.0"
"10432173","胶带营销","最实用的小企业营销指南","[美]约翰·詹斯奇","南溪","中华工商联合出版社有限责任公司","2012-3-1","36.00元","7.5"
"1970573","泛广告时代的幻象","","陈小云","","复旦大学出版社","2006-12","40.00元","8.1"
"3032890","BCG视野","-市场营销的新逻辑","今村英明","李成慧","电子工业出版社","2008-3","28.00元","7.4"
"20383594","终端销售葵花宝典","","'今村英明'","'李成慧'","'电子工业出版社'","'2008-3'","'28.00元'","7.8"
"26221711","我是熊本熊的上司","","蒲島郁夫","蘇暐婷、江裕真","野人文化股份有限公司","2014-10-8","290","7.7"
"25750724","0元机票的秘密","亚洲航空的低成本实验","陈旭","","团结出版社","2013-11","39.80元","7.1"
"1040492","品牌领导","管理品牌资产塑造强势品牌","[美] 大卫·A. 艾克、爱里克·乔瑟米赛勒","曾晶","新华出版社","2001-4","29.80元","7.7"
"26435872","淘宝网店大数据营销：数据分析、挖掘、高效转化","","老A电商学院","","人民邮电出版社","2015-6-1","59.00","8.6"
"26779379","销售就是要会提问","99%的人都把卖点讲错了","蔡怀东","","北京联合出版公司","2016-3","45.00","6.9"
"25794326","销售专业主义","","大前研一 等","","中信出版社","2013-12","35.00元","7.2"
"25922105","微信电商,产品这么卖才赚钱","讲述微信电商的开山力作！畅销书《微信，这么玩才赚钱》作者最新著作","王易","","电子工业出版社","2014-7-1","CNY 58.00","6.9"
"3655383","视觉营销","零售店橱窗与店内陈列","[英] 托尼·摩根","陈望","中国纺织出版社","2009-3-1","78.00元","7.5"
"26258203","战略品牌管理","","凯文·莱恩·凯勒 (Kevin Lane Keller)","吴水龙、何云","中国人民大学出版社","2014-10-1","CNY 79.00","8.0"
"26658035","会讲故事，让世界听你的","","卢建彰（Kurt Lu）","","中国友谊出版公司","2015-11-18","38.00","8.4"
"7054652","创业36条军规","","孙陶然","","中信出版社","2011-12","39.00元","8.0"
"23820914","微信营销解密","移动互联网时代的营销革命","程小永、李国建","","机械工业出版社","2013-4","39.00元","4.7"
"2038105","零售管理","","[美]巴里·伯曼[B","","中国人民大学","2007-2","68.00元","7.4"
"3721596","Why We Buy","The Science of Shopping--Updated and Revised for the Internet, the Global Consumer, and Beyond","Paco Underhill","","Simon & Schuster","2008-12","142.48元","7.7"
"26584022","轻营销","互联网+时代小预算玩转大市场","唐文","","机械工业出版社","2015-6","35元","7.2"
"1805425","产品管理","","[美]唐纳德·R.莱","汪涛","北京大学","2006-3","58.00元","7.8"
"3192430","淘宝网店这样开才赚钱","淘宝网开店的七种武器","胡东申","","鹭江出版社","2008","32.00元","6.8"
"1025627","营销管理","分析、计划、执行和控制","菲利普・科特勒","梅汝和 等","上海人民出版社","1999-10-1","58.00","8.7"
"25843871","奢侈品零售管理","","（法）米歇尔舍瓦利耶（Michel Chevalier）、米歇尔古泽兹(Michel Gutsatz)","卢晓（Pierre Xiao Lu）","机械工业出版社","2014-2-8","59.00 元","7.2"
"1261559","与众不同","极度竞争时代的生存","（美）特劳特","屈陆民","华夏出版社","2005-01","20.00元","7.4"
"5275255","高级品牌管理","","保罗·藤甫诺","牛国朋","清华大学出版社","2010-9","39.80元","7.0"
"26579377","超文案","微时代的创意文案指南","朱冰","","中信出版社","2015-7-14","48.00","6.2"
"1072154","360度品牌传播与管理","","马克・布莱尔、迈克・墨菲、胡波、理查德・阿姆斯特朗","胡波","机械工业出版社","2004-9","28.00","7.3"
"1311283","再造销售奇迹","","基斯·伊迪斯","","中国财经出版社","2005-3","39.80元","8.5"
"24841121","做自己:鬼脚七自媒体第一季","","鬼脚七","","电子工业出版社","2013-7","77.00元","7.8"
"26335500","心理学家的营销术","如何操控消费者的潜意识、思维过程和购买决定","［英］戴维· 刘易斯 （David Lewis）","张 淼","广东人民出版社","2015-3","42.00元","7.4"
"26753384","颠覆营销","大数据时代的商业革命","陈杰豪、车品觉","","中信出版社","2016-2","49.00元","6.1"
"20480880","体验苹果","苹果零售店成功的奥秘","卡迈恩·加洛","李彤","机械工业出版社","2013-1","39.00元","8.2"
"25904428","美丽战争：化妆品巨头全球争霸史（典藏版）","","[美]杰弗瑞·琼斯著 王茁  顾洁","","清华大学出版社","2014-5-1","CNY 58.00","7.4"
"25858053","淘金微营销","微时代，你必须知道的6个成功法则。一本书整合微博、微信、微视频、","孙庆磊、曲秋晨","","北京 联合出版公司","2014-3-1","35","7.6"
"20260646","骑着轮子奔跑","一个超越服务边界的商业传奇（美国明星企业赞恩自行车连锁店，一个不","克里斯·赞恩","","陶金","2012-12","25.00元","8.7"
"5411116","商业的奥秘","是什么、做什么、怎么做？","（美）加布尔雷斯","派力","企业管理出版社","2011-5","59.50元","7.0"
"4895658","Google 广告优化与工具","","宫鑫","","电子工业出版社","2010-7","60.00元","7.8"
"1950526","色情消費啟示錄","","Pamela Paul","李建興","時報文化","2006-08-03","NT$300","7.3"
"20644893","O2O","移动互联网时代的商业革命","张波","","机械工业出版社华章公司","2013-2-5","49.00元","6.1"
"25733106","奥美的观点7","","奥美集团","","中信出版社","2013-10","50.00元","7.9"
"2258204","品牌简单之道","","艾伦·亚当森","姜德义","中国人民大学出版社","2007-9","48.00元","7.7"
"25976086","忠诚度革命：用大数据、游戏化重构企业粘性","","[美]拉杰特·帕哈瑞亚","","中国人民大学出版社有限公司","2014-8-1","CNY 49.00","7.4"
"4913235","淘宝大赢家-网店赚钱必会120招","","前沿文化","","科学","2010-8","26.80元","8.6"
"26022186","跨界","开启互联网与传统行业融合新趋势","腾讯科技频道","","机械工业出版社","2014-10-1","39.00元","6.7"
"5421788","什么是战略","","（美）杰克·特劳特（Jack Trout）","火华强","机械工业出版社","2011-1-1","38.00元","7.2"
"4090199","广告销售老鸟成长记","(闭上你的鸟嘴系列)","余夕仁","","电子工业出版社","2009-10","28.00元","7.6"
"21331444","超高价营销","成为行业价格领袖锁定永久利润的秘诀","'余夕仁'","''","'电子工业出版社'","'2009-10'","'28.00元'","8.3"
"1106333","广告企划的艺术","","乔恩・斯蒂尔","","中国三峡出版社","2003-1-1","35.00元","8.0"
"25745654","优势策略营销","顶级大师助你销量飙升、利润翻番","（美）杰•亚伯拉罕（Jay Abraham）","伍文韬、陈 书","世界图书出版公司","2013-10-1","58.00元","7.8"
"1226795","亚太地区最成功的广告策略","","艾奇逊","闾佳","机械工业出版社","2005-2","48.0","7.6"
"1082734","产品经理的第二本书","","[美] 哥乔斯","","中国财政经济出版社","2004-4","39.80元","7.6"
"1013916","大卫·奥格威自传","","大卫.奥格威","","海南出版社","1998-09","16.80元","7.9"
"3130904","影响力2","Influencer:The Power To Change Anything","[美]科里•帕特森（Kerry Patterson）约瑟夫•格雷尼 （Joseph Grenny）大卫•麦克斯菲尔德 （David Maxfield）让•麦克米兰 （Ron McMillan）艾尔•斯维斯勒（Al Switzler）  著","彭静","湛庐文化","2008-7","38.00元","7.3"
"1853082","中国式公关","","大龙","","中信出版社","2006-7","30.00元","7.4"
"3266445","名博是怎样炼成的","个人品牌博客全攻略","萧秋水、秋叶、月光","","机械工业出版社","2009-1","29.80元","6.6"
"26798458","不是谁都能创业","","'萧秋水、秋叶、月光'","''","'机械工业出版社'","'2009-1'","'29.80元'","7.7"
"6901771","优势销售","完美呈现绝对成交的8大秘诀","尚丰","","中华工商联合出版社有限责任公司","2011-12-1","29.80元","7.9"
"25833569","首席品牌官日志","","徐浩然、刘晓午","","中国经济出版社","2014-1-1","38","7.1"
"26276451","当场就签单","销售之神签约率99%的绝学","［日］加贺田晃","佟斯文","企业管理出版社","2014-11","32.80元","7.0"
"26365305","世界上最伟大的销售员","把任何东西卖给任何人","【美】乔·吉拉德、斯坦利•H.布朗","贾子达、杜嫦娟","重庆出版社","2015-1","36.00元","6.9"
"26416741","微商这么做才赚钱","","'【美】乔·吉拉德、斯坦利•H.布朗'","'贾子达、杜嫦娟'","'重庆出版社'","'2015-1'","'36.00元'","6.5"
"2136614","不对称创新","挑战者的成功之道","吴振海","","北京师范大学出版社","2007年7月","35.00元","7.4"
"1084133","《销售与市场》10年经典","","《销售与市场》杂志社 编","","企业管理出版社","2005-1","68.00元","7.3"
"24736356","整合营销传播","整合营销领军人物重磅推出，步步揭秘如何创造企业价值！","[美]唐•舒尔茨  海蒂•舒尔茨","王茁、顾洁","清华大学出版社","2013-6","49.00元","7.5"
"6127785","社会化媒体营销大趋势","策略与方法","唐兴通","","清华大学","2011-5","35.00元","7.3"
"1029310","提问销售法","提问销售法","托马斯・福瑞斯、刘艳红","刘艳红","企业管理出版社","2004-5-1","37.50元","7.8"
"2983769","营销天才","引领中国营销学习方向","菲斯克","","企业管理","2008-3","65.00元","7.6"
"4934530","示人以真","如何让生意追着你跑","（美）帕特里克·兰西奥尼 (Patrick Lencioni)","曹蔓","机械工业出版社","2010-8","28.00元","8.6"
"25843247","数据驱动营销","营销人员必知的15个关键指标","（美）杰弗里","林清怡、刘敬东、全波","人民邮电出版社","2014-1-2","59","7.3"
"6730937","99%的人都用错了销售技巧","","河濑和幸","李娟","古吴轩","2011-7","29.80元","7.2"
"6017206","营销时代","","陆亦琦","","东方出版社","2011-2","28.80元","8.5"
"25913009","传统企业，互联网在踢门","第一本传统企业互联网化的战略指导书","刘润","","中国华侨出版社","2014-7","42","7.3"
"1985666","低价不是法宝","零售骄子塔吉特如何分庭抗礼沃尔玛","Laura Rowley","宋洁","上海远东出版社","2007-1","27.00元","7.5"
"25917524","创意笔记本4","企划书源于你的一张手写稿","高桥宣行","曹逸冰","中信出版股份有限公司","2014-5-1","CNY 32.00","8.1"
"3078957","切割营销","","'高桥宣行'","'曹逸冰'","'中信出版股份有限公司'","'2014-5-1'","'CNY 32.00'","8.1"
"5937084","一张图表解决所有商业问题","","神田昌典","","浙江科技","2010-12","32.00元","6.9"
"24734315","淘宝网店运营01","神店成长秘籍","'神田昌典'","''","'浙江科技'","'2010-12'","'32.00元'","6.6"
"1077415","当代市场调研","二十一世纪管理经典教材系列・营销教材译丛","小卡尔.迈克丹尼尔,罗杰.盖茨","范秀尘","机械工业出版社","2002-5","55.00元","7.6"
"4152454","广告与促销","","'小卡尔.迈克丹尼尔,罗杰.盖茨'","'范秀尘'","'机械工业出版社'","'2002-5'","'55.00元'","8.7"
"1145647","新整合营销","","唐·舒尔茨","吴磊","中国水利水电出版社","2004-1","25.00元","6.9"
"5308746","这样提问才能成交","绝对成交的8大秘密","刘勇","","中华工商联合出版社有限责任公司","2010-9","29.90元","7.6"
"3834415","董事会里的战争","","艾•里斯 劳拉•里斯","寿雯","山西人民出版社发行部","2009-7","32.00元","7.6"
"10804422","电通“鬼十则”","全球最大独立广告公司的DNA","[日] 柴田明彦","郑燕、王婕、马洪月","中信出版社","2013-5","32.00元","7.3"
"1320180","品牌组合战略","","戴维·阿克","","中国劳动社会保障出版社","2005-5","58.00元","7.5"
"1049865","注意力经济","","[美] 托马斯·达文波特、[美] 约翰·贝克","谢波峰 [等]","中信出版社","2004-1","29.00元","6.8"
"25905229","竞争战略","","[美]迈克尔·波特","陈丽芳","中信出版社","2014-8","88.00","8.8"
"1443349","策划人","商业活动策划与整合营销传播：第2版","谢伊·塞尔","","中国人大","2005-11","15.00元","6.3"
"5394870","NLP语言魔方","","袁立君","","陕西师范大学出版社","2011-2","38.00元","7.3"
"25909507","绝对价值","信息时代影响消费者下单的关键因素","[美] 伊塔马尔·西蒙森  艾曼纽·罗森","钱峰","中国友谊出版公司","2014-7","45.00元","7.4"
"1944478","成交高于一切","","孟昭春","","机械工业","2007-1","38.00元","7.8"
"25981793","秘境：城市微旅行","","'孟昭春'","''","'机械工业'","'2007-1'","'38.00元'","7.7"
"10740540","聚焦","决定你企业的未来","艾·里斯","曾晓涛、寿雯","山西人民出版社","2012-6","39.80元","7.2"
"1083297","如何影响顾客的购买决定","","约翰·麦基恩","魏清江","机械工业出版社","2004-3","26.00元","7.3"
"25790070","移动的帝国","日本移动互联网兴衰启示录","曾航、刘羽、陶旭骏","","浙江大学出版社","2014-1-1","48.00","7.4"
"26582553","传统企业如何做电商及微电商","","龚文祥","","电子工业出版社","2015-8-1","79.00元","7.9"
"25800823","隐喻营销","洞察消费者真正需求的7大关键","杰拉尔德·萨尔特曼、林赛·萨尔特曼","鹂嘉图","浙江人民出版社","2013-11","49.9","6.6"
"3800886","营销红皮书","中国营销全貌释疑与记录","'杰拉尔德·萨尔特曼、林赛·萨尔特曼'","'鹂嘉图'","'浙江人民出版社'","'2013-11'","'49.9'","7.7"
"10519244","零售业的新规则","","罗宾• 刘易斯和迈克尔•达特","","中信出版社","2012-3","38.00元","6.9"
"4911331","服务营销","","克里斯托弗·洛夫洛克(Christopher Lovelock)、约亨·沃茨(Jochen Wirtz)","","中国人民大学出版社","2010-6-1","68.00元","7.7"
"4008885","揭秘服装赚钱的门道","","服装探秘","","武汉大学出版社","2009-9","28.00元","8.2"
"3100605","跨界","","蓝色创意跨界创新实验室，中国蓝色创意集团","","广东经济出版社","2008-5","45.00元","8.0"
"26354705","微信营销108招","","'蓝色创意跨界创新实验室，中国蓝色创意集团'","''","'广东经济出版社'","'2008-5'","'45.00元'","6.8"
"6049827","营销策划文案写作指要","","陈建中、吕波","","中国经济出版社","2011-3-1","38.00元","6.9"
"26899889","淘宝天猫电商运营与数据化选品完全手册","","老夏","","电子工业出版社","2016-9-1","69.00","7.9"
"6794514","企业成长之痛","","埃里克·G·弗拉姆豪茨(Flamholtz.E.G.)^伊冯·兰德尔","黄震亚^董航","清华大学","2011-7","58.00元","7.9"
"11630299","一本书读懂销售心理学","","'埃里克·G·弗拉姆豪茨(Flamholtz.E.G.)^伊冯·兰德尔'","'黄震亚^董航'","'清华大学'","'2011-7'","'58.00元'","6.2"
"26355331","产品型社群","互联网思维的本质","李善友","","机械工业出版社","2015-3-1","CNY 69.00","7.3"
"3485355","与众不同","极度竞争时代的生存之道","[美] 杰克·特劳特、[美] 史蒂夫·里夫金","火华强","机械工业出版社","2008-1","38.00元","8.2"
"22994152","挑战式销售","引爆第四次销售革命","[美] 马修·狄克逊（Matthew Dixon）、[美] 布伦特·亚当森（Brent Adamson）","蔺雷","化学工业出版社","2013-4-1","32.80元","7.9"
"11504764","经营的原点","鈴木敏文考える原則","[日]绪方知行","张磊","浙江人民出版社","2012-8","39.90元","8.3"
"20365734","贩卖怀疑的商人","","Naomi Oreskes、Erik M. Conway","于海生","华夏出版社","2013-1","58.00元","8.0"
"24230188","獲利世代","自己動手，畫出你的商業模式","Alexander Osterwalder、Yves Pigneur","尤傳莉","早安財經文化有限公司","2012-11-30","NT$499","7.7"
"5308745","完美销售教练","销售经理绝对提升指南","琳达·理察森","马慧、中原","中华工商联合出版社有限责任公司","2010-9","32.00元","7.9"
"25806796","内容营销","有价值的内容才是社会化媒体时代网络营销成功的关键","索尼娅•杰斐逊 (Sonja Jefferson) )、莎伦•坦顿 (Sharon Tanton)","派力","企业管理出版社","2014-1-15","50.00","6.2"
"3238883","营销渠道","","蒋青云","","中国人民大学出版社","2008-8","59.00元","7.6"
"1891803","引爆趋势-举手之劳成大事 (平装)","舉手之勞成大事","葛拉威尔","齐思贤","时报文化出版企业股份有限公司 (2000年8月21日)","2000年08月","45.0","8.1"
"4766745","媒体营销10大黄金法则","","韦龙","","重庆大学出版社","2010-3","24.00元","8.7"
"3030115","水平营销","","科特勒","陈燕茹","中信","2008-3","32.00元","7.9"
"19962913","亲吻销售","用文字温柔地俘获顾客","[美] 罗伯特 · 索耶（Robert Sawyer）","蔡春华","广西美术出版社","2012-7","128.00元","7.5"
"25882237","粉丝经济","传统企业转型互联网的突破口","叶开","","中国华侨出版社","2014-5","42","6.5"
"4119994","医聊","","'叶开'","''","'中国华侨出版社'","'2014-5'","'42'","8.2"
"5329792","7天成为销售高手","锻造销售高手的28条军规","李尚隆","","中华工商联合出版社有限责任公司","2010-9","29.90元","7.3"
"5043325","当餐饮经营遇上了创意","","菲利普·詹姆斯·罗曼诺","李雨及、何子龙","上海人民出版社","2010-8","25.00元","7.4"
"4269791","羊皮卷全书","","(美)曼狄诺|译者:黎策","","吉林大学","2010-1","36.00元","7.0"
"26394514","移动电商：商业分析＋模式案例＋应用实战","","张国文、马涛","","人民邮电出版社","2015-5-1","49.00元","7.4"
"4305127","Viral Loop","From Facebook to Twitter, How Today's Smartest Businesses Grow Themselves","Adam L. Penenberg","","Tantor Media","2009-10-27","USD 34.99","7.2"
"1083902","大品牌大问题","","'Adam L. Penenberg'","''","'Tantor Media'","'2009-10-27'","'USD 34.99'","7.5"
"1067815","可口可乐营销革命","","塞尔希奥・齐曼","沈开艳","上海译文出版社","2003-6-1","28.00","7.9"
"7066922","渠道江湖","四大佬18年的恩仇路","'塞尔希奥・齐曼'","'沈开艳'","'上海译文出版社'","'2003-6-1'","'28.00'","7.8"
"25762335","自动营销","让你的产品自己卖自己","温韬","","上海财经大学出版社","2013-11-1","39.80元","7.8"
"25953841","从心策划——驱动用户消费的电商营销新视角、","国内资深策划领队倾力打造，最具实战角度与职业经验的电商解读，以全","徐仁义","","电子工业出版社","2014-7-1","45.00元","6.4"
"1044776","富爸爸销售狗","要想在销售行业中取得成功，你不一定非得是一只凶猛的斗犬","张春波、张疆、布莱尔・辛格","张春波、张疆","电子工业出版社","2004-7-1","23.00","7.3"
"3552150","地产破冰术","","'张春波、张疆、布莱尔・辛格'","'张春波、张疆'","'电子工业出版社'","'2004-7-1'","'23.00'","7.5"
"3613624","紫牛2","","塞斯·高汀","","高等教育出版社","2009-2-1","25.00元","7.8"
"25832065","重新理解媒介","揭开传播、社会网络与群体秩序之谜","醒客（陈世鸿）  著","","中信出版社","2014-3","45.00元","7.5"
"25859646","互联网思维到底是什么","移动浪潮下的新商业逻辑","项建标、蔡华、柳荣军","","电子工业出版社","2014-4-1","CNY 49.00","7.2"
"1443439","产品经理实战手册","","王欣","","中国经济出版社","2006-1","32.0","6.5"
"26838082","独角兽之路","20款快速爆发且极具潜力的互联网产品深度剖析（全彩）","三节课产品社区","","电子工业出版社","2016-7","79.00元","5.9"
"1032658","市场营销管理","亚洲版·下","'三节课产品社区'","''","'电子工业出版社'","'2016-7'","'79.00元'","8.6"
"1037404","销售管理与客户关系","","(英)鲍勃.哈特利","","机械工业出版社","2002-01","33.00","7.1"
"1443233","全脑销售","","托尼·博赞","","中国人民大学出版社","2006-1","32.0","7.3"
"25838178","小眾，其實不小","中間市場陷落，小眾消費崛起","詹姆斯．哈金","","陳琇玲","早安財經","2014-2-27","6.8"
"3802708","2.0营销传播","互动整合营销传播","赵洁、曹芳华","","厦门大学出版社","2009","20.00元","8.1"
"10742077","互联网时代的大客户销售","","谭长春","","电子工业出版社","2013-11","42","7.4"
"20285396","可口可乐的征服","全球超级商业帝国董事长自述","[英]内维尔·伊斯德尔、[美]大卫·比斯利","毛子欣、李慧芳","中国友谊出版公司","2012-11","39.80元","6.7"
"4000821","商业天才","透视全球36家顶尖公司经营秘诀","Peter Fisk","","夏金彪","2009-10","55.00元","6.7"
"3288675","阿伦斯广告学","","（美）阿伦斯，（美）夏尔菲","丁俊杰","中国人民大学出版社","2008-11","98.00元","8.2"
"3820857","公关造势与技巧","通向21世纪的桥梁","'（美）阿伦斯，（美）夏尔菲'","'丁俊杰'","'中国人民大学出版社'","'2008-11'","'98.00元'","7.6"
"20476805","让营销更性感","","李治","","中信出版社","2013-1","38.00元","7.3"
"4261861","客户天才","","菲斯克","","夏金彪","2010-3","65.00元","7.7"
"4267153","销售攻心术","","'菲斯克'","''","'夏金彪'","'2010-3'","'65.00元'","6.6"
"25866259","用户战略","解决传统企业转型焦虑的全新思维","【美】亚伦·夏皮罗","潘晓璐","中信出版社","2014-5","42.00","7.4"
"5290565","口碑","引爆网络狂欢效应的锦囊妙计","[美] David Meerman Scott","高游、郭成钢、薛松","人民邮电出版社","2010-10","25.00","6.8"
"1159662","顾客体验管理","","贝恩特·施密特","冯玲","机械工业出版社","2004-5","20.00元","8.1"
"26661710","用户思维","零起步，引爆细分市场","【美】约翰·沃瑞劳","林南","中国友谊出版公司","2015-10-10","38.00","6.5"
"6080846","企划圣经","","黄治苹","","电子工业出版社","2011-4","29.90元","6.9"
"2363682","破冰","一个销售经理的手记","郑涛","","北方文艺出版社","2007-12","26.00元","6.2"
"1955992","品牌密码","","帕特里克·汉伦","冯学东","机械工业出版社","2007-1","32.00元","7.1"
"25925031","水平营销","","（美）菲利普•科特勒（Philip Kotler）、（西）费南多•德里亚斯迪贝斯(Fernando Trias de Bes)","科特勒咨询集团","机械工业出版社","2014-7","39.00","7.3"
"3664621","在线为王","你在网上看什么、干什么，我全知道","比尔·唐瑟尔","张宁","海天出版社","2009-4","35.00元","6.4"
"1083125","个人品牌","","麦克纳利","赵恒","中信出版社","2003-12-01","32.0","7.2"
"1838909","消费者行为学","","[美]迈克尔·R·所罗门、Michael R. Solomon","卢泰宏;黄娴","中国人民大学出版社","2006-05","35.00元","8.1"
"1157740","从失败到成功的销售经验","","弗兰克","","地震出版社","2004-05-01","19.80元","8.6"
"6713031","习惯的陷阱","消费者95%的行为被市场营销人员所忽视","尼尔·马丁(Neale Martin)","","中国人民大学出版社","2011-6-1","29.00元","7.2"
"2913433","Propaganda","","Edward Bernays","","Ig Publishing","2004-9-1","USD 14.95","8.7"
"26344853","互联网世界观","思维的起点，商业的引爆点","'Edward Bernays'","''","'Ig Publishing'","'2004-9-1'","'USD 14.95'","7.6"
"1223687","定价","","肯特・B・门罗、孙忠","孙忠","中国财政经济出版社","2005-1-1","65.00元","7.5"
"20366340","小圈子·大社交","利用圈子引爆流行","Paul Adams","王志慧","人民邮电出版社","2013-1","29.00元","7.4"
"1012016","不战而胜","营销战略与竞争优势","高建华","","企业管理出版","2001-03","28.00","8.5"
"2281087","营销策划","","孟韬","","机械工业","2008-1","38.00元","7.1"
"20283569","星巴克体验","为每一位顾客打造个性化服务","约瑟夫•米歇利","","靳婷婷","2012-12","42.00元","6.3"
"1881916","女性营销","","法拉·沃纳","赵银德","机械工业出版社","2006-9","32.00元","7.5"
"26242342","聚焦","未来10年业绩增长新引擎","王冠群","","中国和平出版社","2014-11","48.00","7.9"
"1448962","克莱普纳广告教程","","J·托马斯·拉塞尔","王宇田","中国人民大学","2005-8","99.80元","8.2"
"3276217","Tribes","We Need You to Lead Us","Seth Godin","","Portfolio Hardcover","2008-10","140.00元","7.4"
"1045629","沃尔玛王朝","全球第一大企业成长传奇","（美） 罗伯特・斯莱特","黄秀媛","中信出版社","2004-08","26.00","6.9"
"25814975","网站说服力——营销型网站策划","","谢松杰","","电子工业出版社","2014-1","49.00元","8.0"
"5329793","王牌销售攻心术","打赢攻心战，订单就是你的！","齐宏","","中华工商联合出版社有限责任公司","2010-9","29.90元","7.2"
"26282757","微信朋友圈：这么玩才赚钱！","","'齐宏'","''","'中华工商联合出版社有限责任公司'","'2010-9'","'29.90元'","7.3"
"25775590","SIVA范式","搜索引擎触发的营销革命","(美) 唐•舒尔茨著","李丛杉等","中信出版社","2014-1-1","42元","7.3"
"1220856","松鼠公司","","斯蒂芬・丹宁、屠新泉、陈英","屠新泉、陈英","中国社会科学出版社","2005-2-1","19.80元","7.5"
"1960132","口碑营销","","马克·休斯","李芳龄","中国人民大学出版社","2006-12","36.00元","7.1"
"6558234","创业者圣经","","赛斯·高汀","毛心宇、徐屹然","天津社会科学院出版社","2011-7","39.80元","7.8"
"6785467","大品牌大问题","","（美）杰克·特劳特（Jack Trout）","耿一诚、许丽萍","机械工业出版社","2011-8","42.00元","7.3"
"10758677","中国企业如何定战略","兼论麦肯锡战略之误","迈克尔.波特、杰克.特劳特","","邓德隆、陈奇峰","2005","65.00元","8.2"
"1666836","宜家家居攻略","","陈广","","南方日报出版社","2005-1","32.00元","6.7"
"1015292","发现你的销售优势","","（美）托尼，本森","方晓光","机械工业出版社","2004-01","29.80","7.7"
"3818480","销售女神徐鹤宁","","'（美）托尼，本森'","'方晓光'","'机械工业出版社'","'2004-01'","'29.80'","6.5"
"4827256","商业胜经","解读消费者原欲、本能、情感、潜意识","高路","","中国经济","2010-5","42.00元","7.1"
"2024626","叶茂中策划想（下卷）","","叶茂中营销策划机构，，，","","机械工业出版社","2007-2","45.00元","7.5"
"3043491","浮沉","最激励人心的职场生存小说","崔曼莉","","陕西师范大学出版社","2008-5","32.00","7.7"
"6087504","竞争性销售","","（美）兰迪·蔡斯（Landy Chase）","毕崇毅","机械工业","2011-4","38.00元","8.2"
"25798792","微信终极秘籍","精通公众号商业运营","青龙老贼、赵黎、方雨、刘琪、潘越飞","","电子工业出版社","2014-1","65.00元","6.0"
"1271048","商业策划与新闻炒作","","魏剑美","唐朝华","中国商务出版社","2005-1","25.00元","7.0"
"4010220","SPIN销售高价成交","","（美）辛德、（美）科恩","张科丽、赵周","湛庐文化出品·中国人民大学出版社","2009-9","32.00元","7.4"
"1852316","我爱零售","","格林","","中国铁道","2006-6","25.00元","8.1"
"1854695","换上顾客的脑袋","","斯汀奈特","盖梦丽","第1版 (2006年8月1日)","2006-8","28.00元","8.0"
"2995491","银行个人业务营销技巧","","马蔚华","","清华大学","2008-2","39.80元","6.9"
"26825884","很毒很毒的病毒营销","互联网+时代的营销新玩法","陈轩","","北京联合出版公司","2016-4","45.00元","7.5"
"4255391","微博力","","[美] 谢尔·以色列","任文科","中国人民大学出版社","2010-1","32.00元","6.3"
"21318789","巧克力之战","","劳伦斯·艾伦","冷迪","中国人民大学出版社","2013-3","45.90元","7.1"
"3371900","电影市场营销学","","'劳伦斯·艾伦'","'冷迪'","'中国人民大学出版社'","'2013-3'","'45.90元'","8.2"
"4833367","点亮社群","互联网营销的本质","查克·布莱默(Chuck Brymer)","","东方出版社","2010-5-1","28.00元","6.3"
"1769126","千万别卖家具","","吴飞彤","","海洋出版","2006-3","35.00元","7.3"
"5290524","微革命","微小的创新颠覆世界","金错刀","","印刷工业出版社","2010-9","28.00元","6.1"
"25036413","酷效应","大品牌与明星产品成功之道","诺亚•柯纳、金恩•普列斯曼","曾沁音","中央编译出版社","2013-9","48.00元","7.5"
"26435896","淘宝网店爆款打造：三周做出爆款，店铺精准引流","","老A电商学院","","人民邮电出版社","2015-7-1","49.80元","7.8"
"4731423","时装.品牌.设计师","从服装设计到品牌运营","托比•迈德斯 (Toby Meadows)","","中国纺织出版社","2010-3-1","45.00元","7.8"
"1157247","娱乐至上","体验经济时代的商业秀","伯德·H.施密特(BerndH.Schmitt)","朱岩岩","中国人民大学出版社","2004-3","19.0","7.2"
"26359326","视觉营销——社会化媒体营销新规则（全彩）","","唐兴通、杜炤、王韫千等","唐兴通、杜炤、王韫千等","电子工业出版社","2015-4","69.00元","7.2"
"2994712","再造联合利华","","（英）杰弗里·琼斯","王莉、宋洁","上海远东出版社","2008-02-01","49.00元","6.6"
"10600350","银行营销","","范云峰、张长健","","中华工商联","2012-6","39.80元","7.9"
"24720279","被诅咒的巨头","传媒大亨们为何走上了穷途末路？","乔纳森·尼（Jonathan A. Knee）、布鲁斯·格林沃尔德（Bruce C. Greenwald）、艾娃·希芙（Ava Seave）","施乐乐","中信出版社","2013-6-1","49","8.0"
"26648154","O2O融合：打造全渠道营销和极致体验","","谭贤","","人民邮电出版社","2015-11","49.80元","9.2"
"7015176","管理的常识","《华尔街日报》萃取全球120年管理思想精粹","[美]艾伦·默里","邱璟旻","中华工商联合出版社有限责任公司","2012-2-1","32.00元","8.1"
"5248063","赚钱就这么简单","","刘克亚","","湖南人民出版社","2010-9","36.00元","8.0"
"26682111","从零开始做运营","","张亮","","中信出版社","2015-11-1","49.00元","7.6"
"25775592","关键时刻战略：激活大数据营销","激活大数据营销","陈刚、李丛杉","","中信出版社","2014-1-1","35元","7.3"
"1793589","整合营销沟通","Integrated Marketing Communications","(美)唐·E.舒尔茨、斯坦利·I.坦纳鲍姆、罗伯特·F.劳特伯恩","张斌艺、张丽君","上海人民出版社","2006","22","6.8"
"2005503","攻心说服力","","（日）内藤谊人","田秀娟","天津教育出版社","2007-1-1","20.0","7.0"
"1228095","品牌之源","","（美）阿尔・里斯，劳拉・里斯","火华强","上海人民出版社","2005-01","30.00元","7.5"
"7060587","卖故事","让你的产品和身价高卖10倍的秘密","黄学焦 赵彤","","南方出版社","2012-1","28.00元","5.8"
"26703807","客户说：如何真正为客户创造价值（精装）","","（美）拉姆·查兰（Ram Charan）","杨懿梅、萧峰","机械工业出版社","2016-1-29","39.00","7.7"
"3867921","销售中的心理学诡计","如果你想钓到鱼，就得像鱼那样思考，而不是像渔夫那样思考","张兵","","化学工业出版社","2009-6-1","29.80元","7.0"
"3260153","The Luxury Strategy","Break the Rules of Marketing to Build Luxury Brands","Jean-Noel Kapferer、Vincent Bastien","","Kogan Page","2009-2-1","USD 49.95","7.7"
"26253507","互联网思想十讲","北大讲义","段永朝","","商务印书馆","2014-10","68.00","9.1"
"11516592","短!微讯息时代写作的艺术","","[美]ChristopherJohnson","赵燕飞","人民邮电出版社","2012-8","39.00元","6.2"
"1146718","战略大客户管理的7个关键","","里斯","孙路弘 陈叙","电子工业出版社","2004-1","24","7.4"
"26371344","解密社群粉丝经济学","","陈建英、文丹枫","","人民邮电出版社","2015-4-30","42","7.0"
"3030632","公共关系实务","","弗雷泽·P.西泰尔","潘艳丽","清华大学出版社","2008-3","52.00元","8.0"
"20486827","我是房产销售冠军","“美国房产经纪第一人“的成功之路","[美]拉尔夫·罗伯茨（Ralph R. Roberts）、乔·克雷纳克（Joe Kraynak）","兰渊琴","中国人民大学出版社","2013-1","39.90元","7.6"
"6053056","营销调研","","阿尔文·C·伯恩斯(Alvin C.Burns)、罗纳德·F·布什(Ronald F.Bush)","","中国人民大学出版社","2011-3-1","55.00元","7.7"
"1017816","如何成交","","乔.吉拉德","","经济日报出版社","2001-04","15.00元","7.3"
"5063556","涨价也能卖到翻","","（日）村松达夫","江裕真","中央编译出版社","2010年9月","36.00元","7.4"
"1907976","基业成长","","阿瑟·鲁宾菲尔德","俞利军","中国人民大学","2006-10","39.00元","8.3"
"5503040","愛不釋手的理由","日本行銷包裝大師打造人氣商品的秘密","'阿瑟·鲁宾菲尔德'","'俞利军'","'中国人民大学'","'2006-10'","'39.00元'","8.0"
"2995894","哈佛商学院MBA案例全书","","隆瑞主编","","经济日报出版社","1998年2月第1版","498.0","7.6"
"1171930","票房营销","","菲利普·科特勒　乔安妮·雪芙、菲利普・科特勒、乔安妮・雪芙","陈庆春","中国人民大学出版社","2004-6-1","69.00元","8.1"
"6957908","内容营销","网络营销的杀手级武器","'菲利普·科特勒　乔安妮·雪芙、菲利普・科特勒、乔安妮・雪芙'","'陈庆春'","'中国人民大学出版社'","'2004-6-1'","'69.00元'","6.8"
"1086471","娱乐经济","","（美）沃尔夫","","光明日报出版社","2001-5-1","48.00","7.2"
"1037737","如何做创意","","（美）劳伦斯・明斯基，爱米，爱米莉・桑顿・卡尔沃","钱锋","企业管理出版社","2000-10","29.60","7.6"
"6819534","金牌文案","学校不教的四十三堂文案课","金牌文案联盟","","辽宁科学技术出版社","2011-9-1","48.00元","7.5"
"19899490","定价战略与战术","通向利润增长之路","（美）汤姆·纳格、（美）查莱","","龚强、陈兆丰","2012-9","39.00元","7.7"
"25878724","卖故事","","高朋","","江苏文艺出版社","2014-5","35.00","5.4"
"1676855","房地产营销的100个细节","","张晓光","","广东经济出版社","2005-1","80.00元","7.7"
"1754965","丹尼尔.肯尼迪思考工具","","[美]丹尼尔·肯尼迪","","国际文化出版公司","2003-2-1","18","7.8"
"2272174","马云点评创业","CCTV《赢在中国》现场精彩点评实录","《赢在中国》项目组","","中国民主法制出版社","2007-10","38.00元","7.4"
"1085629","专业服务营销","","托马斯・海斯、保罗・N・布卢姆、菲利普・科特勒","","中信出版社","2003-9-1","39.00元","8.0"
"6380518","室内设计营销术","","劳埃德·普林斯顿","李义娜","江苏凤凰美术出版社","2011-4","36.00元","7.6"
"1988470","外贸七日通","外贸业务员入门必备","黄海涛","","中国海关","2008-8","22.00元","8.0"
"24736876","流量的秘密","Google Analytics网站分析与优化技巧(第3版)","[英]Brian Clifton","数字曲奇翻译组","人民邮电出版社","2013-6-1","69.00元","8.0"
"25727588","平台","自媒体时代用影响力赢取惊人财富","迈克尔•哈耶特","赵杰","中央编译出版社","2013-9-20","32","6.2"
"4086027","终结营销混乱","","'迈克尔•哈耶特'","'赵杰'","'中央编译出版社'","'2013-9-20'","'32'","8.0"
"6431093","互联网创业前奏曲第二部","网站运营之人性、策略与实战","黄亮新","","电子工业","2011-4","39.00元","6.7"
"6535084","电影商业","","杰森.斯奎尔","","中国电影出版社","2011-6","58.00元","7.0"
"5907386","四万万顾客","","卡尔·克劳","夏伯铭","复旦大学出版社","2011-1","36.00元","8.1"
"25929699","没有人会营销","实在、实际、实战的营销手记","计库","","清华大学出版社","2014-8-1","39.8元","7.3"
"26184821","测出转化率：营销优化的科学与艺术","“科学测试市场与迭代改进”思想第一人20余年实战智慧结晶","【美】高尔德（Goward,C.）","谭磊、唐捷译","电子工业出版社","2014-10-1","68.00元","7.3"
"2875749","亿万市场","洞察中国新兴消费群","[美]唐锐涛 (Thomas D. Doctoroff)","张渊、程瑞芳","东方出版中心","2008-1-18","39.00元","7.7"
"11445683","从一万到百万-超级畅销书的秘密","超级畅销书的秘密","北京开卷信息技术有限公司","","安徽人民出版社","2012-7","28.00元","7.6"
"4748710","品牌如何成为偶像","文化式品牌塑造的原理","道格拉斯·B.霍尔特","胡雍丰、孔辛","商务","2010-3","39.90元","7.4"
"1837343","中国营销思考","","陈春花","","机械工业出版社","2006-5","28.00元","8.1"
"6981693","ME2.0","个人品牌崛起E时代","'陈春花'","''","'机械工业出版社'","'2006-5'","'28.00元'","6.3"
"4000968","3%法则","","川合善大","叶静文","湖南科技","2009-8","16.00元","8.0"
"4243081","小老板的生意经","","老莫","","北京大学","2010-1","29.00元","7.7"
"6800945","星巴克","一切与咖啡无关","[美] 霍华德·毕哈、珍妮·哥德斯坦","徐思源","中信出版社","2011-10","38.00元","6.3"
"2005718","卖掉博恩·崔西","销售高手的21堂课","博恩·崔西","赵西","北京师范大学出版社","2007-1","25.00元","8.1"
"10772862","好陈列胜过好导购","","'博恩·崔西'","'赵西'","'北京师范大学出版社'","'2007-1'","'25.00元'","7.0"
"11621963","决战第三屏","移动互联网时代的商业与营销新规则","恰克•马丁(Chuck Martin)","唐兴通、张延臣、郑常青","电子工业出版社","2012-8-1","59.00元","6.4"
"3413774","销售的五大金科玉律","","珀西·怀廷","","詹丽茹","2009-1","32.00元","7.4"
"1870648","硬球战略","强势竞争,王者之道","(美)乔治·斯托克、罗伯特·拉舍诺","文跃然、周禹","商务印书馆","2006-8-1","35.00元","7.1"
"26265405","消费者行为心理学","","张易轩","","中国商业出版社","2014-12-1","32.00","6.9"
"1049210","促销","","(英)朱利安・柯明斯","陈然","北京大学出版社","2004-01","60.00","7.6"
"2140945","2.0时代的赢利模式","从过剩经济到丰饶经济","高建华","","京华出版社","2007年7月","38.00元","7.8"
"3269821","抓住大客户 把大象装进口袋","把大象装进口袋","史蒂夫·卡普兰","","机械工业","2009-1","32.00元","7.4"
"20388036","世界最赚钱零售店的经营课","","大久保恒夫","张哲","浙江人民出版社","2012-11","36.90元","7.0"
"1430848","医药营销","医药营销·医药代表实务","上官万平","","上海交通大学","2002-3","88.00元","7.5"
"1706119","医药代表","","前后不见","","湖南文艺出版社","2006-1","18.00元","6.5"
"6048943","市场营销学","","'前后不见'","''","'湖南文艺出版社'","'2006-1'","'18.00元'","7.5"
"5919492","销售一定要懂的心理学","金牌销售必知的100个心理营销策略","文义明、阎颖然","","中国经济出版社","2011-1-1","32.00元","6.8"
"26394517","微店这样玩就赚了！开店运营＋营销推广+成功案例","","徐茜","","人民邮电出版社","2015-2-1","45.00元","7.3"
"26371123","精益创业方法论","新创企业的成长模式","龚焱","","机械工业出版社","2015-3","69.00元","7.6"
"25910547","隐藏的价值","发掘利润增长的新途径","斯图尔特·杰克逊 (Stuart E.Jackson)","","中信出版社","2014-5-1","CNY 42.00","7.5"
"25771490","精准营销方法与案例","大数据时代的商业分析","GertrudeH.N.Laursen","漆晨曦、林清怡","人民邮电出版社","2013-7","45","7.4"
"1766060","Ogilvy on Advertising","on Advertising","David Ogilvy","","Vintage","1985-03-12","USD 24.95","8.5"
"3631074","沧海一声笑：黃霑文集","開心半世紀","'David Ogilvy'","''","'Vintage'","'1985-03-12'","'USD 24.95'","7.2"
"25885203","社会化媒体度量","","（美）Nichole Kelly","巨星","机械工业出版社","2014-5","59.00","7.2"
"10550565","不做总统就做广告人","现代广告之父”拉斯克尔和他创造的广告世纪","阿瑟.舒尔茨、杰弗里.库鲁圣","王晓鹂","中信出版社","2012-4-6","58.00元","7.5"
"11614301","电商运营","","淘宝大学","","电子工业出版社","2012-9","45.00元","6.8"
"2154729","摆谱","","余不讳","","中国青年出版社","2007-7","32.00元","7.3"
"1802768","卖场陈列设计","","韩阳","","中国纺织出版社","2006-3","46.00元","7.4"
"4937104","提问销售法","","托马斯·福瑞斯","侯金刚","万卷","2010-7","45.00元","7.9"
"25871785","折扣","你不知道的打折促销心理秘密","[美] 马克•埃尔伍德（Mark Ellwood）","","苏 西","广东人民出版社","42.00","7.6"
"1798096","The Culture Code","An Ingenious Way to Understand Why People Around the World Live and Buy as They Do","Clotaire Rapaille","","Broadway","2006-06-06","USD 24.95","8.1"
"5360180","说话就是生产力","","孙路弘","","鹭江出版社","2010-11-1","32.00元","8.5"
"26794863","如何打造超级IP","","秦阳、秋叶","","机械工业出版社","2016-5","49.00","7.6"
"25961952","别说你懂微信营销","","上海秉钧网络科技有限公司","","上海交通大学出版社","2014-8-1","55.00元","6.6"
"26662817","褚橙方法","褚橙营销操盘手实战笔记","张小军、熊玥伽","","江苏凤凰科学技术出版社","2015-11-1","39","8.1"
"3845472","Predictably Irrational","The Hidden Forces That Shape Our Decisions","Dan Ariely","","HarperCollins","2009-3","81.00元","8.9"
"2274912","营销女皇董明珠","从普通销售员到格力空调总裁","张廷伟","","中华工商联","2007-7","36.00元","6.3"
"1083866","快感制造","","创意快枪手","","台海出版社","2004-11","19.80元","7.8"
"3300567","零售业100个创意促销方案","","'创意快枪手'","''","'台海出版社'","'2004-11'","'19.80元'","6.2"
"25872767","听故事，学PPT设计（全彩）","","杨雪","","电子工业出版社","2014-4","49.00元","7.9"
"25971733","自律型创业","24步教你打造成功的初创企业","比尔·奥莱特、Bill Aulet","新华都商学院","机械工业出版社","2014-9","69.00","8.5"
"3351242","龙卷风暴","","杰弗里·摩尔","","钱睿","2009-1","32.00元","6.9"
"2338541","营销量化指标","","保罗·W·法里斯","","中国人民大学出版社","2007-11","59.00元","7.6"
"6426360","广告大师的告诫","","（美）鲍勃·加菲尔德（Bob Garfield）","闾佳","机械工业","2011-6","36.00元","7.8"
"3248511","市场调研","","帕拉苏曼","王佳芥、应斌","中国市场出版社","2009-1","65.00元","7.0"
"10432704","数据化营销","","淘宝大学","","电子工业出版社","2012-1","68.00元","6.8"
"20392277","改变地产策划人命运的23堂课","从策划师到策划总监的蜕变","王涛","","清华大学出版社","2012-11-1","45.00元","6.8"
"20265900","独孤求Buy","顶尖销售的成长和战斗笔记","'王涛'","''","'清华大学出版社'","'2012-11-1'","'45.00元'","7.7"
"1224800","市场细分与定位","","(美国)詹姆斯·H·迈尔斯著","王祎、燕清","电子工业出版社","2005-01-01","29.00","7.3"
"4841498","游击营销","Guerrilia Marketing","杰伊•康拉德•莱文森","应斌、王佳芥、韩啸 译","格致出版社","2010年","38.00元","7.5"
"1112031","金字塔思维","","刘潼福","","上海科学普及出版社","2002-9","20.00元","7.5"
"26394513","LBS客户定位与精准营销：大数据时代的O2O核心应用","","张国文","","人民邮电出版社","2015-5-1","48.00元","6.9"
"21800885","渠道管理的第一本书","","（美）琳达 .哥乔斯、爱德华 .马里恩、查克 .韦斯特","徐礼德、侯金刚","机械工业出版社","2013-3","39.00元","7.3"
"3312639","匿名的香蕉为什么不热销","PERSONALITY NOT INCLUDED","(美)罗希特.巴尔加瓦","贺颖彦","中国人民大学出版社","2008","36.00元","7.4"
"1755278","Purple Cow","Transform Your Business by Being Remarkable","Seth Godin","","Gardners Books","2004-12-31","USD 14.45","7.6"
"2245313","权力、影响与说服","","哈佛商学院出版公司","","商务","2007-8","35.00元","7.9"
"4100372","引爆趋势","","亨利克·维加尔德","","中信出版社","2010-1","28.00元","6.5"
"26271321","卖体验","全员创造消费者愉悦 带来惊人业绩的法则","［美］杰克· 米切尔（ Jack Mitchell）","张若涵","四川人民出版社","2015-1","35.00元","7.1"
"1083781","从核心扩张","","Chris Zook","Tsung","中信出版社","2004-10","25.00元","7.5"
"2051004","创新的10个面孔","打造企业创新力的十种人","汤姆·凯利","刘金海","专利文献出版社","2007-4","29.80元","8.2"
"6889439","营销十法",":社交网络时代成功企业怎样推广品牌","马西森","傅尔也","人民邮电","2011-10","45.00元","7.0"
"4827221","跨界战","","'马西森'","'傅尔也'","'人民邮电'","'2011-10'","'45.00元'","7.6"
"26713258","感染力——互联网+时代病毒营销策划的55个实操秘诀","","姚群峰 著","","电子工业出版社","2016-2","69.00元","7.5"
"26330959","超预期","小米的产品设计及营销方法","陈润","","中国华侨出版社","2015-2-1","CNY 36.00","5.8"
"3841715","广告攻心战略-品牌定位","","艾﹒里斯、唐忠朴、刘毅志","唐忠朴、刘毅志","中国友谊出版公司","1991","8.8","7.6"
"6798415","显而易见","","（美）杰克·特劳特（Jack Trout）","谢伟山、谈云海、陈逸伦","机械工业出版社","2011-9","38.00元","7.6"
"26647326","疯评","在互联网+时代，如何让你的产品和服务站上风口","[美]比尔•唐瑟尔（Bill Tancer）","张淼、陈书、冯明珠","新世界出版社","2015-12-1","38.00元","7.8"
"1662580","销售行为学","","绳鹏","","中国社会科学出版社","2005-1","50.00元","8.3"
"1039007","市场营销导论","","菲利普・科特勒","俞利军","华夏出版社","2001-1","25.00","8.5"
"26383733","颠覆式创新：移动互联网时代的生存法则","","'菲利普・科特勒'","'俞利军'","'华夏出版社'","'2001-1'","'25.00'","7.8"
"1043322","拉斯克尔的广告历程","","[美]  阿尔伯特·拉斯克尔","焦向军、韩骏","新华出版社","1998-1","13.80元","8.1"
"26354179","我知道你是谁·我知道你做过什么","隐私在社交网络时代的死亡","洛丽·安德鲁斯","李贵莲","中国友谊出版公司","2015-4-1","CNY 49.00","6.5"
"1142846","生产消费者力量","","比尔·奎恩","赖伟雄","四川大学出版社","2004-11","11.00元","6.9"
"25727425","微博控 控微博","","萧秋水、秋叶语录、社会网络与数据挖掘","","人民邮电出版社","2013-9-1","CNY 49.00","7.3"
"1060535","营销管理分析、计划、执行与控制（第九版）","","（美）科特勒","","清华大学出版社","1997-03","58.00","7.6"
"1053924","怎样创作广告","","汤姆.狄龙(美)、等","刘毅志","中国友谊出版公司","1991-12","8.00","8.2"
"3545155","电影票房营销","","夏卫国","","中国电影出版社","2009-1","48.00元","7.9"
"1105891","想大才能做大","","大卫・舒尔茨、马克・费舍尔","","海峡文艺出版社","2003-4","22.80元","8.3"
"26333983","全民营销","如何用互联网思维做好口碑传播","陈亮途","","中信出版社","2015-3-1","40","7.0"
"2028086","淘宝网","淘宝战胜eBay的传奇故事","沈威风","","浙江人民出版社","2007-3","29.00元","7.0"
"3797109","电影院的爆米花为什么卖得贵","","'沈威风'","''","'浙江人民出版社'","'2007-3'","'29.00元'","5.8"
"1836365","服装旺店的秘密","领导力-北大商业评论-NO.6VOL.232006/06","服装探秘","","北京大学出版社","2010-5-1","32.00元","7.2"
"3288151","文化密码","","克洛泰尔·拉帕耶（美）","陈亦楠、李晨","南海出版社","2008-10-1","25.00元","7.6"
"3185301","导购这样说才对","","'克洛泰尔·拉帕耶（美）'","'陈亦楠、李晨'","'南海出版社'","'2008-10-1'","'25.00元'","6.5"
"26374643","Digital Marketing颠覆你的营销想象——金鼠标•数字营销大赛经典案例100集锦（全彩）","","陈刚、方立军","","电子工业出版社","2015-4","99.00元","6.8"
"1877883","当购买成为习惯","让顾客离不开你的N个理由","(美)乔·卡洛威","霍黎敏","北京师范大学出版社","2006-07-01","32.00元","7.2"
"1998104","博客营销","","（美）莱特 著","洪慧芳 译","中国财政经济出版社","2007-1-1","39.80元","6.6"
"25811287","《淘宝大数据》","（用数字告诉你网店经营的秘密，大数据时代的分析报告帮你制定最佳的","《卖家》","","中国友谊出版公司","2014-1-1","39","7.5"
"4926117","奥美的观点6","","奥美公司","","中信出版社","2010-8","50.00元","7.2"
"23780391","畅销书营销浅规则","成就畅销书的100个营销细则","李鲆","","世界图书出版公司","2013-6","32.80元","7.7"
"5291820","我是这样从销售失败走向销售成功的","","弗兰克·贝特格","游文婷","万卷","2010-8","39.80元","7.7"
"2062287","营销战略与竞争定位","","格雷姆","楼尊","中国人民大学出版社","2007-4","49.00元","7.4"
"4720570","电子商务","","'格雷姆'","'楼尊'","'中国人民大学出版社'","'2007-4'","'49.00元'","7.6"
"1390644","消费者王朝","与顾客共创价值","C.K.普拉哈拉德、文卡特・拉马斯瓦米、王永贵","王永贵","机械工业出版社","2005-6","35.00元","6.6"
"5954596","情感化的品牌","揭开品牌推广的秘密","[美]Mark Gobe马格·戈拜","王毅 王梦译","上海人民美术出版社","2011-1-1","48.00元","7.2"
"1433764","鼠标宣言","群体筛选的营销力","约翰·里德尔","倪萍、梅清豪","上海人民","2005-08-01","25.00","7.5"
"19967694","增长力","如何打造世界顶级品牌","（美）吉姆•斯登格","","王幸、谭北平","2012-10","49.00元","7.8"
"3515452","100个伟大的销售理念","来自世界500强的全新案例","帕特里克·弗塞斯","","张荣","2009-1","35.00元","7.0"
"10456111","从零开始做AE","广告客户代表职业手册","魏海涛","","中信出版社","2012-1","45.00元","7.7"
"26805266","超级IP","互联网新物种方法论","吴声","","中信出版集团","2016-7","49.00元","6.8"
"1671356","奥林匹克大逆转","","麦克尔·佩恩","郭先春","学林出版","2005-7","48.00元","8.3"
"1119677","营销人的自我营销","","汪中求","","新华出版社","2003-7-1","25.00元","7.2"
"6810151","网络营销3.0","Google、社会化媒体和博客引爆的集客式营销","'汪中求'","''","'新华出版社'","'2003-7-1'","'25.00元'","6.9"
"26713384","广告的超越","中国4A十年蓝皮书","丁俊杰、陈刚","","中信出版社","2016-1-1","CNY 48.00","7.3"
"26708441","广告人手记","","叶茂中","","北京联合出版公司","2016-1","88元","7.1"
"10570589","没人买时如何卖","销售大师最值钱的12堂培训课","汤姆?霍普金斯（Tom Hopkins）","苏西","中信出版社","2012-5","29.00元","6.9"
"2184892","消费者行为学","","[美]德尔I.霍金斯","符国群","机械工业出版社","2007-7","78.00元","7.8"
"26370866","APP营销实战","抢占移动互联网第一入口","胡保坤","","人民邮电出版社","2015-1-1","CNY 49.00","8.5"
"3027500","Luxury Brand Management","A World of Privilege","Michel Chevalier、Gerald Mazzalovo","","Wiley","2008-03-31","USD 49.95","8.4"
"25734541","顾客为什么“粉”你","驱动顾客极度狂热的5个策略","珍妮·布利斯（美）","杨洋","当代世界出版社","2013-9-15","28","7.8"
"26036279","沃顿商学院品牌课","凭借品牌影响力获得长期增长","【美】芭芭拉 卡恩","崔明香、王宇杰","中国青年出版社","2014-9-1","33","6.5"
"1442997","炒作致胜","","魏剑美","","湖南人民出版社","2005-1","21.00元","7.3"
"4238755","与鲨鱼一起游泳","","哈维·麦凯","乔江涛","中信出版社","2010-1","25.00元","7.1"
"26677547","微信公众营销","赚钱技巧+人气打造＋运营方案+成功案例","谭贤","","人民邮电出版社","2015-11","45.00元","8.4"
"26361727","采购与供应链管理：一个实践者的角度（第2版）","","刘宝红","","机械工业出版社","2015-3-1","59.00元","8.6"
"1057518","卓越公关人","","吴锦屏","","上海人民出版社","2004-10","17.00","7.2"
"4150285","买单","","罗布·沃克","尹莉莉","中信出版社","2009-11","29.00元","6.7"
"1052642","紫牛","","赛斯・高汀","施诺","中信出版社","2004-05","20.00元","6.9"
"2014615","酒吧与咖啡馆经营全攻略","","樊丽丽编","","中国经济出版社","2007-1","26.00元","7.2"
"3656599","年入10万，17岁草根少年的网赚实战","","陶秋丰","","重庆出版集团","2009-3","28.00元","7.0"
"1136648","很久很久以前","以神话原型打造深植人心的品牌","玛格丽特・马克、卡罗・S・皮尔森","许晋福、戴至中、袁世珮","汕头大学出版社","2003-9-1","38.00","8.9"
"1791545","推销之神原一平","控制日本的十大财阀","原一平","胡栋梁、胡艳红","中国经济出版社","1992年2月第1版","16.60元","7.7"
"1024442","销售管理","","拉尔夫.W.杰克逊","","中国人民大学出版社","2001-05","46.00","7.3"
"3987980","从9亿到179亿像百丽那样疯狂成长","","陈伟文","","浙江人民","2009-8","29.80元","7.1"
"3816828","定价定天下","","[美] Joseph Jaffe","张玳","人民邮电出版社","2016-7","59.00元","7.7"
"1843185","远见","用变革理论预见产业未来","（美）克里斯滕森，安东尼，罗恩  著，王强  译","王强","商务印书馆发行部","2012-9","56.00元","8.5"
"2359262","广告人告白","","黄霑","","明窗出版社","2004-12","HK$54","7.5"
"1213751","市场营销原理(第9版)","","菲利普·科特勒","王霞、赵平","清华大学出版社","2003-3-1","75.0","8.2"
"26279882","慢生活，快生意","茵曼创始人率团队揭秘：如何在一天内把生意做过亿","'菲利普·科特勒'","'王霞、赵平'","'清华大学出版社'","'2003-3-1'","'75.0'","7.0"
"2013757","电子商务管理视角","","King","严建援","机械工业出版社","2007-3","68.00元","7.9"
"10464597","30天赢在社交媒体","充分利用你所知道的一切网络社交媒体，在30天之内赢得全世界！","［美］盖尔•Z.•马丁","邹涛","江苏人民出版社","2011-12","28.00元","6.8"
"1039876","奥美的观点(2)","","宋秩铭 庄淑芬","","企业管理出版社","2000-10","36.00","7.4"
"1062692","公关之父伯奈斯","","赖瑞・泰伊","彭淮栋","海南出版社","2003-6-1","25.00","7.7"
"1531689","不同于奥美的观点","","耿一诚、张婷","","广州出版社","2002-9","28","7.0"
"1066407","99分的记者会","99分的记者会","吴锦屏","","上海人民出版社","2004-11","18.00元","7.4"
"24535044","网络营销决胜武器","—软文营销实战方法、案例、问题","徐茂权","","电子工业出版社","2013-6","49.00元","6.3"
"1128768","定价策略与技巧","赢利性决策指南第3版","内格尔","","清华大学出版社","2003-8","33.00元","7.6"
"10468092","动能","今日广告传播所需之力量","'内格尔'","''","'清华大学出版社'","'2003-8'","'33.00元'","8.0"
"4946046","聚合营销","","曹芳华","","人民邮电出版社","2010-9-1","35.00元","8.1"
"3577896","银行客户经理25堂课","","陈立金","","中国经济","1970-1","38.00元","7.1"
"1064920","凯洛格论市场营销","","[美]道恩.亚科布齐","李雪","海南出版社","2003-06","49.80","7.7"
"1082303","创意就是权力","","叶茂中营销策划机构","","机械工业出版社","2003-06-10","98.00元","7.9"
"19996138","符号学基础","","约翰·迪利","","张祖建","2012-9","59.00元","7.7"
"26747848","营销：人人都需要的一门课（精装）","全国颇受欢迎的营销慕课，超过4万人亲身体验，清华营销专家10年心血之","郑毓煌","","机械工业出版社","2016-3-18","49.00","6.8"
"26116524","口碑的力量","沃顿商学院最受欢迎的营销课","［美］安迪·赛诺维兹","陆小斌","台海出版社","2014-9-1","39.8","7.0"
"6806503","22岁大学生赚了一个亿","","[日]原田翔太","毛成真","中国人民大学出版社","2011-9-15","29.80元","6.9"
"6430321","影响力","口碑实战版","约翰•詹斯奇","毕香玲","工商联","2011-7","36.00元","7.3"
"21329707","顶尖营销核心利器","一用就见效的69个销售及推广实战工具","盛斌子","","中华工商联合出版社","2013-3-1","39.80元","7.7"
"1218283","原一平给推销员的十一个忠告","","原一平、李津、李津","李津","同心出版社","2004-6-1","20.00元","7.7"
"1780602","Kellogg on Branding","The Marketing Faculty of The Kellogg School of Management","Tybout, Alice M. (EDT)","Calkins, Tim (EDT)","Wiley","2005-9","USD 35.00","8.0"
"26324467","以图代言","用漫画讲述产品故事","Kevin Cheng","江业华、七印部落","华中科技大学出版社","2015-3-25","46.00","7.6"
"1802695","会员制营销","","肖建中","","北京大学","2006-5","36.00元","6.2"
"25761474","三星帝国","","于文心","","现代出版社","2014-1-1","43","7.0"
"1819165","销售与市场","","'于文心'","''","'现代出版社'","'2014-1-1'","'43'","8.2"
"3064786","绝对成交","","杜云生","","南方日报出版社","2008-4","38.00元","7.2"
"26698357","故事场景摩天楼","不再制造营销,开始创造体验的世界","加斯顿·莱戈布鲁 (Gaston Legorburu)、达伦·麦科尔 (Darren McColl)","师蓉","中国人民大学出版社","2015-11-1","CNY 49.00","6.6"
"3757030","如何快速创建品牌立体竞争力","","杨石头","","中信出版社","2009","380","7.5"
"2023654","品类","","唐十三","","企业管理","2007-1","55.00元","7.7"
"2986518","便利店之王","","张力","","中国经济出版社","2008-1","30.00元","6.6"
"25802439","电商视觉营销（全彩）","","网商动力研究院、朱华杰、苏然、刘雨晴","","电子工业出版社","2014-1","59.00元","6.7"
"1044263","成功广告80例","","颜伯勤","","中国友谊出版公司","1991-12","8.90元","7.5"
"26393727","女孩老板","我的互联网创业小时代","[美]索菲亚·阿莫鲁索","王宝泉","化学工业出版社","2015-6-10","38.00","7.0"
"5328052","圈子圈套1","","王强","","清华大学出版社","2010-10-1","28.00元","8.1"
"1939410","凯洛格品牌论","西北大学凯洛格商学院品牌研究专著","秦伯特","","人民邮电","2006-11","48.0","7.6"
"25901583","子道说：电商不难（双色）","","子道","","296","2014-5-9","55.00元","7.1"
"1051580","奥美的观点Ⅲ","","奥美公司","","中国物价出版社","2003-10","36.00","7.3"
"1920529","商业模式","企业竞争的最高形态","李振勇","","新华出版社","2006-10","29.80元","7.1"
"1085723","危机管理","","'李振勇'","''","'新华出版社'","'2006-10'","'29.80元'","7.9"
"25693097","品牌传播战略","数字时代的整合传播计划","杨东念","梁雨晨","科学出版社","2013-6-1","42.00","7.2"
"26701758","鲨鱼经济学","","斯蒂芬•安吉瑟斯","史星","中信出版社","2016-1-15","45.00","5.9"
"1843298","向富裕阶层销售","","马特·欧斯里","吕育文","中国人民大学出版社","2006-6","32.00元","6.8"
"1435838","全球品牌大战略","","施振荣","","中信出版社","2005-9","24.00元","8.1"
"1083442","颠覆广告","推翻陈规·占领市场的广告营销创意）","让－马贺·杜瑞","","中国财政经济出版社","2002-11","40.00元","7.3"
"1316014","广告创意法则","22位超凡广告人解析成功广告奥秘","(澳)迈克尔·纽曼|译者","","电子工业出版社","2005-5","28.00元","6.9"
"5914587","启示录","打造用户喜爱的产品","[美] Marty Cagan","七印部落","华中科技大学出版社","2011-5","36.00元","8.5"
"5323429","网络整合营销的道与术","","童佟、蔡京通、奉姝","","机械工业出版社","2010年11月","36.00元","7.4"
"1795625","微利时代的成长","","（美）斯莱沃斯基  著，孙燕军  译","","北京师大","2006-5","32.00元","7.4"
"3834126","忽悠外传","嬉笑怒骂谈营销的真相","余不讳","","中央广播电视大学出版社","2009-7","28.80元","8.2"
"1431667","Inside the Tornado","Strategies for Developing, Leveraging, and Surviving Hypergrowth Markets","Geoffrey A. Moore","","HarperBusiness","2004-12","125.00元","8.2"
"3771571","SEO智慧","","欧朝晖 著","","电子工业出版社","2009年5月出版","59.00元","7.1"
"6885711","蜻蜓效应","运用社会化媒体的制胜秘诀","'欧朝晖 著'","''","'电子工业出版社'","'2009年5月出版'","'59.00元'","7.0"
"20385987","正营销","获取竞争优势的新方法","''欧朝晖 著''","''''","''电子工业出版社''","''2009年5月出版''","''59.00元''","7.6"
"2020486","把冰卖给爱斯基摩人","如何推销滞销商品","请买家自查","阿强","江苏人民出版社","1900-1","12.00元","7.1"
"6127715","购买的真相","","丹·希尔","尹鸿雁","当代中国","2011-4","29.80元","6.6"
"5062967","向宝洁学什么","","王磊","","机械工业","2010-8","36.00元","6.6"
"26612236","自品牌","个人如何玩转移动互联网时代","陈为、孙郁婷","","机械工业出版社","2015-9-7","39","6.3"
"10451868","事件营销","引爆流行的行销艺术","李光斗","","清华大学出版社","2012-1","46.00元","6.7"
"1271714","市场营销研究应用导向(第3版)","","(美)马尔霍特拉","涂平","电子工业出版社","2002-10-01","63.00元","7.7"
"10570590","我把一切告诉你2","","万里依然","","中信出版社","2012-5-1","35.00元","7.9"
"6879921","新切割营销","将对手逼向一侧，营销是切割之争","路长全","","机械工业出版社","2011-11","42.00元","7.1"
"3076593","商业银行对公授信培训","","'路长全'","''","'机械工业出版社'","'2011-11'","'42.00元'","8.0"
"3063110","让顾客主动来敲门","","[美]斯宾塞·约翰逊","","南海出版公司","2008-4-1","20.00元","7.0"
"25881118","大数据营销","如何让营销更具吸引力","【美】丽莎•亚瑟（Lisa Arthur）","","姜欣 任东英 温天宁 余勇","中信出版社","2014-5-5","6.5"
"26576507","新媒体十讲","","范卫锋","","中信出版社","2015-8","38.00元","7.0"
"1156631","情感品牌","","马克・戈贝","向桢","海南出版社,三环出版社","2004-2-1","45.00元","7.1"
"26822490","我们在为什么样的广告买单","","[英]罗伯特·希思","","任永欣、郑昊沫","世界图书出版公司","2016-7","8.9"
"21771757","玩转微信实用攻略","史上第一本微信营销实战指南","赵黎","","石油工业出版社","2013-5-1","28.00元","5.1"
"7065290","我把一切告诉你1","","万里依然","","中信出版社","2012-1-1","29.00元","7.4"
"4926710","写给大家看的搜索引擎营销书","","Heather Lutze","魏勇鹏","人民邮电出版社","201008","39.00元","7.5"
"6990284","布道之道","引领团队拥抱技术创新","瑞恩","李松峰、李缨","人民邮电出版社","2012-1","29.00元","7.5"
"21348579","社会化媒体时代的口碑营销","苹果iphone||亚马逊Kindle在互联网时代风靡全球的营销秘密","亚历克斯·戈德费恩","","企业管理出版社","2013-5","45.00元","6.9"
"3416947","渠道为王","","'亚历克斯·戈德费恩'","''","'企业管理出版社'","'2013-5'","'45.00元'","6.8"
"1082385","喷嚏营销","","塞恩·戈丁","赵恒","中信出版社","2003-8","18.00元","7.6"
"25957381","做单（全新版）","前IBM金牌销售真实讲述成长与成交","胡震生","","时代文艺出版社","2014-9-1","39.80元","7.4"
"1429189","视觉语言设计：职业传播者策略","新闻与传播学译丛・国外经典教材系列","查尔斯·科斯特尼克","","中国人民大学出版社","2005-6","39.80元","8.2"
"10523999","字里行间的商业秘密","软文营销","严刚","","清华大学出版社","2012-1-1","26.00元","6.6"
"26253775","超级询问术","如何通过交谈获得你想要的任何信息","[美]吉米•派欧、[美]玛丽安•卡琳奇","蓝小修","武汉大学出版社","2015-1","36.00","7.0"
"10582493","目标Ⅱ","绝不是靠运气","艾利•高德拉特(Eliyahu Goldratt)","","电子工业出版社","2012-4-1","45.00元","8.1"
"1843299","向关键决策者销售","","帕里内罗","","中国人民大学","2006-6","32.00元","7.2"
"1831356","营销论语","","李传屏","","中国市场出版社","2006-6","38.00元","7.5"
"1223588","利润倍增","","鲍勃·菲费尔","孟八一","世界图书出版社","2003-3-1","20.00元","7.6"
"3558388","卖什么也别卖东西","门店销售业绩倍增秘诀","王建四","","化学工业","2009-3","33.00元","6.8"
"6750507","得女人者得天下Ⅰ","","尚道女性营销","","中信","2011-8","35.00元","6.9"
"25812149","微信营销360度指南","","谭运猛、袁俊、朱坤","","机械工业出版社","2014-1","49.00 元","6.1"
"1954899","零售学","","[美]帕特里克·M","","中信","2006-10","59.00元","7.3"
"5262455","叶茂中的吃功夫","7万亿的诱惑","'[美]帕特里克·M'","''","'中信'","'2006-10'","'59.00元'","7.4"
"1396460","购买的真相","","丹·希尔","","当代中国出版社","2005-4","26.00元","6.7"
"6901449","房地产开发营销策划","房地产开发营销策划","丁祖昱","","中国经济","2011-10","58.00元","7.7"
"3684969","声浪传播","破解品牌密码","李泊霆、段淳林","","南方日报出版社","2009-5","32.00元","7.0"
"4018957","活动创造价值","活动运营实操手册","王伟、浮石","","湖南科学技术出版社","2009-9","35.00元","7.3"
"1518066","杰克·特劳特营销定位","","罗伯杰","","中华工商联合出版社","2006-1","20.00元","6.9"
"7564100","顾客都是不理性的","","威廉姆·J·卡西克","雷玮","经济科学出版社","2012-2","38.00元","7.1"
"1105289","销售的第一修炼","","(美)史蒂芬﹒谢夫曼","","电子工业出版社","2003-3","18.00元","7.3"
"1026422","选择与预测","如何精确预测消费行为","（美）马德","邹吉春","上海远东出版社","2001-08","58.00","7.6"
"1013945","销售人力资源管理","","[美]赫伯.戈瑞伯特等","","企业管理出版","2002-08","27.80","7.0"
"3210269","营销策划创意与案例解读","","杨明刚","","上海人民出版社","2008","50.00元","6.8"
"3103073","做口碑","","安迪·塞诺威兹","林祝君、李东海、冯学东 审校","机械工业出版社·华章","2008-6","29.00元","7.1"
"1391799","大败笔","34个最新的营销失败案例分析","潦寒","","江西人民","2005-5","28.00元","7.6"
"24395466","畅销的秘密","非理性的神奇力量","哈利•贝克威斯（Harry Beckwith）","王冬佳","南方出版社","2013-3-1","38.00元","7.3"
"4175653","用谷歌关键词广告赚大钱","《the AdSense Code》全新第四版","（美）乔.科姆 著","毛心宇 译、曹耀群 编译","辽宁科学技术出版社","2010-1","20.00元","7.1"
"26453055","一本书读懂互联网营销推广","","康路晨","","民主与建设出版社","2015-4-1","39.80元","5.9"
"20473413","黏住顾客","foursquare如何打造忠实客户群","卡迈恩·加洛","陈丽芳","中信出版社","2013-1","45.00元","6.5"
"25872454","每天都做好创造概念的准备","每天都做好创造概念的准备","高桥宣行","","刘谨毓、姜柏如","2014-4-1","32.00","6.8"
"26414497","掘金","互联网+时代创业黄金指南","腾讯科技频道","","机械工业出版社","2015-5","39","5.8"
"3267944","《秘密》的秘密","大获成功的畅销书解密","（美）凯伦·凯利","江唐","中国长安出版社","2008-10","26.80","7.4"
"1944674","营销渠道","","伯特·罗森布洛姆","宋华","中国人民大学出版社","2006-10","70.00元","7.4"
"6720538","时尚行业生存手册","时尚行业生存手册","瘦马","","中信出版社","2011-7-1","58.00元","6.6"
"3726663","心理学的诡计2","","'瘦马'","''","'中信出版社'","'2011-7-1'","'58.00元'","7.0"
"3611980","赢在路上","中国第一本从招聘与求职双重视角解构职场的书","王雩","","天津教育出版社","2009-3","32.00元","7.8"
"20255486","8小时学会市场营销","写给繁忙经理人和初学者的营销实用指南","加里•海因斯 (Garry Hynes)、罗南•莫里斯 (Ronan Morris)","","企业管理出版社","2013-1-1","29.50元","6.9"
"10827067","做零售就该这样分析","零售业绩倍增的秘密武器","'加里•海因斯 (Garry Hynes)、罗南•莫里斯 (Ronan Morris)'","''","'企业管理出版社'","'2013-1-1'","'29.50元'","6.4"
"7067096","品牌帝国","宝洁中国商战传奇","~ 艾铁成 (作者), 李波 (作者), 秦力洪 (作者), 许浩 (作者)","","中国经济","2012-1","39.50元","7.3"
"3254100","图解科特勒营销管理","","(日)宫崎 哲也","苏盟淑","中国人民大学出版社","2008-10","25.00元","7.1"
"24758496","二维码营销","智能手机引领的创新革命","张育绮","","中信出版股份有限公司","2013-6-17","39.00元","5.9"
"25966251","“微”机四伏——微博与微信营销实战兵法","","晏涛、林大亮","","电子工业出版社","2014-8","49.00元","6.7"
"24840527","无微不至：5分钟玩转微信营销","","崔学良","","国际文化出版公司","2013-6-1","28.00","5.8"
"24738300","数据挖掘与数据化运营实战","思路、方法、技巧与应用","卢辉","","机械工业出版社","2013-6","59.00元","7.6"
"1802735","中国移动通信营销案例精选","","中国移动通信营销案例编写组","","人民邮电","2006-4","18.00元","7.0"
"4854156","销售管理","","'中国移动通信营销案例编写组'","''","'人民邮电'","'2006-4'","'18.00元'","7.7"
"4025064","电子邮件营销密码","每天一小时E-mail营销轻松掌握","[美] Jeanniey Mullen、David Daniesl","薛剑韬","人民邮电出版社","2009-9","39.00元","7.3"
"11516282","顾客凭什么购买","让产品自动畅销的7Q营销方案","刘进、李文义","","清华大学出版社","2012-8-1","28.00元","7.3"
"24858412","破晓","以弱胜强之道","谢雨钢","","清华大学出版社","2013-7-1","48.80","5.3"
"6811664","粘性营销","新时代的营销圣经","Grant Leboff","派力","中国商业","2012-1","35.00元","7.3"
"1409405","经销商管理（上下）","动作分解培训","魏庆","","北京大学出版社","2005-7","68.00元","8.1"
"25909355","数据化管理：洞悉零售及电子商务运营","","黄成明 （@数据化管理）","","电子工业出版社","2014-7","59.90元","8.3"
"4150226","Crush It!","Why NOW Is the Time to Cash In on Your Passion","Gary Vaynerchuk","","Harper Studio","2009-10-01","USD 21.99","6.9"
"10600982","苹果应用开发与营销","苹果应用开发与营销","[美]DaveWooldridge、[美]MichaelSchneider","赵 俐","人民邮电出版社","2012-5","79.00元","8.0"
"2039176","企业巫医","对当代管理大师与思想最权威的评述","（美）米可斯维特，（美）伍尔德里奇　著，汪仲　译","汪仲","华夏出版社","2007-1","35.00元","8.5"
"1248680","儿子兵法","","李经康","","汕头大学出版","2003-8-1","48.00元","7.9"
"5269231","广告创意与表现-方法与案例解析","方法与案例解析","尹小龙","","山东文艺出版社","2010","25","8.9"
"5419776","ZARA","","恩里克·巴迪亚","","浙江人民","2010-12","32.00元","5.9"
"26438742","决策的12个工具","","'恩里克·巴迪亚'","''","'浙江人民'","'2010-12'","'32.00元'","7.5"
"2943820","重新认识定位","","侯惪夫","","人民大学","2007-12","49.00元","7.0"
"20255375","深度分销","营销实战经典。市场竞争激烈的当下，对于渠道的精耕细作，是企业立于","范云峰","","中华工商联合出版社","2012-12","39.80元","7.4"
"1083784","小鱼吃大鱼","战胜一线品牌的八大法则","亚当·摩根","刘元琪","中国财政经济出版社","2004-10","45.00元","7.6"
"25849257","新定位","定位战略的新进展","杰克•特劳特、史蒂夫•里夫金","马琳、施轶","中国人民大学出版社","2014-4-15","49.90","6.8"
"10574180","隐藏的维度","詹姆斯.W.凯瑞仪式传播思想研究","[美] 奥格雷迪 (O’Grady,J.V.) , [美]奥格雷迪 (O’Grady,K.V.)","张昭","华中科技大学出版社","2015-8","49.80元","7.3"
"4143286","成交","唐骏、付遥联袂推荐，《做单》之后看《成交》","方莹","","万卷出版公司","2009-11","26.80元","6.5"
"4842336","行动管理法","给客服和营销的管理者","许乃威","","华艺出版社","2008-7","38.00元","8.3"
"6712290","迪士尼的魔法","迪士尼4大制胜秘诀","[美] 比尔•卡波达戈利（Bill Capodagli）、[美]林恩•杰克逊（Lynn Jackson）","任小红","中国人民大学出版社","2011-6","49.80元","6.9"
"26384977","移动互联营销","从4P时代到4D时代","'[美] 比尔•卡波达戈利（Bill Capodagli）、[美]林恩•杰克逊（Lynn Jackson）'","'任小红'","'中国人民大学出版社'","'2011-6'","'49.80元'","7.2"
"26285825","服务的细节019:大数据时代的社区小店","","山口勉","","尹娜","东方出版社","2014-10-1","7.6"
"5355287","颠覆","社会化媒体改变世界","Erik Qualman","刘吉熙","人民邮电出版社","20101120","35.00元","6.9"
"25834444","“马”道微信——全面拆解微信营销模式（双色）","","马佳彬","","电子工业出版社","2014-2","39.00元","6.6"
"1159669","口碑","营销效果无限放大的秘密","乔治・西尔弗曼","关世杰、王金萍、尹苹","电子工业出版社","2004-5-1","26.00","7.3"
"3245111","奥美的观点5","","奥美公司","","中国市场出版社","2008","66.00元","7.1"
"3800891","中国式营销","最适合中国企业的方法与案例","刘春雄、金焕民","","企业管理出版社","2009-6","65.00元","7.3"
"1145276","新战略营销","实现成功的惟一营销体系","史蒂芬・E.黑曼、黛安・桑切兹、泰德・图勒加","","中央编译出版社北京","2004-1-1","35.00","7.6"
"4126265","所罗门营销学","","'史蒂芬・E.黑曼、黛安・桑切兹、泰德・图勒加'","''","'中央编译出版社北京'","'2004-1-1'","'35.00'","7.7"
"1047402","定价圣经","","罗伯特・J・多兰、赫尔曼・西蒙","董俊英","中信出版社","2004-5","26.00元","7.1"
"1190079","时尚营销","","奥尔克斯","","中国人民大学出版社","2004-09-30","29.00元","7.1"
"6440917","企业微博管理手册","","杜子建、侯锷","","印刷工业出版社","2011-6-1","29.80元","5.8"
"4894599","真实经济","","'杜子建、侯锷'","''","'印刷工业出版社'","'2011-6-1'","'29.80元'","7.8"
"3631991","行动的召唤","有效提升网络营销力","【美】布莱恩·艾森伯格、杰弗瑞·艾森伯格、丽莎·戴维斯","李晶","中信出版社","2009-4","38.00元","7.3"
"1506374","公共关系","世界传播学经典教材中文版","拉铁摩尔","","北京大学出版社","2006-1","55.00元","7.5"
"1451265","企业的社会责任","","菲利普·科特勒","姜文波","机械工业出版社","2006-1","32.00元","7.5"
"4931704","选择","为什么有人我行我素，有人从善如流？","[英] 斯科特·德·马尔奇、[英] 詹姆斯·T·汉密尔顿","赵恒","中信出版社","2010-11","29.00","6.5"
"25767577","爱生活——鬼脚七自媒体第二季","","鬼脚七","","电子工业出版社","2013-11","67","7.4"
"26612350","微商软文创意手册","","韩曰田","","机械工业出版社","2015-8","49","7.2"
"4846152","从“菜鸟”到销售总监","","路路","","湖南人民","2010-5","28.00元","6.0"
"7015329","影响力（中小企业版）","中小企业低成本推广的20大策略","崔学良、杨光明","","中户工商联合出版社有限责任公司","2012-2-1","29.90元","7.5"
"6913357","微博时代的实时营销与公关","","王吉斌 刁海鹏  陈宝国","","机械工业","2011-11-1","45.00元","6.9"
"6049302","微博营销一本通","","指间柔沙","","人民邮电出版社","2011-4","28.00元","6.1"
"1061064","解决","","路长全","","机械工业出版社","2003-08","28.00元","7.4"
"26686952","声浪传播","互联网+品牌新思维","'路长全'","''","'机械工业出版社'","'2003-08'","'28.00元'","7.4"
